type,air_temperature_k,process_temperature_k,torque_nm,tool_wear_min,log_rotational_speed,temp_diff,power_w,tool_wear_torque
1,302.0,310.9,47.2,54,7.284134806195205,8.899999999999977,7196.676675039404,2548.8
1,297.0,308.3,46.4,132,7.24422751560335,11.300000000000011,6797.736295935547,6124.8
1,301.0,311.6,45.6,137,7.213768308118642,10.600000000000023,6479.974671000451,6247.2
0,298.9,309.8,56.3,84,7.252762418053187,10.900000000000034,8318.864042877189,4729.2
0,297.1,308.5,28.7,50,7.458186157340487,11.399999999999977,5208.45693236203,1435.0
2,298.3,308.9,31.8,8,7.442492722794441,10.599999999999966,5681.130491045638,254.4
1,300.7,311.0,52.3,104,7.142036574706803,10.300000000000011,6917.252952453614,5439.2
2,297.6,309.0,40.2,51,7.254177846456518,11.399999999999977,5948.3543621599865,2050.2000000000003
1,303.9,313.2,40.6,79,7.3833681469923835,9.300000000000011,6836.608269035965,3207.4
2,297.3,308.6,42.0,109,7.266827347520591,11.300000000000011,6293.866722201792,4578.0
0,298.9,310.1,42.5,187,7.2909747781429814,11.200000000000045,6524.564342730401,7947.5
0,297.9,308.6,29.6,116,7.433666540166168,10.700000000000045,5241.600734857403,3433.6000000000004
0,299.2,310.7,36.3,175,7.340186835320115,11.5,5854.04375069922,6352.499999999999
0,298.4,308.4,40.1,179,7.323830566202317,10.0,6361.882203152011,7177.900000000001
1,300.4,309.8,47.2,0,7.259819610363186,9.400000000000034,7023.679639581725,0.0
0,298.7,309.9,33.0,203,7.388946097618437,11.199999999999989,5587.9508529401655,6699.0
0,297.7,308.7,60.4,143,7.1308988302963465,11.0,7900.016438325086,8637.199999999999
0,298.9,310.0,33.8,183,7.355641102974253,11.100000000000023,5535.821358841598,6185.4
0,298.1,308.7,32.9,10,7.358193752733032,10.599999999999966,5402.198951308912,329.0
0,304.1,313.2,50.1,43,7.268920128193722,9.099999999999966,7523.4232549637645,2154.3
0,302.5,311.1,34.2,201,7.360103972989152,8.600000000000023,5626.403947020104,6874.200000000001
2,299.2,308.8,21.3,104,7.554334823725748,9.600000000000023,4255.852735965021,2215.2000000000003
0,299.6,310.2,48.0,9,7.292337176173877,10.599999999999966,7378.972824751707,432.0
2,301.0,312.2,40.3,117,7.306531398939505,11.199999999999989,6283.886929538887,4715.099999999999
0,299.1,310.5,61.4,64,7.237059026124737,11.399999999999977,8930.982427478135,3929.6
0,302.4,310.2,45.1,168,7.20934025660291,7.800000000000011,6380.585151416381,7576.8
0,299.1,310.5,36.6,62,7.334981878871814,11.399999999999977,5871.762333265467,2269.2000000000003
0,300.6,309.6,30.0,147,7.454141078146678,9.0,5422.388920095983,4410.0
0,301.7,311.2,37.9,75,7.371489295214277,9.5,6306.548284546783,2842.5
0,296.8,307.5,54.8,43,7.206377291472252,10.699999999999989,7729.951556010758,2356.4
0,300.7,311.8,47.3,19,7.304515946460155,11.100000000000023,7360.5212038996215,898.6999999999999
0,299.6,311.0,38.3,124,7.266128779556451,11.399999999999977,5735.396268148646,4749.2
0,297.1,308.3,54.1,179,7.247080584585756,11.199999999999989,7948.4702690189515,9683.9
0,300.7,310.6,45.9,146,7.327123292259293,9.900000000000034,7306.087875188424,6701.4
1,298.9,308.2,63.6,30,7.224753405767971,9.300000000000011,9137.762055937417,1908.0
0,298.7,309.8,53.3,212,7.2115567333138015,11.100000000000023,7557.43623142663,11299.599999999999
0,299.7,309.1,55.3,139,7.206377291472252,9.400000000000034,7800.480311083849,7686.7
0,300.7,309.5,39.9,59,7.319202458767849,8.800000000000011,6300.903889745832,2354.1
1,303.0,312.8,32.1,104,7.407924322559599,9.800000000000011,5539.758821634097,3338.4
1,300.4,311.7,24.2,179,7.513709247839705,11.300000000000011,4642.687511377044,4331.8
1,302.0,311.1,48.8,159,7.249215057114389,9.100000000000023,7185.1156140741905,7759.2
0,298.3,308.1,58.4,90,7.190676034332207,9.800000000000011,8109.330284858261,5256.0
0,298.9,310.3,44.1,118,7.284134806195205,11.400000000000034,6724.013588331307,5203.8
0,298.0,308.5,26.7,203,7.440146680662688,10.5,4758.821719804747,5420.099999999999
0,302.6,311.4,25.8,128,7.461065514354283,8.799999999999955,4695.6757074675925,3302.4
0,297.1,308.2,50.8,49,7.206377291472252,11.099999999999966,7165.721515426031,2489.2
0,303.8,312.7,29.3,178,7.417580402414544,8.899999999999977,5105.632604810036,5215.400000000001
0,298.6,309.8,34.6,207,7.401231264413015,11.199999999999989,5931.347873928553,7162.200000000001
0,301.6,311.1,21.5,102,7.553810852008231,9.5,4293.56231978361,2193.0
1,302.3,311.2,36.7,78,7.317212408359839,8.899999999999977,5784.038594401728,2862.6000000000004
1,298.2,309.0,47.6,76,7.252053951852814,10.800000000000011,7028.371084611086,3617.6
0,296.8,307.9,28.4,118,7.444248649496705,11.099999999999966,5082.636146585759,3351.2
1,297.2,308.3,28.0,43,7.482681828154651,11.100000000000023,5207.503982590441,1204.0
0,300.2,310.2,31.5,23,7.3783837129967145,10.0,5277.875658030853,724.5
0,301.0,310.7,45.0,123,7.238496840894365,9.699999999999989,6554.933071715104,5535.0
2,298.7,309.3,45.3,190,7.246368080102461,10.600000000000023,6650.814479502664,8607.0
1,298.1,307.9,40.0,0,7.311218384419629,9.799999999999955,6266.430146360441,0.0
0,301.5,310.3,41.6,28,7.255591274253665,8.800000000000011,6164.223665363653,1164.8
0,301.1,311.1,29.1,170,7.445417556701687,10.0,5214.007079383371,4947.0
1,296.8,307.8,32.8,142,7.417580402414544,11.0,5715.520458626935,4657.599999999999
0,298.2,308.4,49.9,72,7.298445101508147,10.199999999999989,7718.086807755699,3592.7999999999997
1,297.4,309.0,37.0,147,7.327123292259293,11.600000000000023,5889.439027929666,5439.0
1,298.9,308.9,39.5,30,7.305188215393037,10.0,6150.871896585897,1185.0
0,299.3,309.1,39.1,147,7.347299700743164,9.800000000000011,6350.63530145216,5747.7
0,298.3,308.2,28.4,67,7.416979621381154,9.899999999999977,4945.830258497435,1902.8
1,301.0,311.0,38.6,199,7.261225091971921,10.0,5752.025765261648,7681.400000000001
0,301.5,311.1,49.6,129,7.268920128193722,9.600000000000023,7448.339190542969,6398.400000000001
1,300.5,311.6,39.1,199,7.29776828253138,11.100000000000023,6043.544619563757,7780.900000000001
0,300.6,310.0,49.5,174,7.262628600974241,9.399999999999977,7386.669726753,8613.0
1,301.3,310.8,41.2,56,7.283448228756631,9.5,6277.530440403125,2307.2000000000003
1,297.2,308.4,26.0,110,7.530479995245536,11.199999999999989,5072.41549848608,2860.0
0,298.8,308.8,44.4,55,7.329093736246592,10.0,7081.275504897538,2442.0
0,300.4,310.0,26.1,38,7.478734825567875,9.600000000000023,4835.005341654299,991.8000000000001
0,301.6,311.1,44.4,106,7.25063551189868,9.5,6546.576435256554,4706.4
1,298.7,309.6,50.4,32,7.261927092702751,10.900000000000034,7515.694937035934,1612.8
0,301.5,310.7,38.5,224,7.269616749608169,9.199999999999989,5785.504670973403,8624.0
1,298.0,308.1,36.6,190,7.347943823148687,10.100000000000023,5948.417194013057,6954.0
1,302.2,311.6,37.7,79,7.373374309910049,9.400000000000034,6285.112150673789,2978.3
0,300.6,310.4,47.3,118,7.3098814858247865,9.799999999999955,7400.147159236901,5581.4
1,297.5,309.4,48.3,139,7.2682230211595655,11.899999999999977,7248.062658876618,6713.7
0,297.3,308.7,40.2,112,7.307872780763706,11.399999999999977,6276.7136263131915,4502.400000000001
0,300.1,311.5,17.0,123,7.704811922932594,11.399999999999977,3948.5630865418916,2091.0
2,302.0,310.9,29.0,222,7.426549072397305,8.899999999999977,5098.909596531354,6438.0
0,299.2,308.4,48.4,35,7.2399325913204695,9.199999999999989,7060.331553873606,1694.0
1,302.1,310.7,47.8,213,7.21890970761906,8.599999999999966,6827.64425799772,10181.4
1,300.0,309.2,32.4,4,7.400009517162692,9.199999999999989,5547.424307708856,129.6
0,301.4,310.8,44.3,21,7.266827347520591,9.400000000000034,6638.530852227128,930.3
0,300.8,310.3,33.3,52,7.338238150065589,9.5,5359.776978509938,1731.6
2,299.7,309.2,32.8,142,7.360739903058278,9.5,5399.518125577849,4657.599999999999
1,296.8,307.9,25.2,116,7.519692404116539,11.099999999999966,4863.56241887543,2923.2
2,298.0,307.7,36.8,186,7.344719054149673,9.699999999999989,5961.653771060182,6844.799999999999
0,301.0,310.9,29.8,64,7.426549072397305,9.899999999999977,5239.569171608081,1907.2
0,295.7,306.1,54.4,119,7.203405521083095,10.400000000000034,7650.741533238246,6473.599999999999
1,299.3,310.7,48.9,222,7.226209010100671,11.399999999999977,7035.973738832773,10855.8
0,300.8,309.7,45.4,179,7.2254814727822945,8.899999999999977,6527.622159579896,8126.599999999999
0,298.6,309.7,33.4,99,7.395107546562485,11.099999999999966,5690.6599887615275,3306.6
0,300.4,311.5,44.6,149,7.30854279753919,11.100000000000023,6968.387608878545,6645.400000000001
0,300.4,310.5,14.5,12,7.793586803371584,10.100000000000023,3680.6899529458015,174.0
0,301.3,310.5,47.7,70,7.2196420401307355,9.199999999999989,6818.355615718608,3339.0
0,300.0,309.6,28.7,94,7.43543801981455,9.600000000000023,5091.244110456595,2697.7999999999997
0,301.4,310.3,16.6,169,7.698029170272805,8.900000000000034,3829.5805007749345,2805.4
0,302.4,310.9,39.6,86,7.293017679772782,8.5,6091.799482722897,3405.6
1,297.3,308.6,29.4,141,7.368339686311381,11.300000000000011,4876.757108020507,4145.4
1,304.2,313.6,43.7,151,7.261927092702751,9.400000000000034,6516.584697390285,6598.700000000001
0,298.9,310.0,27.3,58,7.450079569807499,11.100000000000023,4914.361972083978,1583.4
0,297.4,309.2,33.2,28,7.390798521735676,11.800000000000011,5632.247309355781,929.6000000000001
0,302.1,311.2,46.8,0,7.282761179605593,9.099999999999966,7125.886120578512,0.0
0,301.9,310.9,40.3,6,7.304515946460155,9.0,6271.22631114492,241.79999999999998
0,297.2,308.5,41.5,125,7.346655163176539,11.300000000000011,6736.098248072115,5187.5
1,298.0,308.9,51.4,68,7.200424892944957,10.899999999999977,7207.295258208536,3495.2
0,300.2,311.6,21.0,19,7.600902459542082,11.400000000000034,4396.030600168197,399.0
0,296.9,308.0,31.1,11,7.344072850573066,11.100000000000023,5034.988658006313,342.1
2,303.5,312.8,55.8,84,7.247792581767846,9.300000000000011,8204.080719290529,4687.2
0,297.2,308.5,39.6,181,7.3098814858247865,11.300000000000011,6195.47204029136,7167.6
0,302.1,311.5,20.1,21,7.59488438721652,9.399999999999977,4182.3708837975555,422.1
0,300.6,310.8,51.2,119,7.229113877793302,10.199999999999989,7388.355714810427,6092.8
0,302.6,312.4,41.6,40,7.243512974665482,9.799999999999955,6090.16585454303,1664.0
2,298.7,309.7,29.8,74,7.437206366871292,11.0,5295.740848254267,2205.2000000000003
0,296.7,308.0,50.7,197,7.280697195384741,11.300000000000011,7703.782089206355,9987.900000000001
1,300.5,311.9,44.8,20,7.223295679562314,11.399999999999977,6427.279690224237,896.0
0,301.3,311.1,35.3,55,7.353081920515432,9.800000000000011,5766.707474929423,1941.4999999999998
1,300.9,311.0,34.3,130,7.357556200910353,10.100000000000023,5628.487870146985,4459.0
0,303.7,312.7,53.9,123,7.241366283322318,9.0,7873.930747324777,6629.7
2,301.0,310.9,37.3,21,7.310550158534422,9.899999999999977,5839.540064615147,783.3
1,303.6,312.7,17.6,37,7.684783943522785,9.099999999999966,4006.82915829047,651.2
1,297.5,309.1,38.5,176,7.340186835320115,11.600000000000023,6208.8342810446275,6776.0
1,297.6,308.4,38.3,93,7.358830898342354,10.799999999999955,6292.892828479178,3561.8999999999996
0,302.3,311.7,18.2,91,7.682943169878292,9.399999999999977,4135.802008695843,1656.2
0,298.0,308.5,25.3,124,7.446585099157725,10.5,4538.438995155423,3137.2000000000003
0,302.7,312.4,46.3,251,7.298445101508147,9.699999999999989,7161.270925833444,11621.3
2,297.1,308.0,38.8,229,7.352441100243583,10.899999999999977,6334.4142113841235,8885.199999999999
0,300.3,309.2,32.4,50,7.408530566894626,8.899999999999977,5594.925188631134,1620.0
0,300.2,309.7,36.8,14,7.278628942320682,9.5,5580.138759208238,515.1999999999999
0,298.3,309.4,45.4,96,7.213031659834869,11.099999999999966,6446.799452578542,4358.4
0,301.8,310.7,30.8,74,7.37650812632622,8.899999999999977,5150.913426923777,2279.2000000000003
0,299.0,310.2,35.3,102,7.324489979348532,11.199999999999989,5604.056751277568,3600.6
1,302.2,311.3,37.1,10,7.32052696227274,9.100000000000023,5866.50540155846,371.0
1,299.2,308.4,51.2,56,7.193685818395112,9.199999999999989,7130.996444628352,2867.2000000000003
1,300.2,309.5,45.7,89,7.313886831633462,9.300000000000011,7178.539213452678,4067.3
0,301.6,310.7,29.7,131,7.428927194802272,9.099999999999966,5234.427431631706,3890.7
0,299.9,310.4,45.7,178,7.258412150595307,10.5,6790.8980959262335,8134.6
0,298.6,309.0,46.0,4,7.293017679772782,10.399999999999977,7076.3327324558895,184.0
0,300.9,311.0,15.8,156,7.71244383427499,10.100000000000023,3697.9687125405458,2464.8
0,301.9,310.8,58.2,79,7.244941546337007,8.900000000000034,8532.565647149877,4597.8
1,298.2,308.3,43.3,199,7.278628942320682,10.100000000000023,6565.761094394476,8616.699999999999
0,298.2,308.9,45.0,85,7.221105098182496,10.699999999999989,6441.835736185871,3825.0
1,298.6,309.1,37.3,203,7.370230641807081,10.5,6198.896376283771,7571.9
0,300.5,309.9,40.0,148,7.300472814267799,9.399999999999977,6199.409503083858,5920.0
0,300.8,310.2,22.8,33,7.523481312573497,9.399999999999977,4417.07927094725,752.4
0,298.1,308.6,42.4,14,7.351799869057777,10.5,6917.703247400629,593.6
0,297.1,308.1,36.6,227,7.277247726631484,11.0,5542.146432050826,8308.2
2,302.3,311.8,42.8,38,7.297091005160418,9.5,6610.958140704121,1626.3999999999999
0,301.1,310.6,35.2,70,7.385230923066573,9.5,5938.364097521571,2464.0
0,300.4,310.5,32.8,26,7.364547014255642,10.100000000000023,5420.126973385398,852.8
1,297.3,308.5,27.7,138,7.444833273892193,11.199999999999989,4960.260640752925,3822.6
0,302.5,310.5,41.2,154,7.327123292259293,8.0,6557.969944613575,6344.8
1,302.2,310.7,33.0,166,7.379008127628304,8.5,5532.658822236985,5478.0
0,297.2,308.6,31.3,192,7.400620577371135,11.400000000000034,5362.363556461394,6009.6
0,297.1,307.8,30.3,90,7.400620577371135,10.699999999999989,5191.042037085631,2727.0
1,296.2,307.2,34.8,8,7.347943823148687,11.0,5655.872086110775,278.4
0,300.3,311.4,52.7,13,7.1846291527173145,11.099999999999966,7273.6875829544,685.1
0,299.8,309.2,42.6,210,7.244941546337007,9.399999999999977,6245.486195336508,8946.0
2,298.6,309.5,50.4,82,7.259116128097101,10.899999999999977,7494.583434403809,4132.8
0,301.9,310.8,21.7,62,7.553286605600419,8.900000000000034,4331.230015700153,1345.3999999999999
0,302.1,310.8,35.3,6,7.356279876550748,8.699999999999989,5785.190511708043,211.79999999999998
0,302.4,311.1,20.9,77,7.552762084214147,8.700000000000045,4169.364690211693,1609.3
1,298.6,309.8,44.9,115,7.258412150595307,11.199999999999989,6672.020229914395,5163.5
0,296.9,307.8,52.1,100,7.1592919047975645,10.900000000000034,7010.830525628543,5210.0
0,298.3,308.5,31.6,144,7.417580402414544,10.199999999999989,5506.416051603998,4550.400000000001
0,296.8,307.9,56.5,5,7.198931240688173,11.099999999999966,7910.582661616658,282.5
2,302.2,311.2,28.2,122,7.4342573821331355,9.0,4996.640283681493,3440.4
0,298.7,309.9,47.1,64,7.247792581767846,11.199999999999989,6924.94985445491,3014.4
0,298.2,307.6,31.0,209,7.321188556739478,9.400000000000034,4905.178049559983,6479.0
0,300.5,309.7,42.8,196,7.365812837209472,9.199999999999989,7081.568720211872,8388.8
0,302.8,310.6,43.2,203,7.247792581767846,7.800000000000011,6351.5463633217005,8769.6
1,302.0,310.8,35.2,4,7.383989457978509,8.800000000000011,5930.991826761146,140.8
0,299.2,308.5,44.7,195,7.284820912568604,9.300000000000011,6820.17773945769,8716.5
1,299.2,308.5,28.9,150,7.463363045520021,9.300000000000011,5271.990407793128,4335.0
2,302.9,311.0,48.7,130,7.293017679772782,8.100000000000023,7491.682697186997,6331.0
0,297.8,308.5,40.0,192,7.278628942320682,10.699999999999989,6065.368216530695,7680.0
0,297.2,308.6,53.0,39,7.197435354096591,11.400000000000034,7409.446273491528,2067.0
2,297.5,308.6,38.7,7,7.337587743538596,11.100000000000023,6224.87734752896,270.90000000000003
1,303.6,312.5,33.7,14,7.382746449738912,8.899999999999977,5671.192586284783,471.80000000000007
0,296.8,307.9,30.8,48,7.4377951216719325,11.099999999999966,5476.675641150014,1478.4
2,301.2,309.8,27.0,151,7.444248649496705,8.600000000000023,4832.083660486461,4077.0
0,300.8,312.4,44.5,129,7.2196420401307355,11.599999999999966,6360.939725355934,5740.5
0,299.7,309.6,36.8,174,7.348587530927593,9.900000000000034,5984.775892990603,6403.2
1,298.1,307.4,56.2,190,7.197435354096591,9.299999999999955,7856.809067362715,10678.0
0,297.2,307.9,37.1,164,7.340186835320115,10.699999999999989,5983.058489006642,6084.400000000001
1,300.3,310.4,49.7,37,7.165493475060845,10.099999999999966,6729.511375475089,1838.9
2,298.3,309.0,38.4,10,7.293697720601438,10.699999999999989,5911.2207369945545,384.0
0,300.1,309.4,47.6,28,7.282073658093465,9.299999999999955,7242.711479390005,1332.8
1,299.9,309.1,56.8,10,7.204892510204673,9.200000000000045,8000.170412121527,568.0
0,301.3,311.0,36.9,206,7.3395376954076745,9.699999999999989,5946.940645465871,7601.4
0,299.4,308.6,40.5,181,7.30854279753919,9.200000000000045,6327.795922860561,7330.5
0,298.4,309.3,47.6,24,7.241366283322318,10.900000000000034,6953.601179455648,1142.4
0,302.3,311.5,47.3,2,7.23561914106675,9.199999999999989,6870.15000660079,94.6
0,300.9,310.9,43.2,62,7.311886164077165,10.0,6772.268451490445,2678.4
0,298.8,308.5,29.0,31,7.459914766241105,9.699999999999989,5272.0113517441505,899.0
0,297.8,307.6,30.3,62,7.382746449738912,9.800000000000011,5099.024788261986,1878.6000000000001
1,300.0,309.5,22.4,79,7.539027055823995,9.5,4407.612605084431,1769.6
0,297.5,308.9,24.0,195,7.461065514354283,11.399999999999977,4368.070425551248,4680.0
2,297.6,308.8,44.4,181,7.234177179749849,11.199999999999989,6439.636621328358,8036.4
1,302.2,311.1,33.7,158,7.324489979348532,8.900000000000034,5350.048513259322,5324.6
0,303.8,313.0,32.9,207,7.3987862754199485,9.199999999999989,5626.142147632305,6810.299999999999
0,300.6,310.7,53.7,80,7.242797922793756,10.099999999999966,7855.960837346244,4296.0
0,297.3,308.3,60.6,119,7.1459844677143876,11.0,8046.749759198753,7211.400000000001
0,297.6,308.6,45.3,15,7.333023014386481,11.0,7253.277702681578,679.5
1,300.2,311.0,14.7,144,7.771067086065406,10.800000000000011,3648.3315486138267,2116.7999999999997
0,302.4,310.1,31.6,93,7.406103381237015,7.7000000000000455,5443.542310630154,2938.8
0,303.7,312.4,31.2,144,7.440146680662688,8.699999999999989,5560.870324266221,4492.8
1,299.8,309.3,31.1,211,7.403061091090091,9.5,5341.126390123128,6562.1
0,299.7,311.1,36.4,135,7.362010551259734,11.400000000000034,5999.771761923738,4914.0
0,297.5,309.4,34.6,142,7.409136443920128,11.899999999999977,5978.450819781377,4913.2
1,301.5,310.0,44.6,49,7.257002707092073,8.5,6618.100028003282,2185.4
1,298.1,308.1,43.7,80,7.284134806195205,10.0,6663.024802949617,3496.0
0,299.5,310.1,35.2,50,7.368970402194793,10.600000000000023,5842.524577636058,1760.0000000000002
0,301.0,310.6,37.8,206,7.309212365692763,9.600000000000023,5909.901268080047,7786.799999999999
1,301.7,310.7,29.9,73,7.414572881350589,9.0,5194.529204931115,2182.7
0,297.3,308.4,46.7,65,7.293017679772782,11.099999999999966,7184.016056645436,3035.5
1,302.2,310.1,45.4,9,7.259819610363186,7.900000000000034,6755.827449936659,408.59999999999997
1,303.6,312.8,33.1,16,7.432483807917119,9.199999999999989,5854.452157744187,529.6
2,298.5,309.6,33.5,91,7.365180126021013,11.100000000000023,5539.308526687082,3048.5
0,300.6,310.2,51.0,8,7.1846291527173145,9.599999999999966,7039.05249963329,408.0
1,302.1,310.6,38.9,2,7.325148957955575,8.5,6179.648885292779,77.8
0,297.1,308.2,15.7,181,7.7266536648476425,11.099999999999966,3727.175052243418,2841.7
0,299.4,308.6,56.4,175,7.255591274253665,9.200000000000045,8357.264777079567,9870.0
0,301.0,310.7,57.2,174,7.170888478512505,9.699999999999989,7786.960990697901,9952.800000000001
2,297.9,308.5,44.6,184,7.232733136177615,10.600000000000023,6459.30299133983,8206.4
0,301.9,310.8,47.7,92,7.2640301428995295,8.900000000000034,7128.05381950949,4388.400000000001
0,299.4,309.3,46.6,185,7.238496840894365,9.900000000000034,6787.997358709419,8621.0
2,299.3,310.4,45.5,27,7.32052696227274,11.099999999999966,7194.770775496224,1228.5
0,300.0,311.5,41.6,81,7.27655640271871,11.5,6294.913919752988,3369.6
0,298.2,309.1,36.3,166,7.358193752733032,10.900000000000034,5960.480909802842,6025.799999999999
2,300.9,311.9,16.5,43,7.669028288589683,11.0,3697.6545532751866,709.5
0,299.6,310.9,40.9,137,7.29505641646263,11.299999999999955,6304.631913028092,5603.3
1,298.5,309.6,39.4,84,7.315218389752975,11.100000000000023,6197.189444275321,3309.6
0,300.6,310.0,40.4,172,7.283448228756631,9.399999999999977,6155.63664544384,6948.8
0,299.1,310.6,37.1,44,7.363913501405819,11.5,6126.807296859399,1632.4
0,302.5,310.3,31.6,66,7.4318919168078,7.800000000000011,5585.835513886748,2085.6
0,298.9,310.0,49.3,18,7.229113877793302,11.100000000000023,7114.178451956133,887.4
1,298.5,309.3,27.2,49,7.474204806496124,10.800000000000011,5015.992494427607,1332.8
0,297.5,308.2,40.7,141,7.306531398939505,10.699999999999989,6346.258015688157,5738.700000000001
1,297.7,309.0,42.4,38,7.3343293503005365,11.300000000000011,6797.820071739642,1611.2
2,297.4,308.2,46.9,199,7.215239978730097,10.800000000000011,6674.5335040372665,9333.1
0,301.7,310.6,28.7,66,7.415175109613295,8.900000000000034,4989.05857341083,1894.2
0,301.0,311.9,23.5,198,7.5443321080536885,10.899999999999977,4648.667009394377,4653.0
0,302.3,310.1,50.9,36,7.21081845347222,7.800000000000011,7211.808679654193,1832.3999999999999
0,298.3,309.1,31.1,195,7.388327859577107,10.800000000000011,5262.963564901813,6064.5
1,299.2,309.1,34.7,6,7.315883504509785,9.900000000000034,5461.564580486248,208.20000000000002
1,297.5,308.0,39.0,141,7.353081920515432,10.5,6371.1499014801,5499.0
0,299.6,309.2,39.8,219,7.260522598089852,9.599999999999966,5926.677372850216,8716.199999999999
1,300.5,311.4,27.6,46,7.463936604468925,10.899999999999977,5037.732315590449,1269.6000000000001
1,297.2,307.9,37.5,156,7.398174092970465,10.699999999999989,6408.849013323178,5850.0
0,300.1,309.3,56.0,130,7.201170883281678,9.199999999999989,7858.170424179269,7280.0
1,298.0,308.5,33.0,58,7.428333194190806,10.5,5812.574727671836,1914.0
2,297.6,309.6,48.2,215,7.258412150595307,12.0,7162.391427213226,10363.0
0,300.7,310.9,29.4,102,7.409136443920128,10.199999999999989,5079.955320854696,2998.7999999999997
0,300.8,311.9,39.3,23,7.312553498102598,11.099999999999966,6164.998591551538,903.9
0,303.0,311.2,50.5,203,7.232010331664759,8.199999999999989,7308.496429556175,10251.5
1,301.9,310.7,37.6,70,7.321188556739478,8.800000000000011,5949.506279466303,2632.0
2,297.9,307.7,43.2,97,7.289610521451167,9.800000000000011,6622.979968591858,4190.400000000001
1,301.4,310.6,46.9,27,7.286191714702382,9.200000000000045,7165.66915554847,1266.3
0,298.4,308.3,42.7,186,7.260522598089852,9.900000000000034,6358.52069901267,7942.200000000001
1,300.0,309.3,40.7,117,7.254177846456518,9.300000000000011,6022.338869152026,4761.900000000001
1,300.5,309.5,49.9,59,7.186144304522325,9.0,6897.680830221749,2944.1
1,300.3,311.3,53.8,125,7.228388451573604,11.0,7757.911730627707,6725.0
0,300.6,310.0,53.8,103,7.271703706887368,9.399999999999977,8101.581022979406,5541.4
0,297.9,307.8,37.5,78,7.313220387090301,9.900000000000034,5886.559234663874,2925.0
0,298.8,309.6,50.0,104,7.274479558773871,10.800000000000011,7550.294344127469,5200.0
0,295.6,306.0,40.4,174,7.358830898342354,10.399999999999977,6637.933949622946,7029.599999999999
1,297.7,309.2,28.8,152,7.457609289715606,11.5,5223.588936976821,4377.6
0,300.3,311.5,25.6,43,7.4360278163518485,11.199999999999989,4543.999614152277,1100.8
1,300.2,311.6,47.5,146,7.32052696227274,11.400000000000034,7511.024435957596,6935.0
0,298.8,310.0,46.3,107,7.253470382684528,11.199999999999989,6846.116822800829,4954.099999999999
0,298.6,309.4,55.5,28,7.182352111885263,10.799999999999955,7642.709528020569,1554.0
1,297.7,307.3,49.2,36,7.2196420401307355,9.600000000000023,7032.769314326111,1771.2
0,297.4,308.2,33.8,39,7.402451520818244,10.800000000000011,5801.285938069936,1318.1999999999998
1,302.5,311.5,41.1,215,7.301147805856032,9.0,6374.197246354083,8836.5
0,300.0,309.6,46.0,51,7.2813856635702825,9.600000000000023,6994.441883952316,2346.0
1,296.6,307.5,27.0,50,7.45876269238096,10.899999999999977,4902.769495192231,1350.0
1,302.6,312.3,54.8,253,7.282761179605593,9.699999999999989,8343.986312130395,13864.4
0,298.2,308.8,60.4,34,7.172424577124845,10.600000000000023,8235.24531841414,2053.6
0,295.8,306.5,35.1,111,7.358193752733032,10.699999999999989,5763.440218569691,3896.1000000000004
0,297.4,308.4,50.6,220,7.222566018822171,11.0,7254.084044796,11132.0
2,301.2,310.6,52.0,69,7.210079628170788,9.400000000000034,7362.217663932561,3588.0
0,300.8,311.8,21.8,209,7.564757012905729,11.0,4401.413195581348,4556.2
1,300.8,310.7,22.4,36,7.562681246721884,9.899999999999977,4513.170118245049,806.4
2,301.7,310.2,30.8,42,7.390798521735676,8.5,5225.096901450544,1293.6000000000001
0,302.0,311.0,45.9,144,7.259116128097101,9.0,6825.424199189184,6609.599999999999
0,300.4,311.7,40.0,51,7.322510433997394,11.300000000000011,6337.639579841809,2040.0
2,300.6,311.7,33.3,92,7.336936913707618,11.099999999999966,5352.802642818968,3063.6
1,297.2,308.3,57.2,100,7.190676034332207,11.100000000000023,7942.700210511858,5720.0
0,299.0,308.5,38.1,194,7.352441100243583,9.5,6220.133542622039,7391.400000000001
1,302.4,311.8,31.5,49,7.351158226430694,9.400000000000034,5136.032749721273,1543.5
1,297.1,308.0,25.6,159,7.43307534889858,10.899999999999977,4530.5954854969605,4070.4
0,299.3,308.5,32.7,74,7.371489295214277,9.199999999999989,5441.269891944059,2419.8
0,298.8,308.9,32.4,189,7.331714969726466,10.099999999999966,5180.988940594142,6123.599999999999
1,297.5,308.5,44.7,40,7.3031700512368,11.0,6946.564011911607,1788.0
0,298.3,308.1,21.5,88,7.518064181233078,9.800000000000011,4142.713512533741,1892.0
1,301.1,310.0,48.1,14,7.2682230211595655,8.899999999999977,7218.049977059324,673.4
0,302.1,311.2,46.9,198,7.2868764117507,9.099999999999966,7170.580512063583,9286.199999999999
2,300.8,309.9,19.2,194,7.621684998724611,9.099999999999966,4103.673987825131,3724.7999999999997
2,300.8,311.9,48.5,25,7.266827347520591,11.099999999999966,7267.917524447307,1212.5
0,300.7,310.4,52.6,205,7.220373836723949,9.699999999999989,7524.281956955747,10783.0
0,302.0,311.2,44.9,15,7.268920128193722,9.199999999999989,6742.548984987486,673.5
1,299.8,310.0,33.7,172,7.398174092970465,10.199999999999989,5759.418979973097,5796.400000000001
0,299.8,311.3,30.0,24,7.454719949364001,11.5,5425.530512749573,720.0
1,301.1,311.3,22.8,31,7.515889085215125,10.199999999999989,4383.652725113054,706.8000000000001
0,297.5,308.9,47.4,187,7.237778191923443,11.399999999999977,6899.565785813903,8863.8
1,300.4,309.4,42.1,182,7.217443431696533,9.0,6004.651702512315,7662.2
1,301.7,311.0,46.8,136,7.179307969504034,9.300000000000011,6425.059631415701,6364.799999999999
0,298.2,308.3,51.0,141,7.246368080102461,10.100000000000023,7487.6719305659135,7191.0
0,299.4,308.5,22.9,76,7.520776415062797,9.100000000000023,4424.4620136831845,1740.3999999999999
1,300.8,310.4,36.0,59,7.325807502595773,9.599999999999966,5722.725177779168,2124.0
1,296.9,307.9,44.8,144,7.234177179749849,11.0,6497.651365664649,6451.2
0,300.3,309.9,56.1,12,7.2399325913204695,9.599999999999966,8183.566119262589,673.2
0,298.1,309.0,36.2,95,7.271008538280992,10.899999999999977,5447.45882947163,3439.0000000000005
0,300.2,311.4,43.6,95,7.310550158534422,11.199999999999989,6825.843078209663,4142.0
0,298.9,309.9,31.3,98,7.372118028337787,11.0,5211.588053040107,3067.4
0,301.8,310.7,33.4,68,7.405495663199472,8.899999999999977,5750.1198657184705,2271.2
1,300.3,309.6,42.5,137,7.258412150595307,9.300000000000011,6315.386631878881,5822.5
0,298.2,308.3,19.2,90,7.62657020629066,10.100000000000023,4123.780180808106,1728.0
0,297.5,309.6,50.7,0,7.180069874302796,12.100000000000023,6965.790558951576,0.0
0,300.0,309.2,34.4,18,7.356918242356021,9.199999999999989,5641.295096198119,619.1999999999999
0,303.6,312.6,39.5,103,7.315218389752975,9.0,6212.918351494293,4068.5
1,300.5,309.4,32.1,37,7.412160334945205,8.899999999999977,5563.289350609485,1187.7
2,302.5,312.0,42.0,179,7.213768308118642,9.5,5968.397723289889,7518.0
1,302.4,311.4,29.6,128,7.424165281042028,9.0,5192.005458832732,3788.8
0,297.4,308.5,34.3,83,7.4342573821331355,11.100000000000023,6077.473820222525,2846.8999999999996
1,299.8,309.3,35.2,208,7.416979621381154,9.5,6130.043137292597,7321.6
0,299.0,308.6,60.5,120,7.1929342212158,9.600000000000023,8419.939550518684,7260.0
1,301.9,310.7,47.0,73,7.29505641646263,8.800000000000011,7244.931538198541,3431.0
0,300.1,309.1,33.7,214,7.347299700743164,9.0,5473.565464422962,7211.8
0,298.2,308.9,45.0,66,7.198183577101943,10.699999999999989,6295.751677793946,2970.0
1,298.6,309.2,46.6,44,7.179307969504034,10.599999999999966,6397.602111623327,2050.4
1,299.6,309.3,32.4,112,7.348587530927593,9.699999999999989,5269.204862306944,3628.7999999999997
1,298.1,308.9,39.2,65,7.257002707092073,10.799999999999955,5816.80540577867,2548.0
0,298.6,309.0,47.7,0,7.284134806195205,10.399999999999977,7272.912656766515,0.0
1,299.5,310.1,61.1,67,7.215239978730097,10.600000000000023,8695.394394385437,4093.7000000000003
0,301.0,311.6,40.6,154,7.2875606403097235,10.600000000000023,6211.619826530811,6252.400000000001
0,300.4,309.9,43.5,74,7.227662498728654,9.5,6268.1056624423545,3219.0
1,302.2,311.4,45.3,33,7.267525427828172,9.199999999999989,6793.1286267102805,1494.8999999999999
1,301.4,310.6,35.0,87,7.286191714702382,9.200000000000045,5347.514295185426,3045.0
0,299.4,309.3,48.4,116,7.220373836723949,9.900000000000034,6923.483777883234,5614.4
0,298.7,309.8,40.9,109,7.344072850573066,11.100000000000023,6621.576723873253,4458.099999999999
1,298.8,309.7,38.1,157,7.300472814267799,10.899999999999977,5904.937551687375,5981.7
0,298.3,308.1,46.1,80,7.317212408359839,9.800000000000011,7265.508970079555,3688.0
1,302.5,311.4,31.7,225,7.396335293800808,8.899999999999977,5407.654850550646,7132.5
0,298.0,308.9,40.9,77,7.249215057114389,10.899999999999977,6021.951406058082,3149.2999999999997
0,297.8,309.2,56.9,34,7.244941546337007,11.399999999999977,8341.975692832095,1934.6
0,297.4,308.5,39.2,54,7.237059026124737,11.100000000000023,5701.865002559331,2116.8
1,302.0,311.3,27.7,23,7.453561871643373,9.300000000000011,5003.771699005142,637.1
0,299.2,308.4,41.8,28,7.270312886079025,9.199999999999989,6285.782357106554,1170.3999999999999
0,298.2,307.6,54.5,82,7.222566018822171,9.400000000000034,7813.193289355376,4469.0
1,298.3,309.6,27.1,194,7.427738840532894,11.300000000000011,4770.518916451612,5257.400000000001
0,300.7,311.1,50.3,137,7.2640301428995295,10.400000000000034,7516.585054954451,6891.099999999999
0,301.4,310.8,29.6,99,7.4377951216719325,9.400000000000034,5263.298668118196,2930.4
0,296.9,307.7,35.9,177,7.4109518755836366,10.800000000000011,6214.353012139433,6354.3
1,295.6,306.1,28.1,110,7.409741954080923,10.5,4858.274071241888,3091.0
1,298.5,308.6,20.2,50,7.5485559791698735,10.100000000000023,4012.7981843322905,1010.0
2,297.9,307.9,58.5,93,7.249215057114389,10.0,8613.304578347135,5440.5
0,301.2,310.6,24.0,84,7.502186486602924,9.400000000000034,4551.539436520892,2016.0
0,301.0,312.2,39.9,61,7.32052696227274,11.199999999999989,6309.260526204381,2433.9
1,298.2,308.8,28.2,58,7.406103381237015,10.600000000000023,4857.8447202458965,1635.6
1,297.9,308.7,26.6,111,7.468513271496337,10.800000000000011,4877.490146306345,2952.6000000000004
1,300.0,311.4,42.6,180,7.335633981927201,11.399999999999977,6838.807383893477,7668.0
0,301.6,309.8,33.9,89,7.370860166536716,8.199999999999989,5637.399521307668,3017.1
1,302.3,310.9,32.3,0,7.395107546562485,8.599999999999966,5503.243043023872,0.0
1,300.3,311.7,36.4,84,7.347299700743164,11.399999999999977,5912.10038293756,3057.6
1,295.6,306.1,46.2,24,7.257707677160043,10.5,6860.358709497104,1108.8000000000002
0,300.6,311.8,27.2,52,7.410347097821024,11.199999999999989,4705.51936444884,1414.3999999999999
0,300.0,309.6,47.7,39,7.266827347520591,9.600000000000023,7148.034348786321,1860.3000000000002
1,297.4,308.9,46.3,137,7.313886831633462,11.5,7272.786993060371,6343.099999999999
1,297.8,307.9,27.3,35,7.454141078146678,10.099999999999966,4934.373917287345,955.5
0,299.8,311.2,16.6,144,7.669961995473577,11.399999999999977,3723.541276740767,2390.4
1,300.9,310.0,46.6,201,7.256297239690681,9.100000000000023,6909.995873423823,9366.6
2,297.3,308.4,23.1,90,7.5310163320779155,11.099999999999966,4509.065103844358,2079.0
0,298.5,308.2,40.5,170,7.275864600546533,9.699999999999989,6124.220718907942,6885.0
2,297.5,308.6,58.9,138,7.212294468500341,11.100000000000023,8357.631296222487,8128.2
0,297.4,308.4,52.2,49,7.201916317531627,11.0,7330.403802327209,2557.8
1,301.1,312.4,25.1,126,7.501082124259871,11.299999999999955,4754.89472898776,3162.6000000000004
1,299.3,308.5,49.4,93,7.247792581767846,9.199999999999989,7263.110887687315,4594.2
0,299.9,310.0,45.9,162,7.277938572945661,10.100000000000023,6955.203391708978,7435.8
2,297.5,308.9,37.7,197,7.294377299288821,11.399999999999977,5807.412043744436,7426.900000000001
0,297.6,308.6,30.1,81,7.417580402414544,11.0,5245.035542825328,2438.1
0,300.0,311.5,28.3,83,7.4673710669175595,11.5,5183.2823032312635,2348.9
0,298.3,308.1,33.9,82,7.332369205929062,9.800000000000011,5424.39953939428,2779.7999999999997
0,297.9,309.0,35.8,40,7.354362330421477,11.100000000000023,5855.886818389326,1432.0
0,298.5,308.8,59.1,115,7.195187320178709,10.300000000000011,8243.66478672576,6796.5
2,297.4,308.7,46.3,146,7.328437352895162,11.300000000000011,7379.454535625256,6759.799999999999
0,300.1,309.3,32.0,199,7.388327859577107,9.199999999999989,5415.267976747846,6368.0
0,299.8,309.4,37.4,25,7.2868764117507,9.599999999999966,5718.117508553903,935.0
0,296.4,307.5,47.8,99,7.194436851100335,11.100000000000023,6662.459316271968,4732.2
0,299.3,308.8,32.9,172,7.4073177104694174,9.5,5674.376066840421,5658.8
0,300.2,311.6,35.7,160,7.321188556739478,11.400000000000034,5648.866334493271,5712.0
0,299.0,309.1,38.6,177,7.329093736246592,10.100000000000023,6156.244020023535,6832.2
1,298.7,309.8,48.8,71,7.269616749608169,11.100000000000023,7333.315011519535,3464.7999999999997
1,296.0,306.6,36.8,121,7.395721608602045,10.600000000000023,6273.802417120865,4452.799999999999
0,297.8,307.2,56.3,174,7.20934025660291,9.399999999999977,7965.120710082977,9796.199999999999
1,301.3,310.8,35.3,54,7.3098814858247865,9.5,5522.731389451641,1906.1999999999998
0,301.5,310.5,33.8,144,7.385230923066573,9.0,5702.17916182469,4867.2
2,299.3,309.0,29.7,141,7.457609289715606,9.699999999999989,5386.826091257346,4187.7
0,304.2,313.4,31.7,23,7.405495663199472,9.199999999999989,5457.449094110045,729.1
0,299.7,309.1,41.1,208,7.302496423727326,9.400000000000034,6382.8052102249185,8548.800000000001
1,303.6,312.3,32.4,223,7.396948602621014,8.699999999999989,5530.459707379471,7225.2
0,300.5,310.0,48.6,208,7.280697195384741,9.5,7384.6905233812395,10108.800000000001
0,298.6,310.2,36.3,10,7.358830898342354,11.599999999999966,5964.282236913686,363.0
1,298.7,309.6,57.1,124,7.134890851565884,10.900000000000034,7498.290513735047,7080.400000000001
1,298.8,309.6,34.4,149,7.362645270417825,10.800000000000011,5673.716332383166,5125.599999999999
1,298.5,309.3,36.8,133,7.347943823148687,10.800000000000011,5980.922206002199,4894.4
0,301.9,310.4,37.6,69,7.38025578842646,8.5,6311.75285637623,2594.4
0,300.0,309.1,44.5,0,7.2456550675945355,9.100000000000023,6528.700773057628,0.0
1,301.9,310.8,39.2,39,7.355001921105257,8.900000000000034,6416.137508279507,1528.8000000000002
0,297.2,307.9,49.6,167,7.177782416195197,10.699999999999989,6799.076708801078,8283.2
0,295.7,306.3,34.3,97,7.307202314764738,10.600000000000023,5351.912524900452,3327.1
1,298.4,309.5,38.8,128,7.323170717943469,11.100000000000023,6151.573518945197,4966.4
0,299.9,310.5,32.8,213,7.3395376954076745,10.600000000000023,5286.16946263633,6986.4
2,302.9,312.3,46.8,175,7.31986492980897,9.400000000000034,7395.4347702565165,8189.999999999999
0,302.3,311.3,41.8,96,7.272398392570047,9.0,6298.914214398558,4012.7999999999997
0,297.5,308.6,39.0,202,7.337587743538596,11.100000000000023,6273.132210688099,7878.0
0,297.8,308.3,44.8,170,7.298445101508147,10.5,6929.264308365838,7615.999999999999
1,296.9,307.8,50.7,130,7.2633296174768365,10.900000000000034,7571.049799592186,6591.0
0,298.3,308.4,41.7,170,7.307202314764738,10.099999999999966,6506.552544849821,7089.000000000001
1,302.9,312.5,21.2,23,7.55171221535131,9.600000000000023,4224.771912645506,487.59999999999997
0,300.7,309.9,44.5,176,7.232733136177615,9.199999999999989,6444.820249206781,7832.0
1,301.4,311.2,26.5,43,7.454719949364001,9.800000000000011,4792.551952928789,1139.5
1,300.4,309.6,34.0,6,7.355001921105257,9.200000000000045,5565.01722656896,204.0
2,301.9,310.9,34.3,106,7.372118028337787,9.0,5711.101284960883,3635.7999999999997
0,297.4,308.4,43.6,4,7.29641326877392,11.0,6729.961670422103,174.4
1,298.2,309.0,50.3,150,7.21081845347222,10.800000000000011,7126.797182448053,7545.0
0,302.2,311.1,48.6,110,7.20934025660291,8.900000000000034,6875.752513499693,5346.0
2,301.9,310.5,39.7,187,7.29505641646263,8.600000000000023,6119.654937584725,7423.900000000001
0,299.8,309.2,36.1,203,7.272398392570047,9.399999999999977,5439.971366980573,7328.3
1,298.0,307.6,46.7,116,7.29505641646263,9.600000000000023,7198.6872943377,5417.200000000001
1,298.8,308.7,38.2,44,7.342131730584722,9.899999999999977,6172.454638116058,1680.8000000000002
0,299.0,310.4,49.6,94,7.200424892944957,11.399999999999977,6954.899704419133,4662.400000000001
0,302.7,312.2,52.8,164,7.227662498728654,9.5,7608.183424757616,8659.199999999999
1,301.9,310.5,40.3,130,7.372118028337787,8.600000000000023,6710.127748802438,5239.0
0,302.3,310.8,43.8,7,7.290292882446597,8.5,6719.552526763208,306.59999999999997
0,297.9,307.6,25.3,136,7.466227556215481,9.700000000000045,4628.518928509354,3440.8
0,295.5,306.1,35.1,129,7.3613754289773485,10.600000000000023,5781.818535593192,4527.900000000001
0,297.4,308.4,46.0,124,7.259819610363186,11.0,6845.111513151681,5704.0
0,301.2,310.9,50.1,141,7.254177846456518,9.699999999999989,7413.247600602371,7064.1
1,299.0,310.6,34.2,141,7.370230641807081,11.600000000000023,5683.706597021582,4822.200000000001
1,303.5,312.9,44.7,84,7.360739903058278,9.399999999999977,7358.4896406503,3754.8
1,300.2,309.7,44.0,144,7.25063551189868,9.5,6487.5982691731615,6336.0
1,302.2,311.5,39.5,36,7.299797366758161,9.300000000000011,6117.780453968084,1422.0
0,301.4,310.8,34.6,187,7.384610383176974,9.400000000000034,5833.5186786957665,6470.2
2,297.5,308.3,30.0,54,7.423568444259167,10.800000000000011,5259.026102109314,1620.0
1,301.7,311.1,36.7,115,7.389563953677635,9.400000000000034,6218.3218908584695,4220.5
0,300.4,311.8,42.2,14,7.2682230211595655,11.400000000000034,6332.675863449137,590.8000000000001
0,299.8,309.6,41.7,85,7.3310603052186325,9.800000000000011,6663.757841235455,3544.5000000000005
0,300.3,310.3,34.1,52,7.396335293800808,10.0,5817.067205166469,1773.2
0,299.4,309.2,34.5,48,7.3914152346753585,9.800000000000011,5856.399945189413,1656.0
0,302.1,310.1,46.6,169,7.277938572945661,8.0,7061.274031669682,7875.400000000001
1,299.7,311.0,42.7,85,7.317876198626496,11.300000000000011,6734.129516675866,3629.5000000000005
0,298.0,307.7,38.7,202,7.30854279753919,9.699999999999989,6046.560548511204,7817.400000000001
0,298.2,308.3,41.8,132,7.285506548522785,10.100000000000023,6382.082643914592,5517.599999999999
0,303.8,313.1,39.8,150,7.329093736246592,9.300000000000011,6347.629844480225,5970.0
0,298.9,310.2,40.0,129,7.27655640271871,11.300000000000011,6052.801845916334,5160.0
1,298.9,308.4,26.1,5,7.510977752014095,9.5,4993.53010695444,130.5
1,301.8,310.2,42.3,0,7.271008538280992,8.399999999999977,6365.400786924031,0.0
0,299.1,308.4,31.6,65,7.434847875211999,9.299999999999955,5602.381235195654,2054.0
0,298.8,308.9,41.3,208,7.283448228756631,10.099999999999966,6292.767164773035,8590.4
0,302.6,310.4,66.8,80,7.2196420401307355,7.7999999999999545,9548.556711320816,5344.0
0,300.1,309.5,50.9,34,7.21081845347222,9.399999999999977,7211.808679654193,1730.6
0,301.8,311.1,36.9,197,7.310550158534422,9.300000000000011,5776.917651053591,7269.299999999999
1,297.6,308.3,29.1,134,7.407924322559599,10.699999999999989,5022.024352322499,3899.4
0,301.9,309.7,31.9,0,7.450079569807499,7.800000000000011,5742.422963717175,0.0
0,303.3,312.7,30.7,142,7.404887575616125,9.399999999999977,5282.07492021115,4359.4
0,303.3,311.6,44.6,223,7.3031700512368,8.300000000000011,6931.0236002518495,9945.800000000001
1,299.0,310.3,33.6,67,7.416378479192928,11.300000000000011,5847.886229098184,2251.2000000000003
0,297.4,308.3,21.8,24,7.5256399750415355,10.900000000000034,4232.479286622312,523.2
2,298.9,310.5,39.9,19,7.265429723253953,11.600000000000023,5970.816749633153,758.1
1,301.9,310.9,43.6,45,7.284134806195205,9.0,6647.777606604194,1962.0
0,301.0,310.7,45.8,184,7.289610521451167,9.699999999999989,7021.58524447933,8427.199999999999
0,299.2,308.7,41.9,196,7.323170717943469,9.5,6643.065217623808,8212.4
1,297.2,308.6,41.1,56,7.275864600546533,11.400000000000034,6214.949914743615,2301.6
0,299.2,309.1,45.6,2,7.292337176173877,9.900000000000034,7010.024183514121,91.2
0,300.4,309.6,38.1,209,7.342131730584722,9.200000000000045,6156.296379901094,7962.900000000001
2,302.4,311.1,32.3,196,7.364547014255642,8.700000000000045,5337.503086595986,6330.799999999999
0,301.3,310.5,45.8,63,7.237778191923443,9.199999999999989,6666.669050427779,2885.3999999999996
0,302.4,311.8,43.4,141,7.278628942320682,9.400000000000034,6580.924514935803,6119.4
0,297.3,308.0,36.0,59,7.325807502595773,10.699999999999989,5722.725177779168,2124.0
1,298.2,309.0,40.5,192,7.319202458767849,10.800000000000011,6395.6543241781,7776.0
1,297.7,308.3,36.8,74,7.344719054149673,10.600000000000023,5961.653771060182,2723.2
1,300.3,311.8,45.1,181,7.302496423727326,11.5,7004.00279759474,8163.1
0,299.5,309.1,42.1,217,7.198183577101943,9.600000000000023,5890.025458558337,9135.7
2,300.8,309.4,40.7,104,7.29641326877392,8.599999999999966,6282.326605187606,4232.8
0,300.4,309.8,52.5,68,7.202661196523238,9.400000000000034,7378.030346955629,3570.0
1,298.7,310.1,34.1,46,7.405495663199472,11.400000000000034,5870.631359910175,1568.6000000000001
0,301.3,311.1,39.1,2,7.316548177182976,9.800000000000011,6158.191807468761,78.2
1,295.7,306.3,28.5,43,7.44600149832412,10.600000000000023,5109.486291798439,1225.5
2,300.4,310.7,36.3,127,7.4127640174265625,10.300000000000011,6294.997695557083,4610.099999999999
2,303.7,312.5,35.6,154,7.327123292259293,8.800000000000011,5666.59538903503,5482.400000000001
0,300.1,309.1,58.7,86,7.21081845347222,9.0,8316.95814333401,5048.2
0,298.2,308.9,28.1,81,7.444248649496705,10.699999999999989,5028.946328135909,2276.1
1,298.1,307.8,44.7,54,7.315883504509785,9.699999999999989,7035.502499934734,2413.8
0,303.6,312.5,49.0,162,7.266827347520591,8.899999999999977,7342.844509235424,7938.0
1,300.7,311.9,55.1,36,7.220373836723949,11.199999999999989,7881.899920689385,1983.6000000000001
0,303.7,312.3,45.9,121,7.233455418621439,8.600000000000023,6652.385275829458,5553.9
0,300.7,310.8,46.4,90,7.311218384419629,10.100000000000023,7269.0589697781115,4176.0
0,298.7,310.1,54.6,66,7.2682230211595655,11.400000000000034,8193.462136121396,3603.6
0,300.9,312.0,43.8,210,7.273786317844895,11.100000000000023,6609.4711201814225,9198.0
0,298.9,310.1,41.4,80,7.363913501405819,11.200000000000045,6836.922428301324,3312.0
0,296.1,307.1,22.7,20,7.549082710812286,11.0,4511.808761428493,454.0
1,297.7,309.4,43.7,142,7.2875606403097235,11.699999999999989,6685.906069443262,6205.400000000001
1,298.8,310.2,37.5,75,7.366445148327599,11.399999999999977,6208.572481656829,2812.5
0,303.3,311.7,35.5,217,7.319202458767849,8.399999999999977,5606.067370575865,7703.5
1,297.3,307.8,48.0,171,7.338888133838879,10.5,7730.8312019537625,8208.0
0,297.5,308.8,50.3,159,7.180069874302796,11.300000000000011,6910.833631464778,7997.7
0,300.4,309.5,38.9,37,7.342131730584722,9.100000000000023,6285.562445620802,1439.3
0,297.9,309.1,36.9,13,7.318539548567902,11.200000000000045,5823.287558620577,479.7
0,301.6,311.2,42.9,89,7.25063551189868,9.599999999999966,6325.408312443832,3818.1
0,301.3,310.0,40.9,7,7.271703706887368,8.699999999999989,6159.008621558693,286.3
0,302.6,311.0,39.2,152,7.384610383176974,8.399999999999977,6609.073185111967,5958.400000000001
2,300.5,311.4,27.5,59,7.426549072397305,10.899999999999977,4835.17289326249,1622.5
1,298.1,308.5,54.5,17,7.232010331664759,10.399999999999977,7887.387235857654,926.5
0,301.5,310.6,33.7,122,7.370230641807081,9.100000000000023,5600.611471334132,4111.400000000001
0,302.2,311.3,46.4,94,7.232010331664759,9.100000000000023,6715.133353097159,4361.599999999999
0,302.5,311.9,47.4,77,7.2813856635702825,9.399999999999977,7207.31620215956,3649.7999999999997
1,298.1,308.3,41.5,204,7.282073658093465,10.199999999999989,6314.5488738379245,8466.0
0,300.5,309.7,61.0,157,7.241366283322318,9.199999999999989,8911.127561907448,9577.0
0,303.7,312.8,51.3,42,7.271008538280992,9.100000000000023,7719.741379886591,2154.6
0,297.2,307.9,38.4,146,7.309212365692763,10.699999999999989,6003.709224716239,5606.4
1,301.9,310.9,46.2,26,7.259819610363186,9.0,6874.872867556688,1201.2
0,301.7,311.0,35.9,185,7.368970402194793,9.300000000000011,5958.71114594132,6641.5
0,298.9,309.8,42.1,23,7.336285660021297,10.900000000000034,6762.948393284796,968.3000000000001
2,300.5,310.8,30.5,132,7.397561535524052,10.300000000000011,5209.336578305035,4026.0
0,297.3,308.6,33.5,14,7.317212408359839,11.300000000000011,5279.708253745446,469.0
1,298.9,310.1,40.4,61,7.3031700512368,11.200000000000045,6278.326310542034,2464.4
0,299.8,311.1,24.9,174,7.507141079727608,11.300000000000011,4745.6898625127415,4332.599999999999
2,299.6,309.2,36.3,35,7.37650812632622,9.599999999999966,6070.719396017308,1270.5
1,297.8,307.8,32.1,18,7.392031567514591,10.0,5452.35971401123,577.8000000000001
0,298.8,308.4,39.2,8,7.3031700512368,9.599999999999966,6091.841370624944,313.6
1,301.0,312.1,28.4,168,7.417580402414544,11.100000000000023,4948.804299542834,4771.2
0,298.3,310.0,43.9,110,7.274479558773871,11.699999999999989,6629.158434143918,4829.0
0,302.7,312.2,51.4,157,7.2485040723706105,9.5,7562.5465554764705,8069.8
2,300.7,310.2,65.3,208,7.21890970761906,9.5,9327.304812703998,13582.4
0,301.1,310.2,34.1,52,7.4133673356952405,9.099999999999966,5917.05362735472,1773.2
0,300.9,311.4,21.4,105,7.637234388789473,10.5,4645.59872056937,2247.0
0,303.6,312.6,33.6,184,7.382124365737512,9.0,5650.845537865033,6182.400000000001
0,300.7,310.3,34.4,57,7.416378479192928,9.600000000000023,5987.121615505283,1960.8
0,298.6,308.4,59.7,40,7.1785454837637,9.799999999999955,8189.817888643232,2388.0
0,303.6,312.7,47.7,198,7.265429723253953,9.099999999999966,7138.044084147906,9444.6
0,300.4,309.7,45.1,159,7.233455418621439,9.300000000000011,6536.439562960972,7170.900000000001
0,302.2,311.4,19.2,31,7.640603826393634,9.199999999999989,4182.088140458732,595.1999999999999
1,297.9,308.8,37.6,54,7.338888133838879,10.900000000000034,6055.817774863781,2030.4
1,298.4,308.2,37.6,188,7.288927694521257,9.800000000000011,5760.508065426342,7068.8
0,297.7,308.9,39.9,12,7.362645270417825,11.199999999999989,6580.85121110722,478.79999999999995
0,303.5,312.8,22.3,96,7.537962659768208,9.300000000000011,4383.265262019111,2140.8
0,299.6,309.2,33.4,20,7.360739903058278,9.599999999999966,5498.289798606712,668.0
2,302.0,309.9,34.5,156,7.382124365737512,7.899999999999977,5802.20747191499,5382.0
1,297.6,308.1,57.4,122,7.22983877815125,10.5,8289.050328594622,7002.8
2,300.7,311.3,53.1,66,7.226209010100671,10.600000000000023,7640.290501677307,3504.6
2,298.0,308.7,39.6,99,7.337587743538596,10.699999999999989,6369.641937006378,3920.4
2,304.0,313.2,43.1,96,7.325148957955575,9.199999999999989,6846.860333062179,4137.6
0,303.4,311.7,42.3,180,7.29776828253138,8.300000000000011,6538.156966944933,7613.999999999999
1,301.2,312.4,36.6,99,7.264730177929867,11.199999999999989,5473.157057377994,3623.4
0,301.9,310.6,39.3,32,7.291656209174461,8.700000000000045,6037.418513889256,1257.6
0,301.4,310.6,53.3,104,7.206377291472252,9.200000000000045,7518.365290791486,5543.2
0,298.0,309.2,39.5,85,7.331714969726466,11.199999999999989,6316.329109674958,3357.5
0,298.6,309.6,40.7,106,7.335633981927201,11.0,6533.790153156444,4314.200000000001
0,298.4,308.8,40.1,111,7.285506548522785,10.400000000000034,6122.524258875003,4451.1
0,302.2,311.4,37.7,55,7.313220387090301,9.199999999999989,5917.954217248749,2073.5
2,297.7,308.3,41.0,101,7.305860032684009,10.600000000000023,6388.742820340203,4141.0
0,300.8,310.8,45.1,51,7.249925536717988,10.0,6645.065364946595,2300.1
1,298.1,307.6,19.2,150,7.633853559681768,9.5,4153.9394702825675,2880.0
0,300.0,309.6,28.7,51,7.461065514354283,9.600000000000023,5223.484217221701,1463.7
2,303.3,311.4,27.9,55,7.4342573821331355,8.099999999999966,4943.484535982754,1534.5
2,296.7,307.5,33.6,38,7.382746449738912,10.800000000000011,5654.364121637053,1276.8
1,302.7,311.7,25.1,177,7.487173694213739,9.0,4689.183082650174,4442.7
0,300.4,309.7,32.6,71,7.368339686311381,9.300000000000011,5407.560602771039,2314.6
0,302.3,311.3,34.1,129,7.387090235656757,9.0,5763.503050422763,4398.900000000001
1,297.3,308.4,34.5,97,7.430707082545968,11.099999999999966,6091.23399604525,3346.5
0,297.9,309.0,47.3,28,7.22983877815125,11.100000000000023,6830.524051263512,1324.3999999999999
0,297.0,307.9,47.7,168,7.208600337960199,10.899999999999977,6743.428630930492,8013.6
0,298.8,309.1,52.5,111,7.208600337960199,10.300000000000011,7422.0126441058865,5827.5
0,298.2,307.6,37.2,178,7.30854279753919,9.400000000000034,5812.197736553405,6621.6
0,298.6,309.6,50.3,196,7.237778191923443,11.0,7321.691118701252,9858.8
1,302.1,310.9,23.1,51,7.558516743045645,8.799999999999955,4634.854473694094,1178.1000000000001
0,300.6,311.0,40.7,87,7.355001921105257,10.399999999999977,6661.65297415755,3540.9
2,302.4,310.9,40.7,174,7.275864600546533,8.5,6154.4637841865,7081.8
1,297.9,309.0,13.9,82,7.806696372521179,11.100000000000023,3574.9648881769936,1139.8
1,298.6,309.0,40.8,6,7.301147805856032,10.399999999999977,6327.670259154418,244.79999999999998
0,302.0,309.8,58.1,145,7.284134806195205,7.800000000000011,8858.621076690451,8424.5
0,300.2,310.0,47.3,172,7.309212365692763,9.800000000000011,7395.193914819742,8135.599999999999
1,297.3,308.8,32.7,131,7.369600720526409,11.5,5430.996883966819,4283.700000000001
0,297.4,308.6,46.4,114,7.272398392570047,11.200000000000045,6992.096161437634,5289.599999999999
0,297.9,309.9,45.0,183,7.29505641646263,12.0,6936.636579126262,8235.0
0,297.4,308.6,36.2,116,7.383989457978509,11.200000000000045,6099.485912748679,4199.200000000001
0,300.6,309.5,49.6,29,7.294377299288821,8.899999999999977,7640.520885138569,1438.4
1,299.1,308.4,51.7,71,7.195187320178709,9.299999999999955,7211.463104462298,3670.7000000000003
0,300.4,310.8,56.0,146,7.207118856207756,10.400000000000034,7905.084874472877,8176.0
0,299.6,310.2,42.7,81,7.295735072749282,10.599999999999966,6586.568909736753,3458.7000000000003
0,300.8,311.3,45.5,141,7.317212408359839,10.5,7170.947031206501,6415.5
0,303.8,312.7,41.7,190,7.254884810077338,8.899999999999977,6174.674696924594,7923.000000000001
0,300.6,310.0,52.9,93,7.1808311990445555,9.399999999999977,7273.593335174792,4919.7
0,301.0,312.1,30.7,200,7.424165281042028,11.100000000000023,5384.951607640704,6140.0
1,300.2,311.4,38.5,68,7.280008252884188,11.199999999999989,5845.980329555007,2618.0
0,303.1,312.5,49.1,140,7.282073658093465,9.399999999999977,7470.948185673303,6874.0
0,299.0,310.1,41.3,85,7.317212408359839,11.100000000000023,6509.013459095132,3510.4999999999995
1,300.8,310.4,39.4,62,7.280008252884188,9.599999999999966,5982.639609986163,2442.7999999999997
1,297.7,309.6,35.2,173,7.3758821482150125,11.900000000000034,5883.072066818391,6089.6
1,300.4,309.8,44.4,136,7.213031659834869,9.400000000000034,6304.799464636283,6038.4
0,298.4,310.1,42.2,94,7.283448228756631,11.700000000000045,6429.8976841022295,3966.8
0,299.7,310.9,40.1,195,7.307872780763706,11.199999999999989,6261.09991082485,7819.5
0,298.9,309.9,39.8,62,7.247792581767846,11.0,5851.656140282492,2467.6
0,300.7,311.1,14.3,135,7.774015077250727,10.400000000000034,3559.539668247867,1930.5
1,302.1,311.3,45.0,204,7.321188556739478,9.199999999999989,7120.419749361266,9180.0
1,297.9,309.6,38.8,124,7.323830566202317,11.700000000000045,6155.63664544384,4811.2
1,300.4,310.5,31.4,41,7.405495663199472,10.100000000000023,5405.801310885029,1287.3999999999999
0,300.0,309.8,40.6,78,7.29641326877392,9.800000000000011,6266.8909132829685,3166.8
1,300.1,309.1,38.0,26,7.335633981927201,9.0,6100.344614740659,988.0
0,303.5,312.0,54.5,30,7.220373836723949,8.5,7796.0716093933115,1635.0
0,301.8,310.8,33.3,190,7.351158226430694,9.0,5429.520335419631,6326.999999999999
0,299.7,310.3,37.7,4,7.317212408359839,10.600000000000023,5941.6418258568165,150.8
0,303.7,313.0,28.0,44,7.43543801981455,9.300000000000011,4967.067424835703,1232.0
0,300.3,311.8,37.2,9,7.347299700743164,11.5,6042.036655090035,334.8
0,302.1,310.8,27.1,233,7.480428306074208,8.699999999999989,5028.768304552206,6314.3
0,301.9,310.6,68.6,85,7.194436851100335,8.700000000000045,9561.604792808725,5830.999999999999
0,301.0,311.0,56.0,33,7.271008538280992,10.0,8427.008133989262,1848.0
1,297.5,308.9,37.7,12,7.336936913707618,11.399999999999977,6060.079868897151,452.40000000000003
0,297.5,308.5,39.9,110,7.2254814727822945,11.0,5736.8309287937855,4389.0
0,301.5,311.1,27.9,101,7.4570320891223805,9.600000000000023,5057.430101528456,2817.8999999999996
1,302.8,312.3,70.5,234,7.141245122350491,9.5,9317.02133275125,16497.0
0,297.5,308.4,39.9,160,7.332369205929062,10.899999999999977,6384.470254331321,6384.0
0,301.4,310.8,53.2,4,7.217443431696533,9.400000000000034,7587.825904362355,212.8
0,302.5,310.9,56.9,97,7.193685818395112,8.399999999999977,7924.876908190492,5519.3
0,298.0,309.6,34.8,41,7.3987862754199485,11.600000000000023,5951.056131842073,1426.8
1,300.7,310.1,40.2,162,7.302496423727326,9.400000000000034,6243.035753066709,6512.400000000001
2,303.8,312.9,45.6,184,7.229113877793302,9.099999999999966,6580.254308503037,8390.4
2,299.1,310.4,54.5,104,7.222566018822171,11.299999999999955,7813.193289355376,5668.0
0,300.3,309.9,39.9,203,7.340186835320115,9.599999999999966,6434.610073082614,8099.7
0,303.9,312.7,38.4,177,7.332369205929062,8.800000000000011,6144.452575597061,6796.8
1,300.5,309.7,50.9,137,7.201916317531627,9.199999999999989,7147.845853227105,6973.3
1,299.3,310.9,25.1,2,7.510430556378006,11.599999999999966,4799.578648497319,50.2
0,298.3,308.0,42.3,86,7.304515946460155,9.699999999999989,6582.453423360549,3637.7999999999997
0,299.1,310.2,29.6,8,7.4360278163518485,11.099999999999966,5253.99955386357,236.8
1,300.3,309.4,33.1,150,7.385851078125209,9.099999999999966,5587.55291787071,4965.0
0,302.4,311.8,50.9,99,7.233455418621439,9.400000000000034,7377.045981257504,5039.099999999999
0,298.1,309.5,41.8,48,7.291656209174461,11.399999999999977,6421.478215790608,2006.3999999999999
0,300.6,312.0,30.1,128,7.356918242356021,11.399999999999977,4936.133209173355,3852.8
2,300.5,311.7,50.3,175,7.282761179605593,11.199999999999989,7658.804954382461,8802.5
0,296.8,307.6,48.7,142,7.173958319756794,10.800000000000011,6650.207104922971,6915.400000000001
1,297.3,308.3,32.2,29,7.3752557780097545,11.0,5378.301903190607,933.8000000000001
0,299.2,310.3,40.1,23,7.265429723253953,11.100000000000023,6000.745655646352,922.3000000000001
0,303.6,312.9,31.9,53,7.370860166536716,9.299999999999955,5304.809579047629,1690.6999999999998
0,303.9,313.2,40.0,100,7.301147805856032,9.300000000000011,6203.598293288645,4000.0
2,298.9,310.2,37.7,166,7.334981878871814,11.300000000000011,6048.236064593118,6258.200000000001
0,297.4,308.5,52.1,130,7.16703787691222,11.100000000000023,7065.389518045884,6773.0
0,302.2,310.8,46.9,45,7.232733136177615,8.600000000000023,6792.406060399956,2110.5
1,301.9,310.9,28.4,103,7.475339236566737,9.0,5243.234363037269,2925.2
1,297.7,309.0,40.4,35,7.316548177182976,11.300000000000011,6362.939872678719,1414.0
0,298.6,309.3,27.6,143,7.440146680662688,10.699999999999989,4919.231440697043,3946.8
0,297.8,308.4,32.5,190,7.325807502595773,10.599999999999966,5166.349118828415,6175.0
0,300.5,310.6,45.2,8,7.313220387090301,10.100000000000023,7095.266064181524,361.6
1,301.4,310.6,36.1,110,7.356279876550748,9.200000000000045,5916.299645117858,3971.0
0,297.5,308.6,39.0,72,7.2813856635702825,11.100000000000023,5930.070292916093,2808.0
0,301.9,310.4,34.8,71,7.384610383176974,8.5,5867.238439844296,2470.7999999999997
1,299.9,311.2,35.5,162,7.365180126021013,11.300000000000011,5870.013513354968,5751.0
0,297.6,309.1,49.1,174,7.27931883541462,11.5,7450.381225767803,8543.4
1,303.6,312.8,11.4,26,7.886081401775745,9.199999999999989,3174.328049040199,296.40000000000003
2,298.9,310.6,38.8,213,7.326465613840322,11.700000000000045,6171.889151438411,8264.4
0,300.6,311.7,29.9,72,7.45876269238096,11.099999999999966,5429.363255786952,2152.7999999999997
0,297.2,308.0,25.4,163,7.533693709848633,10.800000000000011,4971.319046893561,4140.2
1,300.5,310.2,34.6,228,7.360103972989152,9.699999999999989,5692.209841137298,7888.8
0,298.4,309.1,42.5,139,7.291656209174461,10.700000000000045,6529.014932322988,5907.5
1,300.7,310.6,19.1,102,7.604396348796338,9.900000000000034,4012.2955295077163,1948.2
0,299.8,310.2,23.5,166,7.555905093611346,10.399999999999977,4702.807122791241,3901.0
0,298.4,308.2,27.0,194,7.523481312573497,9.800000000000011,5230.751768227006,5238.0
1,299.6,310.2,30.0,70,7.390798521735676,10.599999999999966,5089.380098815464,2100.0
0,302.4,310.4,38.5,142,7.3277805384216315,8.0,6132.231780174596,5467.0
0,295.5,306.0,39.2,167,7.284134806195205,10.5,5976.900967405606,6546.400000000001
0,297.6,308.6,47.3,169,7.255591274253665,11.0,7008.840850281268,7993.7
0,299.2,308.4,39.4,0,7.31986492980897,9.199999999999989,6226.071152737323,0.0
1,301.8,310.7,47.9,53,7.265429723253953,8.899999999999977,7167.972990161104,2538.7
1,303.6,312.7,27.5,115,7.476472381163905,9.099999999999966,5082.835114120487,3162.5
0,302.6,311.5,59.8,169,7.274479558773871,8.899999999999977,9030.152035576453,10106.199999999999
0,301.4,310.5,33.9,208,7.360103972989152,9.100000000000023,5577.049526432207,7051.2
0,297.3,308.0,49.0,61,7.277938572945661,10.699999999999989,7424.944797249236,2989.0
0,302.3,311.5,37.5,55,7.318539548567902,9.199999999999989,5917.9751611997735,2062.5
0,300.5,310.5,26.7,28,7.4360278163518485,10.0,4739.2495975728825,747.6
0,301.0,310.9,36.7,199,7.30854279753919,9.899999999999977,5734.076799234139,7303.3
1,301.3,311.1,30.7,34,7.425953657077541,9.800000000000011,5394.596297087225,1043.8
0,301.5,310.6,43.9,142,7.356279876550748,9.100000000000023,7194.613695863543,6233.8
0,299.9,309.6,49.7,126,7.166265974133638,9.700000000000045,6734.715947304536,6262.200000000001
0,301.7,309.9,37.7,93,7.382746449738912,8.199999999999989,6344.331172193956,3506.1000000000004
0,297.2,308.3,39.7,115,7.258412150595307,11.100000000000023,5899.31410083745,4565.5
0,300.7,311.2,24.3,24,7.538494999413465,10.5,4778.927912787722,583.2
0,297.9,308.0,46.2,6,7.307202314764738,10.100000000000023,7208.69850292714,277.20000000000005
1,297.4,308.5,32.2,84,7.40184157874383,11.100000000000023,5523.296876129288,2704.8
0,300.2,309.7,60.7,15,7.151485463904735,9.5,8104.523648098269,910.5
0,298.0,307.8,33.3,121,7.392031567514591,9.800000000000011,5656.186245376135,4029.2999999999997
0,301.7,310.2,48.1,12,7.269616749608169,8.5,7228.1240175018365,577.2
0,301.3,311.3,42.5,213,7.31986492980897,10.0,6715.93969521158,9052.5
1,302.3,311.9,42.3,159,7.319202458767849,9.599999999999966,6679.905627474905,6725.7
0,300.8,310.8,36.2,31,7.355641102974253,10.0,5928.897431658755,1122.2
1,298.2,308.9,35.5,15,7.387090235656757,10.699999999999989,6000.127809091146,532.5
0,298.8,310.3,36.8,97,7.348587530927593,11.5,5984.775892990603,3569.6
0,298.7,309.7,45.7,99,7.2399325913204695,11.0,6666.4700828930545,4524.3
1,300.4,311.7,38.7,5,7.349873704738337,11.300000000000011,6301.877783468446,193.5
0,298.6,309.3,37.6,175,7.338238150065589,10.699999999999989,6051.880312071283,6580.0
0,300.7,311.9,50.2,222,7.24422751560335,11.199999999999989,7354.447458102683,11144.400000000001
1,299.9,309.5,57.9,59,7.253470382684528,9.600000000000023,8561.342635856761,3416.1
1,298.0,309.0,38.5,34,7.272398392570047,11.0,5801.63151326183,1309.0
0,302.2,310.9,34.0,49,7.317876198626496,8.699999999999989,5362.0703411470595,1666.0
1,297.6,309.6,35.8,57,7.373374309910049,12.0,5968.355835387841,2040.6
1,297.8,309.3,15.7,36,7.716015266642587,11.5,3687.7166485143307,565.1999999999999
1,298.1,307.9,37.0,29,7.358830898342354,9.799999999999955,6079.295943961609,1073.0
1,296.8,307.5,36.7,135,7.324489979348532,10.699999999999989,5826.313959543535,4954.5
0,298.0,308.7,69.4,189,7.1459844677143876,10.699999999999989,9215.254674725966,13116.6
0,298.2,309.0,29.3,91,7.484930283289661,10.800000000000011,5461.554108510736,2666.3
0,302.8,312.1,20.3,56,7.580189417944541,9.300000000000011,4162.337994643165,1136.8
0,298.8,309.8,37.2,139,7.351158226430694,11.0,6065.410104432742,5170.8
0,303.5,312.4,43.7,20,7.301147805856032,8.899999999999977,6777.431135417845,874.0
0,298.5,309.3,44.7,119,7.294377299288821,10.800000000000011,6885.711362211573,5319.3
0,298.6,308.2,51.4,168,7.237778191923443,9.599999999999966,7481.807624279211,8635.199999999999
1,301.2,310.7,22.5,28,7.5822291942764615,9.5,4622.85358975738,630.0
0,300.6,311.8,44.8,226,7.31455283232408,11.199999999999989,7041.858989070498,10124.8
1,302.3,311.7,30.8,130,7.430114138561801,9.399999999999977,5434.745851200103,4004.0
0,301.0,311.2,42.9,26,7.321188556739478,10.199999999999989,6788.133494391073,1115.3999999999999
1,296.9,308.4,46.9,186,7.280008252884188,11.5,7121.466946912463,8723.4
0,298.5,309.7,42.6,120,7.271008538280992,11.199999999999989,6410.545473356117,5112.0
0,303.1,311.2,40.1,219,7.269616749608169,8.099999999999966,6025.941228728143,8781.9
0,298.9,310.1,38.2,58,7.3796321526095525,11.200000000000045,6408.472022204748,2215.6000000000004
1,300.8,309.7,27.9,183,7.468513271496337,8.899999999999977,5115.8637248852265,5105.7
0,298.5,309.5,44.5,132,7.3453648404168685,11.0,7213.7250511728835,5874.0
1,300.4,309.6,35.5,164,7.424165281042028,9.200000000000045,6226.898438802769,5822.0
0,301.7,311.1,32.8,206,7.405495663199472,9.400000000000034,5646.824299268437,6756.799999999999
1,303.3,312.6,47.1,137,7.242797922793756,9.300000000000011,6890.423751191957,6452.7
0,303.4,311.9,63.9,59,7.1693500166706,8.5,8685.686873085844,3770.1
2,297.2,308.6,46.6,98,7.304515946460155,11.400000000000034,7251.591714624152,4566.8
1,302.6,310.4,35.1,25,7.3427791893318455,7.7999999999999545,5675.22429685689,877.5
1,302.0,310.4,32.9,135,7.3752557780097545,8.399999999999977,5495.221509781707,4441.5
1,295.8,306.4,51.7,69,7.197435354096591,10.599999999999966,7227.7051384813585,3567.3
2,297.6,308.6,46.7,85,7.288927694521257,11.0,7154.673581260909,3969.5000000000005
0,299.7,311.0,21.0,201,7.592870287844818,11.300000000000011,4360.844762447992,4221.0
1,300.6,311.4,40.4,55,7.292337176173877,10.799999999999955,6210.6354608326865,2222.0
1,303.4,311.8,42.7,197,7.238496840894365,8.400000000000034,6219.903159160777,8411.900000000001
1,302.6,310.5,33.7,204,7.329749689041512,7.899999999999977,5378.280959239582,6874.8
0,304.0,312.8,42.7,198,7.341483852363161,8.800000000000011,6895.104724245807,8454.6
0,295.6,306.2,54.8,49,7.160845906664299,10.599999999999966,7385.633001177316,2685.2
0,298.4,310.1,35.2,92,7.335633981927201,11.700000000000045,5650.845537865032,3238.4
2,302.8,312.5,46.1,4,7.260522598089852,9.699999999999989,6864.8197710652,184.4
0,298.2,309.4,52.9,79,7.243512974665482,11.199999999999989,7744.465714070343,4179.099999999999
0,300.3,311.1,28.6,158,7.424761761823209,10.800000000000011,5019.594854003723,4518.8
0,298.1,310.0,40.9,49,7.348587530927593,11.899999999999977,6651.557989764013,2004.1
1,299.3,308.4,37.5,203,7.341483852363161,9.099999999999966,6055.419839794326,7612.5
0,298.0,308.8,44.9,179,7.311218384419629,10.800000000000011,7034.067839289594,8037.099999999999
0,301.5,310.5,44.5,117,7.242082359256962,9.0,6505.400627543504,5206.5
0,299.8,310.5,38.8,215,7.311218384419629,10.699999999999989,6078.437241969627,8342.0
0,298.3,310.1,45.9,99,7.329093736246592,11.800000000000011,7320.5077854684005,4544.099999999999
0,298.2,308.8,47.0,18,7.274479558773871,10.600000000000023,7097.276683479821,846.0
1,301.4,311.2,36.5,25,7.29776828253138,9.800000000000011,5641.6720873165505,912.5
1,297.2,308.3,43.7,46,7.266827347520591,11.100000000000023,6548.618470481389,2010.2
2,296.8,308.1,43.7,222,7.30854279753919,11.300000000000011,6827.769921703865,9701.400000000001
1,303.5,312.5,51.0,172,7.21081845347222,9.0,7225.977262521883,8772.0
2,298.2,309.0,39.1,100,7.329749689041512,10.800000000000011,6240.082655972335,3910.0
1,299.5,311.0,43.3,136,7.280697195384741,11.5,6579.364190584519,5888.799999999999
0,300.8,310.8,45.7,146,7.304515946460155,10.0,7111.539514127119,6672.200000000001
0,297.9,309.0,40.2,30,7.315218389752975,11.100000000000023,6323.020702027105,1206.0
2,298.1,309.9,29.1,60,7.430707082545968,11.799999999999955,5137.82345753382,1746.0
0,299.2,309.1,34.3,107,7.381501894506707,9.900000000000034,5764.97959896995,3670.1
1,301.8,310.3,46.5,60,7.290292882446597,8.5,7133.771518139023,2790.0
1,297.4,308.8,33.9,123,7.3613754289773485,11.400000000000034,5584.149525829322,4169.7
0,299.6,309.3,34.8,115,7.351799869057777,9.699999999999989,5677.737570979762,4001.9999999999995
1,300.7,309.5,43.8,41,7.272398392570047,8.800000000000011,6600.297669632939,1795.8
0,300.7,312.3,53.8,67,7.259116128097101,11.600000000000023,8000.170412121527,3604.6
2,300.5,311.6,41.7,97,7.29776828253138,11.100000000000023,6445.417151810963,4044.9
0,303.9,313.1,62.9,130,7.1785454837637,9.200000000000045,8628.803102104846,8177.0
0,303.5,312.9,44.8,111,7.316548177182976,9.399999999999977,7055.93332415858,4972.799999999999
0,303.5,312.9,44.0,128,7.31455283232408,9.399999999999977,6916.1115071228105,5632.0
2,299.8,310.2,33.3,168,7.3613754289773485,10.399999999999977,5485.315020947386,5594.4
0,301.2,311.0,32.8,57,7.3613754289773485,9.800000000000011,5402.952933545774,1869.6
1,296.4,307.5,31.4,72,7.429520842786462,11.100000000000023,5537.329323315322,2260.7999999999997
1,298.2,308.9,54.4,75,7.190676034332207,10.699999999999989,7553.8967037035845,4080.0
0,297.7,308.7,46.8,188,7.29641326877392,11.0,7223.903811370515,8798.4
0,299.8,309.1,35.4,205,7.385851078125209,9.300000000000011,5975.811881952361,7257.0
2,301.1,310.0,40.1,23,7.293697720601438,8.899999999999977,6172.915405038584,922.3000000000001
1,298.5,309.5,44.8,92,7.302496423727326,11.0,6957.412978542003,4121.599999999999
1,300.1,310.4,37.1,77,7.300472814267799,10.299999999999955,5749.952314110279,2856.7000000000003
0,297.3,308.5,47.5,27,7.311886164077165,11.199999999999989,7446.359987171207,1282.5
0,303.6,311.8,32.9,99,7.459914766241105,8.199999999999989,5981.005981806295,3257.1
1,298.9,309.8,21.7,105,7.5745584842024805,10.900000000000034,4424.399181830113,2278.5
1,297.5,308.5,30.0,163,7.385851078125209,11.0,5064.247357586746,4890.0
0,302.3,311.5,35.6,41,7.356279876550748,9.199999999999989,5834.3564367367235,1459.6000000000001
0,298.1,308.1,32.8,65,7.388327859577107,10.0,5550.649676166541,2132.0
0,299.7,309.2,30.0,168,7.390798521735676,9.5,5089.380098815464,5040.0
1,298.3,309.0,41.3,93,7.317212408359839,10.699999999999989,6509.013459095132,3840.8999999999996
0,301.3,310.1,41.6,9,7.3343293503005365,8.800000000000011,6669.559315669084,374.40000000000003
0,300.1,311.6,36.6,74,7.333676395657684,11.5,5864.096847190708,2708.4
0,298.3,308.4,37.0,174,7.374001859350161,10.099999999999966,6172.287086507866,6438.0
2,303.9,313.0,36.0,142,7.325148957955575,9.100000000000023,5718.9552665948595,5112.0
0,300.2,310.3,38.7,48,7.323170717943469,10.100000000000023,6135.718948020081,1857.6000000000001
0,299.3,308.5,26.1,52,7.480428306074208,9.199999999999989,4843.204898480169,1357.2
1,299.5,310.7,39.5,95,7.305860032684009,11.199999999999989,6155.008326913123,3752.5
0,300.7,311.3,35.2,48,7.328437352895162,10.600000000000023,5610.298048682701,1689.6000000000001
0,301.5,311.1,45.1,97,7.286191714702382,9.600000000000023,6890.65413465322,4374.7
2,300.8,310.5,31.1,193,7.367077059881012,9.699999999999989,5152.232895838285,6002.3
0,298.9,309.6,34.2,197,7.371489295214277,10.700000000000045,5690.869428271768,6737.400000000001
0,300.4,310.2,36.2,10,7.333023014386481,9.800000000000011,5796.217501922145,362.0
0,298.5,309.5,52.4,113,7.223295679562314,11.0,7517.621780530135,5921.2
1,298.0,309.1,34.8,40,7.362010551259734,11.100000000000023,5736.0455306303875,1392.0
0,298.0,309.2,28.7,38,7.4570320891223805,11.199999999999989,5202.446018418161,1090.6
1,298.5,309.6,48.2,107,7.273786317844895,11.100000000000023,7273.436255542114,5157.400000000001
1,299.8,309.7,61.7,134,7.186144304522325,9.899999999999977,8528.79573596557,8267.800000000001
0,298.0,308.7,26.2,206,7.4798641311650265,10.699999999999989,4859.017581503237,5397.2
1,297.4,308.6,42.6,80,7.293017679772782,11.200000000000045,6553.299443535237,3408.0
0,298.6,308.3,40.4,179,7.260522598089852,9.699999999999989,6016.024267918309,7231.599999999999
0,301.0,310.5,39.4,98,7.265429723253953,9.5,5895.994484600156,3861.2
1,300.8,310.3,24.5,95,7.533158807455563,9.5,4792.604312806349,2327.5
0,301.2,310.3,38.6,59,7.3453648404168685,9.100000000000023,6257.298583714007,2277.4
1,302.2,311.4,31.6,62,7.394493107219038,9.199999999999989,5380.668569656311,1959.2
0,296.9,307.6,45.0,119,7.269616749608169,10.700000000000045,6762.278186852031,5355.0
2,298.3,309.2,42.4,16,7.304515946460155,10.899999999999977,6598.014778971331,678.4
0,298.8,309.7,28.5,152,7.462214939768189,10.899999999999977,5193.0526563839285,4332.0
2,298.9,309.7,48.6,161,7.249925536717988,10.800000000000011,7160.757799033359,7824.6
2,297.7,307.1,22.5,7,7.526178913346146,9.400000000000034,4370.7407793068,157.5
1,297.8,309.8,25.5,203,7.4949862339505335,12.0,4801.296052481282,5176.5
1,298.2,308.0,21.7,32,7.585788821732034,9.800000000000011,4474.392392924239,694.4
1,299.3,308.4,42.2,83,7.292337176173877,9.099999999999966,6487.346941760876,3502.6000000000004
2,301.3,311.0,36.6,184,7.365812837209472,9.699999999999989,6055.733999059686,6734.400000000001
1,298.9,308.6,40.4,131,7.329749689041512,9.700000000000045,6447.553434815403,5292.4
0,300.3,310.2,48.8,36,7.222566018822171,9.899999999999977,6996.033624230134,1756.8
0,299.8,309.3,65.1,212,7.170119543449628,9.5,8855.615619718516,13801.199999999999
1,300.5,311.2,36.6,205,7.347299700743164,10.699999999999989,5944.58445097568,7503.0
0,303.0,312.3,42.4,112,7.304515946460155,9.300000000000011,6598.014778971331,4748.8
1,300.9,311.8,24.5,25,7.519692404116539,10.900000000000034,4728.4634627955575,612.5
1,304.0,313.3,27.1,88,7.520234556474628,9.300000000000011,5233.097490741686,2384.8
0,300.7,312.0,51.1,50,7.2456550675945355,11.300000000000011,7497.002460747074,2555.0
0,303.0,311.2,26.1,194,7.459338895220296,8.199999999999989,4742.077030961114,5063.400000000001
0,300.6,311.5,47.0,63,7.286191714702382,10.899999999999977,7180.947767820429,2961.0
1,299.5,309.3,41.5,77,7.317876198626496,9.800000000000011,6544.879975223616,3195.5
0,301.8,310.6,11.8,124,7.890956716138919,8.800000000000011,3301.7719910208257,1463.2
0,300.5,312.0,39.0,153,7.2991214627108,11.5,6036.256124607428,5967.0
1,301.3,311.0,47.5,197,7.246368080102461,9.699999999999989,6973.8120921937425,9357.5
1,297.5,308.5,50.5,6,7.2456550675945355,11.0,7408.975034593488,303.0
0,301.5,311.2,28.8,39,7.438971592395862,9.699999999999989,5127.079210658542,1123.2
1,300.7,311.1,49.9,96,7.2254814727822945,10.400000000000034,7174.633166586714,4790.4
1,301.5,310.7,38.6,14,7.2868764117507,9.199999999999989,5901.5865195235465,540.4
0,298.8,309.7,29.6,160,7.468513271496337,10.899999999999977,5427.583019949919,4736.0
0,297.8,308.7,44.2,62,7.247792581767846,10.899999999999977,6498.572899509703,2740.4
1,300.0,309.7,28.6,112,7.410347097821024,9.699999999999989,4947.71521408959,3203.2000000000003
1,300.4,310.0,42.3,186,7.353081920515432,9.600000000000023,6910.247200836108,7867.799999999999
2,297.5,308.5,39.1,47,7.351158226430694,11.0,6375.202556003232,1837.7
0,300.5,310.2,25.9,27,7.475905969367397,9.699999999999989,4784.394284004968,699.3
0,303.4,311.5,50.8,128,7.261927092702751,8.100000000000023,7575.343309552092,6502.4
0,298.9,310.1,37.3,100,7.365812837209472,11.200000000000045,6171.5540482220285,3729.9999999999995
0,302.4,310.1,43.7,104,7.265429723253953,7.7000000000000455,6539.46596388393,4544.8
0,298.3,308.4,43.4,172,7.3031700512368,10.099999999999966,6744.538660334759,7464.8
1,302.4,311.8,50.6,133,7.214504414151143,9.400000000000034,7195.797029096398,6729.8
0,302.4,311.5,39.9,58,7.372118028337787,9.100000000000023,6643.525984546334,2314.2
1,303.1,311.1,35.5,13,7.374629015218945,8.0,5925.776782956188,461.5
2,297.4,307.9,52.0,131,7.237778191923443,10.5,7569.143900049008,6812.0
2,297.4,309.0,41.4,156,7.292337176173877,11.600000000000023,6364.364061348347,6458.4
1,300.0,309.6,36.2,53,7.389563953677635,9.600000000000023,6133.603608966664,1918.6000000000001
0,302.4,311.9,29.9,204,7.421775793644647,9.5,5232.102653068049,6099.599999999999
0,303.9,313.0,31.4,209,7.394493107219038,9.100000000000023,5346.613705291396,6562.599999999999
0,302.6,310.4,42.7,75,7.323170717943469,7.7999999999999545,6769.901785024741,3202.5
2,300.4,311.2,45.3,180,7.306531398939505,10.800000000000011,7063.525506404754,8153.999999999999
1,302.6,312.2,56.5,168,7.21081845347222,9.599999999999966,8005.24932024483,9492.0
2,298.7,308.4,42.8,197,7.267525427828172,9.699999999999989,6418.2319033818985,8431.599999999999
1,296.7,307.8,69.0,105,7.138073034044347,11.100000000000023,9089.884183896707,7245.0
2,299.0,308.8,58.5,199,7.232010331664759,9.800000000000011,8466.278042159132,11641.5
0,299.7,309.6,50.7,161,7.215239978730097,9.900000000000034,7215.327263426214,8162.700000000001
1,299.6,310.1,46.1,76,7.283448228756631,10.5,7024.129934528739,3503.6
1,302.4,311.1,22.4,197,7.543273346705446,8.700000000000045,4426.378385201874,4412.799999999999
1,299.2,310.4,52.0,34,7.189922170745808,11.199999999999989,7215.191127744558,1768.0
1,299.1,310.6,43.2,80,7.27931883541462,11.5,6555.12156727432,3456.0
0,302.9,312.2,23.6,96,7.455876687491824,9.300000000000011,4273.026775804646,2265.6000000000004
0,303.5,312.1,30.8,0,7.423568444259167,8.600000000000023,5399.266798165562,0.0
0,298.9,310.2,53.0,185,7.217443431696533,11.300000000000011,7559.300243067759,9805.0
0,300.3,309.2,35.2,196,7.409136443920128,8.899999999999977,6082.123377349841,6899.200000000001
0,302.8,312.2,36.5,52,7.31986492980897,9.399999999999977,5767.807032358181,1898.0
0,299.2,308.5,46.6,63,7.271703706887368,9.300000000000011,7017.354566372497,2935.8
0,296.2,307.3,24.3,40,7.540090320145325,11.100000000000023,4786.561982935946,972.0
0,298.5,309.3,33.1,109,7.392647520721623,10.800000000000011,5625.681380709778,3607.9
1,303.8,312.4,33.4,203,7.37650812632622,8.599999999999966,5585.730794131628,6780.2
0,300.1,309.1,46.7,77,7.244941546337007,9.0,6846.577589723355,3595.9
0,297.5,308.2,31.3,3,7.4073177104694174,10.699999999999989,5398.4185681490935,93.9
0,295.5,306.0,37.2,16,7.37650812632622,10.5,6221.233100050796,595.2
0,299.5,308.8,20.4,164,7.583756300707112,9.300000000000011,4197.796103726681,3345.6
1,298.8,309.7,35.3,149,7.371489295214277,10.899999999999977,5873.90908824542,5259.7
0,297.9,308.4,40.6,175,7.4067107301776405,10.5,6998.1699072345755,7105.0
0,299.2,308.5,26.1,69,7.507690077819904,9.300000000000011,4977.130993302701,1800.9
0,302.8,310.9,35.0,38,7.400620577371135,8.099999999999966,5996.253178151718,1330.0
1,300.7,310.8,46.4,75,7.293017679772782,10.100000000000023,7137.866060564202,3480.0
2,302.7,312.0,41.5,65,7.3031700512368,9.300000000000011,6449.270838799366,2697.5
0,298.9,310.1,51.7,192,7.216709486709457,11.200000000000045,7368.469433313206,9926.400000000001
0,304.0,313.2,30.6,121,7.398174092970465,9.199999999999989,5229.620794871714,3702.6000000000004
0,303.5,312.5,46.4,168,7.284820912568604,9.0,7079.558100913575,7795.2
2,300.3,309.7,30.8,144,7.367077059881012,9.399999999999977,5102.532900058494,4435.2
0,298.9,308.6,24.1,213,7.4798641311650265,9.700000000000045,4469.554340237712,5133.3
0,297.2,308.4,42.1,41,7.2868764117507,11.199999999999989,6436.704468185008,1726.1000000000001
2,299.7,309.2,55.5,87,7.172424577124845,9.5,7567.154224701735,4828.5
0,301.3,310.9,33.9,157,7.3758821482150125,9.599999999999966,5665.79951889612,5322.3
0,298.4,308.9,29.5,107,7.442492722794441,10.5,5270.231115907117,3156.5
1,301.5,311.1,40.0,94,7.246368080102461,9.600000000000023,5872.68386711052,3760.0
0,297.9,309.0,43.9,116,7.232010331664759,11.100000000000023,6353.326599158734,5092.4
1,297.2,308.5,46.5,185,7.21081845347222,11.300000000000011,6588.391033475834,8602.5
0,302.5,312.0,44.2,177,7.252762418053187,9.5,6530.973191743726,7823.400000000001
2,298.2,308.8,51.9,153,7.270312886079025,10.600000000000023,7804.595797460051,7940.7
0,298.9,309.5,31.1,169,7.406103381237015,10.600000000000023,5357.410312044234,5255.900000000001
1,303.2,311.2,31.9,33,7.4318919168078,8.0,5638.865597879343,1052.7
0,300.5,311.9,49.4,37,7.266827347520591,11.399999999999977,7402.786097065917,1827.8
0,297.9,307.8,45.0,104,7.242797922793756,9.900000000000034,6583.207405597411,4680.0
0,301.7,309.9,49.0,187,7.183870715062453,8.199999999999989,6757.8799571370055,9163.0
0,299.1,310.5,48.8,76,7.258412150595307,11.399999999999977,7251.549826722104,3708.7999999999997
1,298.1,308.0,20.8,29,7.562681246721884,9.899999999999977,4190.800824084688,603.2
0,302.7,310.7,57.7,19,7.243512974665482,8.0,8447.177158825309,1096.3
0,303.7,313.1,34.8,50,7.451241684987676,9.400000000000034,6271.749909920519,1739.9999999999998
0,298.2,307.7,38.3,87,7.315883504509785,9.5,6028.182231487702,3332.1
0,301.0,311.2,46.3,62,7.218176838403408,10.199999999999989,6608.539114360857,2870.6
0,299.4,309.3,36.0,197,7.3427791893318455,9.900000000000034,5820.742868571169,7092.0
0,302.5,311.5,26.4,192,7.497207223203318,9.0,4981.811966356549,5068.799999999999
2,300.3,309.9,30.1,130,7.425357887027151,9.599999999999966,5286.012383003651,3913.0
0,301.3,310.5,52.7,106,7.198931240688173,9.199999999999989,7378.543473755715,5586.200000000001
0,300.7,310.0,29.7,176,7.422373700986824,9.300000000000011,5200.215487634114,5227.2
0,297.8,307.5,51.2,107,7.278628942320682,9.699999999999989,7763.671317159289,5478.400000000001
1,299.0,310.0,30.0,53,7.419380582918692,11.0,5237.034953534185,1590.0
1,298.7,309.9,53.0,144,7.268920128193722,11.199999999999989,7958.910828604382,7632.0
0,299.9,309.5,51.3,176,7.2078598714324755,9.600000000000023,7246.994517374398,9028.8
0,301.7,310.6,46.0,112,7.249215057114389,8.900000000000034,6772.854882119114,5152.0
0,301.5,310.4,41.1,151,7.305860032684009,8.899999999999977,6404.325119902009,6206.1
0,302.6,312.0,45.5,173,7.277938572945661,9.399999999999977,6894.591597445719,7871.5
0,299.0,309.9,44.7,94,7.252762418053187,10.899999999999977,6604.852978980645,4201.8
0,303.4,312.2,69.4,52,7.198931240688173,8.800000000000011,9716.715694091967,3608.8
0,298.3,308.6,38.3,142,7.313220387090301,10.300000000000011,6012.13916500337,5438.599999999999
1,297.9,307.8,43.5,106,7.280008252884188,9.900000000000034,6605.19855417254,4611.0
1,297.4,308.5,31.4,76,7.356918242356021,11.100000000000023,5149.321686645958,2386.4
2,299.2,308.9,26.4,95,7.44600149832412,9.699999999999989,4732.997828192239,2508.0
0,297.4,308.5,47.2,69,7.297091005160418,11.100000000000023,7290.589351430714,3256.8
0,298.8,308.2,53.4,21,7.275172319452771,9.399999999999977,8069.306394451528,1121.3999999999999
0,301.6,310.8,34.1,150,7.355641102974253,9.199999999999989,5584.955867943743,5115.0
0,301.2,310.3,45.7,76,7.311886164077165,9.100000000000023,7164.182135025772,3473.2000000000003
0,300.9,311.1,40.7,24,7.257002707092073,10.200000000000045,6039.387245285507,976.8000000000001
0,300.7,310.8,30.5,38,7.37650812632622,10.100000000000023,5100.742192245948,1159.0
1,302.2,310.1,34.6,17,7.360739903058278,7.900000000000034,5695.833144664439,588.2
0,300.5,310.3,31.5,8,7.428927194802272,9.800000000000011,5551.665457791203,252.0
0,298.2,308.7,48.4,51,7.277938572945661,10.5,7334.027105854348,2468.4
1,302.3,311.4,40.2,30,7.313886831633462,9.099999999999966,6314.601233715485,1206.0
1,297.9,309.8,29.9,35,7.434847875211999,11.900000000000034,5300.987307985761,1046.5
0,303.3,311.4,25.6,232,7.457609289715606,8.099999999999966,4643.190166201619,5939.200000000001
0,301.8,310.3,41.4,63,7.301822342137932,8.5,6425.059631415702,2608.2
0,298.8,310.0,36.7,147,7.332369205929062,11.199999999999989,5872.432539698233,5394.900000000001
0,297.3,308.3,43.9,13,7.3031700512368,11.0,6822.240718633547,570.6999999999999
1,302.9,312.6,46.4,82,7.240649694255466,9.700000000000045,6773.441312747786,3804.7999999999997
0,298.3,309.1,45.3,212,7.234898420314831,10.800000000000011,6574.913600991934,9603.599999999999
0,298.9,310.0,27.2,114,7.492760300922379,11.100000000000023,5109.988946623013,3100.7999999999997
1,297.9,307.5,30.8,212,7.4073177104694174,9.600000000000023,5312.181849808054,6529.6
0,299.5,308.7,45.7,173,7.277247726631484,9.199999999999989,6920.111801768381,7906.1
1,301.7,310.8,21.6,198,7.578145472419466,9.100000000000023,4419.843872482408,4276.8
0,296.9,308.3,38.8,189,7.322510433997394,11.400000000000034,6147.510392446555,7333.2
0,300.6,310.9,37.9,86,7.294377299288821,10.299999999999955,5838.22059570064,3259.4
0,301.0,310.1,32.6,0,7.351799869057777,9.100000000000023,5318.800138331616,0.0
0,298.2,307.9,49.4,141,7.265429723253953,9.699999999999989,7392.439785260094,6965.4
0,303.7,312.8,40.7,59,7.329093736246592,9.100000000000023,6491.169212822743,2401.3
0,303.9,313.3,51.6,121,7.240649694255466,9.400000000000034,7532.533873659176,6243.6
0,299.3,309.0,38.7,64,7.324489979348532,9.699999999999989,6143.824257066343,2476.8
0,302.9,312.4,41.7,196,7.277247726631484,9.5,6314.412738156269,8173.200000000001
0,297.1,307.9,44.7,88,7.311218384419629,10.799999999999955,7002.735688557793,3933.6000000000004
0,297.5,309.3,37.5,20,7.355641102974253,11.800000000000011,6141.813637768046,750.0
0,299.3,308.6,49.6,191,7.29641326877392,9.300000000000011,7656.103184700375,9473.6
0,299.0,308.6,46.4,112,7.2909747781429814,9.600000000000023,7123.289070651544,5196.8
1,301.2,311.1,34.3,4,7.362010551259734,9.900000000000034,5653.631083351215,137.2
1,298.1,307.9,28.6,176,7.473069088032197,9.799999999999955,5268.178608706772,5033.6
0,301.8,309.7,45.3,233,7.274479558773871,7.899999999999977,6840.566675779487,10554.9
1,301.4,310.8,30.3,104,7.461065514354283,9.400000000000034,5514.688912258452,3151.2000000000003
1,299.1,308.6,45.1,185,7.313220387090301,9.5,7079.568572889087,8343.5
0,298.9,308.6,32.2,118,7.353081920515432,9.700000000000045,5260.28273917075,3799.6000000000004
0,303.5,311.6,46.5,62,7.216709486709457,8.100000000000023,6627.346782380349,2883.0
0,299.8,311.1,42.5,181,7.253470382684528,11.300000000000011,6284.232504730783,7692.5
0,301.5,310.5,48.7,160,7.2305631534092925,9.0,7037.795862571856,7792.0
1,301.1,311.2,49.4,48,7.233455418621439,10.099999999999966,7159.64776962909,2371.2
1,303.7,312.8,37.7,206,7.351799869057777,9.100000000000023,6150.882368561409,7766.200000000001
1,298.5,309.3,38.1,170,7.321849713788356,10.800000000000011,6032.611877129265,6477.0
0,299.1,308.5,39.8,145,7.283448228756631,9.399999999999977,6064.216299224377,5771.0
1,298.3,308.9,49.7,23,7.237778191923443,10.599999999999966,7234.354842931456,1143.1000000000001
0,299.6,310.2,47.0,15,7.293017679772782,10.599999999999966,7230.1660527266695,705.0
0,300.3,311.5,31.9,36,7.399398083331354,11.199999999999989,5458.475347710218,1148.3999999999999
1,298.1,308.8,37.6,12,7.395721608602045,10.699999999999989,6410.189426188711,451.20000000000005
0,302.4,311.5,24.8,45,7.487733761436444,9.100000000000023,4635.734119637099,1116.0
1,298.0,309.2,41.7,35,7.351799869057777,11.199999999999989,6803.4958824671285,1459.5
1,303.9,313.0,22.5,110,7.550661243105336,9.100000000000023,4479.125725855647,2475.0
0,301.3,310.1,36.3,184,7.351799869057777,8.800000000000011,5922.467638694407,6679.2
1,300.5,310.0,43.5,98,7.255591274253665,9.5,6445.762727002858,4263.0
1,299.8,309.5,43.2,153,7.282073658093465,9.699999999999989,6573.217140958996,6609.6
0,297.5,308.1,30.6,146,7.397561535524052,10.600000000000023,5226.416370365051,4467.6
1,297.4,308.1,27.7,70,7.45876269238096,10.700000000000045,5029.878333956474,1939.0
0,298.1,308.1,27.3,63,7.491087593534876,10.0,5120.199122747181,1719.9
1,297.4,308.5,42.1,190,7.3783837129967145,11.100000000000023,7053.9227048602825,7999.0
0,300.4,311.2,62.0,18,7.20934025660291,10.800000000000011,8771.53612833294,1116.0
0,298.4,309.5,36.6,117,7.343426229147367,11.100000000000023,5921.5879927514015,4282.2
0,298.7,309.9,38.5,208,7.340835554123275,11.199999999999989,6212.865991616734,8008.0
1,299.9,309.4,26.0,6,7.5443321080536885,9.5,5143.20605294697,156.0
0,303.7,312.8,46.3,44,7.21890970761906,9.100000000000023,6613.387639022896,2037.1999999999998
0,298.4,310.0,44.2,23,7.352441100243583,11.600000000000023,7216.007941834492,1016.6
0,302.4,310.3,51.2,163,7.226209010100671,7.900000000000034,7366.909108961922,8345.6
0,300.0,309.3,22.6,120,7.543273346705446,9.300000000000011,4465.899620784035,2712.0
0,297.5,308.6,37.1,30,7.3758821482150125,11.100000000000023,6200.624252243247,1113.0
0,301.5,310.5,28.7,135,7.440146680662688,9.0,5115.287766232069,3874.5
0,300.6,311.7,39.8,0,7.348587530927593,11.099999999999966,6472.665232093098,0.0
0,298.4,309.6,37.8,144,7.299797366758161,11.200000000000045,5854.483573670723,5443.2
0,301.4,310.4,31.9,96,7.460490305825338,9.0,5802.553047106883,3062.3999999999996
0,299.9,310.4,47.0,150,7.311886164077165,10.5,7367.977250464141,7050.0
0,299.0,309.4,25.5,89,7.4949862339505335,10.399999999999977,4801.296052481282,2269.5
1,299.8,310.0,48.1,164,7.242797922793756,10.199999999999989,7036.717249094122,7888.400000000001
1,299.4,308.7,52.6,205,7.305188215393037,9.300000000000011,8190.781310390334,10783.0
0,300.2,311.4,37.5,145,7.288927694521257,11.199999999999989,5745.187565252335,5437.5
0,298.1,307.8,35.3,119,7.356279876550748,9.699999999999989,5785.190511708043,4200.7
1,303.8,313.0,45.0,113,7.323170717943469,9.199999999999989,7134.556916302419,5085.0
0,301.4,311.0,53.3,157,7.19668657083435,9.600000000000023,7445.804972469072,8368.1
0,299.1,310.4,45.3,92,7.326465613840322,11.299999999999955,7205.839653612372,4167.599999999999
0,301.4,310.7,38.3,95,7.31986492980897,9.300000000000011,6052.2468312142,3638.4999999999995
0,303.0,311.2,32.9,69,7.379008127628304,8.199999999999989,5515.893189442327,2270.1
1,301.5,310.4,55.3,109,7.229113877793302,8.899999999999977,7980.001387285481,6027.7
0,302.6,310.3,34.2,14,7.4073177104694174,7.699999999999989,5898.591534527125,478.80000000000007
1,299.3,309.2,46.3,31,7.19668657083435,9.899999999999977,6467.931899161689,1435.3
2,301.1,310.8,25.8,121,7.491645473605133,9.699999999999989,4841.571270300303,3121.8
1,303.7,312.0,11.4,71,7.88758403166028,8.300000000000011,3179.103269873655,809.4
2,300.9,311.3,28.9,183,7.419979923661835,10.400000000000034,5048.036739494222,5288.7
2,303.7,312.6,35.5,138,7.323170717943469,8.900000000000034,5628.372678416354,4899.0
0,301.6,310.6,60.8,73,7.186901020411631,9.0,8410.75562799469,4438.4
0,297.4,309.0,32.0,166,7.367708572374371,11.600000000000023,5304.683915341486,5312.0
1,300.2,311.6,40.8,157,7.322510433997394,11.400000000000034,6464.392371438645,6405.599999999999
1,298.6,308.3,28.7,29,7.4489161025442,9.699999999999989,5160.369620811081,832.3
1,302.0,310.8,23.1,190,7.486613313139955,8.800000000000011,4313.123970039963,4389.0
0,302.3,311.0,47.0,164,7.253470382684528,8.699999999999989,6949.621828761102,7708.0
0,300.1,311.3,42.3,92,7.336936913707618,11.199999999999989,6799.506059797068,3891.6
1,298.3,307.8,55.4,114,7.193685818395112,9.5,7715.960996726771,6315.599999999999
1,296.8,307.9,47.9,127,7.257707677160043,11.099999999999966,7112.796151188555,6083.3
0,298.0,307.8,22.7,79,7.517520850603031,9.800000000000011,4371.557593396733,1793.3
0,302.3,311.8,44.8,98,7.269616749608169,9.5,6732.223617132688,4390.4
1,301.3,310.0,32.4,202,7.436617265234227,8.699999999999989,5754.392431727352,6544.799999999999
2,298.0,308.0,50.7,70,7.299797366758161,10.0,7852.442253574225,3549.0
0,300.1,309.5,32.7,57,7.415175109613295,9.399999999999977,5684.397747405372,1863.9
0,296.8,308.0,38.3,9,7.3537223303996315,11.199999999999989,6260.806695510514,344.7
0,299.2,308.5,60.6,59,7.231287004327616,9.300000000000011,8763.849698307158,3575.4
0,300.3,309.1,46.0,171,7.221835825288449,8.800000000000011,6589.804750169949,7866.0
2,302.2,311.7,46.5,147,7.254177846456518,9.5,6880.559150259685,6835.5
0,298.7,309.8,29.0,145,7.4360278163518485,11.100000000000023,5147.499562906876,4205.0
0,300.2,311.3,36.9,71,7.305188215393037,11.100000000000023,5746.004379342267,2619.9
1,301.3,309.9,36.0,213,7.356279876550748,8.599999999999966,5899.911003441631,7668.0
1,297.9,308.5,40.8,157,7.27931883541462,10.600000000000023,6190.948146870191,6405.599999999999
0,302.2,310.7,24.9,91,7.478734825567875,8.5,4612.706245486284,2265.9
1,300.9,312.1,23.0,156,7.524021415206125,11.200000000000045,4458.234134709275,3588.0
0,297.8,309.0,41.2,0,7.284134806195205,11.199999999999989,6281.844894314056,0.0
0,300.1,309.7,17.5,173,7.674152921281675,9.599999999999966,3941.913382091793,3027.5
2,298.8,310.2,27.6,56,7.443078374348516,11.399999999999977,4933.682766903555,1545.6000000000001
2,297.4,308.3,27.4,100,7.4798641311650265,10.900000000000034,5081.568005083538,2740.0
1,301.8,310.3,32.7,19,7.418780882750794,8.5,5704.94376335985,621.3000000000001
0,297.9,307.3,36.7,12,7.315218389752975,9.400000000000034,5772.508949363053,440.40000000000003
1,298.1,308.0,41.9,73,7.342131730584722,9.899999999999977,6770.310192069707,3058.7
1,300.4,309.8,30.4,195,7.453561871643373,9.400000000000034,5491.5039584749575,5928.0
0,300.7,311.9,47.7,179,7.258412150595307,11.199999999999989,7088.0927609558275,8538.300000000001
0,303.7,312.4,26.5,130,7.449498005382849,8.699999999999989,4767.57629133275,3445.0
0,302.1,311.3,43.6,196,7.298445101508147,9.199999999999989,6743.659014391754,8545.6
2,297.5,308.1,38.2,117,7.3453648404168685,10.600000000000023,6192.456111343914,4469.400000000001
2,302.0,310.5,24.4,138,7.502738210754851,8.5,4629.953589154494,3367.2
1,301.1,310.5,32.6,121,7.38025578842646,9.399999999999977,5472.424019092156,3944.6000000000004
2,300.6,311.5,60.2,24,7.1569563646156364,10.899999999999977,8081.893709016912,1444.8000000000002
1,300.4,311.8,47.6,188,7.217443431696533,11.400000000000034,6789.107388113686,8948.800000000001
0,297.9,307.6,38.0,40,7.301147805856032,9.700000000000045,5893.418378624213,1520.0
1,302.3,311.8,23.0,124,7.539027055823995,9.5,4525.673657006336,2852.0
0,297.7,308.9,28.1,19,7.416378479192928,11.199999999999989,4890.642947549374,533.9
1,298.0,307.5,36.3,98,7.329749689041512,9.5,5793.222516925722,3557.3999999999996
0,297.2,308.6,40.2,214,7.306531398939505,11.400000000000034,6268.29415800157,8602.800000000001
0,302.3,310.8,26.3,213,7.452402451223638,8.5,4745.365231271871,5601.900000000001
1,299.4,308.9,41.5,201,7.284820912568604,9.5,6331.932353187788,8341.5
1,300.3,309.2,47.9,163,7.307202314764738,8.899999999999977,7473.953642645237,7807.7
0,296.8,307.9,33.4,123,7.306531398939505,11.099999999999966,5207.985693463991,4108.2
0,300.6,311.7,26.9,111,7.4645098346365275,11.099999999999966,4912.78070378167,2985.8999999999996
2,298.2,307.6,55.7,0,7.1846291527173145,9.400000000000034,7687.749494697535,0.0
0,298.6,310.0,41.2,64,7.325148957955575,11.399999999999977,6545.026582880784,2636.8
0,297.4,308.5,48.6,75,7.304515946460155,11.100000000000023,7562.818826839781,3645.0
0,303.8,313.1,58.7,213,7.136483208590247,9.300000000000011,7720.69432965818,12503.1
0,299.4,310.8,47.7,109,7.261927092702751,11.400000000000034,7113.068422551867,5199.3
0,300.0,311.3,41.4,28,7.309212365692763,11.300000000000011,6472.749007897195,1159.2
0,301.7,310.2,51.1,8,7.294377299288821,8.5,7871.585024810098,408.8
2,299.7,309.2,44.8,127,7.212294468500341,9.5,6356.908014783828,5689.599999999999
1,299.3,308.7,51.5,185,7.162397497355718,9.399999999999977,6951.663863985934,9527.5
0,301.6,310.8,42.4,3,7.239214973779806,9.199999999999989,6180.643722966415,127.19999999999999
0,301.5,310.7,49.7,79,7.188412736496954,9.199999999999989,6885.648530358501,3926.3
1,298.0,308.6,55.8,65,7.134890851565884,10.600000000000023,7327.576368938977,3627.0
0,297.1,308.2,51.2,186,7.246368080102461,11.099999999999966,7517.035349901466,9523.2
0,302.3,310.9,28.1,178,7.450660796211539,8.599999999999966,5061.315204443396,5001.8
0,299.5,309.3,22.5,18,7.571473648851271,9.800000000000011,4573.373505463342,405.0
0,297.1,307.8,60.4,133,7.249215057114389,10.699999999999989,8893.052932173794,8033.2
0,296.8,307.9,45.4,70,7.259116128097101,11.099999999999966,6751.073173054226,3178.0
1,302.7,311.7,29.9,5,7.473069088032197,9.0,5507.641272738898,149.5
0,297.5,309.3,38.8,197,7.293697720601438,11.800000000000011,5972.795953004914,7643.599999999999
0,298.2,308.9,25.5,26,7.460490305825338,10.699999999999989,4638.404473392649,663.0
0,297.2,308.5,43.7,171,7.277247726631484,11.300000000000011,6617.262269962325,7472.700000000001
0,295.8,306.6,46.5,99,7.319202458767849,10.800000000000011,7343.1586685007815,4603.5
0,303.3,311.5,55.6,67,7.253470382684528,8.199999999999989,8221.254759130154,3725.2000000000003
0,298.3,309.1,43.0,123,7.338238150065589,10.800000000000011,6921.033335613434,5289.0
1,300.8,312.0,67.3,159,7.150701457592526,11.199999999999989,8978.69274791065,10700.699999999999
1,298.1,308.5,45.9,3,7.288927694521257,10.399999999999977,7032.109579868858,137.7
0,303.6,312.5,62.4,101,7.160069207596127,8.899999999999977,8403.383357234265,6302.4
0,301.7,311.0,42.2,144,7.331714969726466,9.300000000000011,6748.078188057803,6076.8
2,299.8,310.2,49.7,161,7.252762418053187,10.399999999999977,7343.650851349845,8001.700000000001
0,302.5,312.0,29.9,42,7.422971251049421,9.5,5238.364894424204,1255.8
0,303.7,312.3,51.0,105,7.2078598714324755,8.600000000000023,7204.614432477472,5355.0
1,299.0,310.0,19.5,111,7.6255950721324535,11.0,4184.130175683566,2164.5
0,298.3,309.5,36.7,134,7.341483852363161,11.199999999999989,5926.237549878714,4917.8
1,299.7,309.2,28.9,179,7.430114138561801,9.5,5099.485555184512,5173.099999999999
0,296.8,307.8,39.5,124,7.356279876550748,11.0,6473.513462109567,4898.0
2,298.1,308.0,35.3,159,7.359467638255621,9.899999999999977,5803.673548486664,5612.7
0,300.4,310.4,56.8,46,7.160069207596127,10.0,7649.233568764524,2612.7999999999997
0,298.2,307.9,54.9,139,7.24422751560335,9.699999999999989,8043.011263940982,7631.099999999999
0,299.7,310.2,43.4,28,7.285506548522785,10.5,6626.372888657735,1215.2
0,300.7,309.8,54.4,171,7.193685818395112,9.100000000000023,7576.683722417623,9302.4
1,302.0,310.6,40.5,24,7.299797366758161,8.600000000000023,6272.660971790061,972.0
2,302.2,311.3,29.2,5,7.4673710669175595,9.100000000000023,5348.12166976512,146.0
2,299.7,309.3,37.8,214,7.3098814858247865,9.600000000000023,5913.85967482357,8089.2
0,303.6,313.0,38.3,54,7.362645270417825,9.399999999999977,6316.9574282056765,2068.2
2,298.6,309.6,42.5,16,7.27931883541462,11.0,6448.904319656449,680.0
0,303.3,311.8,24.5,67,7.519149957669823,8.5,4725.897828795126,1641.5
1,297.7,308.9,35.1,9,7.3613754289773485,11.199999999999989,5781.818535593192,315.90000000000003
0,302.4,310.3,36.2,115,7.299797366758161,7.900000000000034,5606.674745155561,4163.0
1,298.6,309.5,33.9,70,7.365812837209472,10.899999999999977,5608.999523719216,2373.0
0,299.6,309.1,35.8,81,7.403670290012373,9.5,6152.055229818748,2899.7999999999997
0,298.5,309.3,33.3,116,7.396948602621014,10.800000000000011,5684.083588140013,3862.7999999999997
0,298.2,308.3,18.0,168,7.629489916393995,10.100000000000023,3877.353653060523,3024.0
1,302.5,311.8,19.1,74,7.6128310304073565,9.300000000000011,4046.29803399507,1413.4
1,301.1,310.6,52.7,35,7.265429723253953,9.5,7886.266734477875,1844.5
0,303.4,311.9,38.2,26,7.307872780763706,8.5,5964.439316546366,993.2
0,301.8,310.1,28.0,58,7.461065514354283,8.300000000000011,5096.082163143124,1624.0
2,301.1,311.3,16.6,43,7.699842407396986,10.199999999999989,3836.5338925148794,713.8000000000001
0,295.5,305.9,36.2,12,7.341483852363161,10.399999999999977,5845.498618681457,434.40000000000003
2,298.2,307.6,48.6,204,7.2868764117507,9.400000000000034,7430.494944270579,9914.4
0,302.4,311.1,34.2,184,7.399398083331354,8.700000000000045,5852.033131400924,6292.8
1,303.7,312.9,52.7,46,7.275864600546533,9.199999999999989,7969.047700899964,2424.2000000000003
0,298.2,309.0,31.7,155,7.384610383176974,10.800000000000011,5344.582142042075,4913.5
1,298.1,309.0,36.1,189,7.335633981927201,10.899999999999977,5795.327384003627,6822.900000000001
1,300.4,311.2,23.4,133,7.513163545234075,10.800000000000011,4486.759796003871,3112.2
1,298.2,308.8,41.2,150,7.284134806195205,10.600000000000023,6281.844894314056,6180.0
0,301.9,310.8,39.0,90,7.326465613840322,8.900000000000034,6203.703013043764,3510.0
0,299.9,309.5,20.4,165,7.605392364814935,9.600000000000023,4289.656272917648,3365.9999999999995
0,302.1,311.2,59.2,153,7.282761179605593,9.099999999999966,9013.941417483931,9057.6
0,297.4,308.2,52.1,211,7.168579897264035,10.800000000000011,7076.301316529354,10993.1
1,300.2,309.6,35.8,36,7.350516171833998,9.400000000000034,5833.393014989623,1288.8
2,300.7,311.7,23.6,47,7.5310163320779155,11.0,4606.663915615882,1109.2
0,296.3,307.1,33.2,186,7.353081920515432,10.800000000000011,5423.645557157419,6175.200000000001
0,300.6,310.3,50.6,25,7.254884810077338,9.699999999999989,7492.530927203465,1265.0
2,297.7,308.8,43.7,96,7.293017679772782,11.100000000000023,6722.516095833095,4195.200000000001
0,295.6,306.1,41.2,156,7.29641326877392,10.5,6359.5050647107955,6427.200000000001
2,298.3,309.1,30.2,125,7.4067107301776405,10.800000000000011,5205.535251194192,3775.0
1,298.1,308.8,47.9,70,7.240649694255466,10.699999999999989,6992.410320702994,3353.0
1,298.1,308.1,40.8,56,7.2813856635702825,10.0,6203.765844896836,2284.7999999999997
0,303.9,312.8,47.9,196,7.258412150595307,8.900000000000034,7117.812227458787,9388.4
1,301.4,310.6,48.6,96,7.289610521451167,9.200000000000045,7450.85246466584,4665.6
0,301.7,310.5,34.7,181,7.329093736246592,8.800000000000011,5534.240090539292,6280.700000000001
1,302.4,310.2,55.8,143,7.239214973779806,7.800000000000011,8133.960371262405,7979.4
1,301.2,310.8,47.4,5,7.242082359256962,9.600000000000023,6929.348084169935,237.0
1,295.6,306.2,33.6,81,7.368339686311381,10.599999999999966,5573.43669488058,2721.6
2,297.7,307.6,38.3,63,7.338888133838879,9.900000000000034,6168.559063225606,2412.8999999999996
0,301.2,310.7,41.2,82,7.347299700743164,9.5,6691.718015852404,3378.4
0,301.7,310.6,42.1,68,7.343426229147367,8.900000000000034,6811.444111880711,2862.8
0,298.9,308.5,57.3,154,7.23561914106675,9.600000000000023,8322.61301011047,8824.199999999999
2,297.1,307.9,54.0,174,7.2196420401307355,10.799999999999955,7718.893149870121,9396.0
0,303.3,311.8,30.6,18,7.4342573821331355,8.5,5421.886265271408,550.8000000000001
0,301.1,309.8,38.9,149,7.309212365692763,8.699999999999989,6081.882521913065,5796.099999999999
0,301.7,310.2,61.2,47,7.194436851100335,8.5,8530.178036733148,2876.4
2,300.9,310.9,35.7,175,7.29641326877392,10.0,5510.542009955714,6247.500000000001
0,300.1,311.1,33.4,186,7.3901814282264295,11.0,5662.678870193554,6212.4
0,298.9,310.5,26.9,17,7.4489161025442,11.600000000000023,4836.722745638261,457.29999999999995
1,298.3,307.7,41.4,10,7.327123292259293,9.399999999999977,6589.80475016995,414.0
0,296.8,307.9,25.2,148,7.449498005382849,11.099999999999966,4533.695190248502,3729.6
0,302.4,310.2,45.5,53,7.194436851100335,7.800000000000011,6341.880729924154,2411.5
1,298.9,309.2,36.7,101,7.366445148327599,10.300000000000011,6076.122935381484,3706.7000000000003
1,301.4,310.9,38.9,179,7.306531398939505,9.5,6065.588128016445,6963.099999999999
2,300.1,309.1,35.4,14,7.353081920515432,9.0,5783.043756728091,495.59999999999997
0,300.2,309.8,41.9,106,7.301147805856032,9.600000000000023,6498.269212219856,4441.4
0,299.1,308.5,55.5,159,7.22402480828583,9.399999999999977,7968.178526932472,8824.5
0,298.5,309.4,37.9,37,7.353081920515432,10.899999999999977,6191.450801694764,1402.3
0,298.2,309.4,47.1,185,7.277938572945661,11.199999999999989,7137.038774498756,8713.5
1,295.7,306.4,40.1,81,7.23561914106675,10.699999999999989,5824.37664407382,3248.1
0,300.2,309.8,49.3,163,7.2456550675945355,9.600000000000023,7232.920182286316,8035.9
0,298.6,309.9,37.1,30,7.355641102974253,11.299999999999955,6076.300958965187,1113.0
0,297.1,308.1,36.8,215,7.368339686311381,11.0,6104.240189631111,7911.999999999999
0,303.6,313.1,38.3,58,7.2485040723706105,9.5,5635.127102621572,2221.3999999999996
1,302.8,312.2,36.9,143,7.293017679772782,9.399999999999977,5676.449517991789,5276.7
0,298.6,309.8,46.4,76,7.195187320178709,11.199999999999989,6472.183521219547,3526.4
2,297.9,307.6,43.0,207,7.257707677160043,9.700000000000045,6385.182348666135,8901.0
1,297.3,308.1,27.7,42,7.4570320891223805,10.800000000000011,5021.17612230603,1163.3999999999999
0,301.5,310.5,36.7,118,7.371489295214277,9.0,6106.868655484616,4330.6
0,299.2,308.7,37.8,91,7.30854279753919,9.5,5905.9428613365235,3439.7999999999997
1,301.9,310.6,65.9,29,7.13966033596492,8.700000000000045,8695.30014660583,1911.1000000000001
0,301.6,310.7,29.5,10,7.426549072397305,9.099999999999966,5186.821830954308,295.0
2,298.7,309.2,42.3,182,7.27931883541462,10.5,6418.55653462277,7698.599999999999
0,300.4,311.6,39.0,45,7.325148957955575,11.200000000000045,6195.534872144432,1755.0
0,300.5,311.6,37.6,191,7.330405211844402,11.100000000000023,6004.630758561292,7181.6
1,303.0,311.1,39.8,181,7.264730177929867,8.100000000000023,5951.684450372791,7203.799999999999
0,298.6,309.5,44.2,63,7.280008252884188,10.899999999999977,6711.489105618995,2784.6000000000004
0,301.2,310.3,39.7,123,7.280697195384741,9.100000000000023,6032.350077741466,4883.1
0,297.4,309.2,54.3,121,7.150701457592526,11.800000000000011,7244.324163618847,6570.299999999999
0,298.1,307.6,46.5,143,7.2868764117507,9.5,7109.424175073702,6649.5
0,301.9,309.9,48.5,180,7.226209010100671,8.0,6978.419761419008,8730.0
2,302.2,311.5,42.6,16,7.301822342137932,9.300000000000011,6611.293243920505,681.6
0,300.5,311.4,41.5,66,7.27655640271871,10.899999999999977,6279.781915138196,2739.0
0,300.6,310.8,53.2,179,7.226936018493289,10.199999999999989,7660.250087003112,9522.800000000001
0,300.6,311.7,45.5,74,7.318539548567902,11.099999999999966,7180.476528922392,3367.0
0,298.0,308.7,40.1,45,7.3901814282264295,10.699999999999989,6798.60546990304,1804.5
1,298.9,310.2,49.0,121,7.194436851100335,11.300000000000011,6829.717709149089,5929.0
0,298.4,309.7,39.8,165,7.325807502595773,11.300000000000011,6326.790613211413,6566.999999999999
1,301.2,310.7,46.1,67,7.2633296174768365,9.5,6884.130093909265,3088.7000000000003
0,301.1,311.7,24.5,7,7.504942068396171,10.599999999999966,4659.191344783902,171.5
0,300.4,310.0,44.2,189,7.261225091971921,9.600000000000023,6586.516549859193,8353.800000000001
0,297.6,308.4,55.2,86,7.249925536717988,10.799999999999955,8133.206389025544,4747.2
0,301.3,310.6,40.7,54,7.2633296174768365,9.300000000000011,6077.746091585837,2197.8
0,298.9,310.5,29.2,195,7.403061091090091,11.600000000000023,5014.8196331702675,5694.0
0,299.4,309.4,31.2,199,7.43955930913332,10.0,5557.603067906487,6208.8
0,301.3,310.1,56.8,195,7.146772179452637,8.800000000000011,7548.11617322098,11076.0
0,299.8,311.1,17.7,190,7.6708948313621175,11.300000000000011,3973.9890430849446,3363.0
0,304.5,313.7,32.9,7,7.421177528595393,9.199999999999989,5753.617505539466,230.29999999999998
2,299.0,310.0,45.2,110,7.23561914106675,11.0,6565.132775863758,4972.0
1,297.4,308.6,22.1,81,7.550661243105336,11.200000000000045,4399.496824062658,1790.1000000000001
0,300.0,309.7,47.1,25,7.341483852363161,9.699999999999989,7605.607318781674,1177.5
1,300.7,310.3,40.2,59,7.294377299288821,9.600000000000023,6192.518943196986,2371.8
0,302.0,310.6,38.9,94,7.367708572374371,8.600000000000023,6448.506384586994,3656.6
0,303.1,311.2,32.3,21,7.394493107219038,8.099999999999966,5499.860594933507,678.3
1,300.9,310.3,50.9,152,7.256297239690681,9.400000000000034,7547.613518396407,7736.8
1,295.7,306.2,25.9,94,7.461640392208575,10.5,4716.588242564988,2434.6
1,297.5,308.4,37.2,215,7.317212408359839,10.899999999999977,5862.840210129272,7998.000000000001
0,300.8,311.6,35.6,14,7.324489979348532,10.800000000000011,5651.683295905989,498.40000000000003
2,298.3,309.1,37.0,28,7.3031700512368,10.800000000000011,5749.952314110278,1036.0
1,301.2,311.5,49.5,3,7.312553498102598,10.300000000000011,7765.074561877892,148.5
0,300.7,312.1,36.9,153,7.321849713788356,11.400000000000034,5842.608353440154,5645.7
1,302.2,310.8,38.1,78,7.354362330421477,8.600000000000023,6232.103010632217,2971.8
2,301.6,310.7,51.7,197,7.254884810077338,9.099999999999966,7655.412034316583,10184.900000000001
0,301.1,311.1,41.5,184,7.319202458767849,10.0,6553.571714898547,7636.0
0,297.3,308.5,60.4,12,7.243512974665482,11.199999999999989,8842.452346499975,724.8
1,297.3,308.7,35.6,133,7.363913501405819,11.399999999999977,5879.092716123843,4734.8
0,298.9,308.7,50.7,185,7.213031659834869,9.800000000000011,7199.399388672513,9379.5
0,300.7,310.1,32.8,79,7.377133712833954,9.400000000000034,5488.823132743894,2591.2
0,297.2,308.7,30.7,72,7.4205789054108005,11.5,5365.662228747663,2210.4
1,301.0,311.5,34.9,162,7.346655163176539,10.5,5664.815153197996,5653.8
0,299.8,309.5,32.2,18,7.343426229147367,9.699999999999989,5209.703097447955,579.6
0,300.2,311.4,37.9,36,7.2682230211595655,11.199999999999989,5687.403204377305,1364.3999999999999
0,298.6,309.5,29.3,47,7.431299675155903,10.899999999999977,5176.203247785174,1377.1000000000001
0,302.3,311.6,34.3,0,7.3427791893318455,9.300000000000011,5545.874455333085,0.0
1,301.0,310.9,34.6,150,7.362645270417825,9.899999999999977,5706.70305524586,5190.0
0,297.6,308.3,53.9,132,7.261927092702751,10.699999999999989,8037.618196552319,7114.8
2,302.2,311.9,35.8,160,7.37650812632622,9.699999999999989,5987.10067155426,5728.0
0,302.7,310.5,67.8,197,7.142036574706803,7.800000000000011,8967.299238553633,13356.599999999999
0,299.7,309.6,36.2,172,7.321849713788356,9.900000000000034,5731.772964621507,6226.400000000001
1,300.6,311.0,54.6,94,7.2456550675945355,10.399999999999977,8010.495779976326,5132.400000000001
0,300.1,311.3,30.3,151,7.424761761823209,11.199999999999989,5317.962380290658,4575.3
1,296.7,307.8,36.3,233,7.338238150065589,11.100000000000023,5842.6397693666895,8457.9
0,302.5,310.5,43.0,189,7.288927694521257,8.0,6587.815074822678,8127.0
1,301.9,310.4,48.0,73,7.2254814727822945,8.5,6901.450741406057,3504.0
0,297.5,308.5,38.5,93,7.333676395657684,11.0,6168.517175323559,3580.5
1,297.9,307.9,39.8,38,7.340186835320115,10.0,6418.483230794186,1512.3999999999999
0,296.8,307.6,52.0,140,7.221835825288449,10.800000000000011,7449.344500192116,7280.0
0,297.2,308.3,31.2,63,7.358830898342354,11.100000000000023,5126.325228421681,1965.6
1,297.6,308.2,20.5,10,7.59890045687141,10.599999999999966,4282.776185006285,205.0
1,297.5,308.6,51.5,21,7.2078598714324755,11.100000000000023,7275.247907305683,1081.5
1,298.0,307.6,58.5,155,7.171656822768514,9.600000000000023,7970.063482524627,9067.5
0,300.2,309.8,41.8,161,7.317876198626496,9.600000000000023,6592.192360586679,6729.799999999999
2,297.8,309.4,48.2,10,7.27655640271871,11.599999999999966,7293.626224329183,482.0
0,301.7,310.1,50.1,3,7.246368080102461,8.400000000000034,7355.536543555927,150.3
1,298.9,310.2,20.0,98,7.649692623711514,11.300000000000011,4396.135319923316,1960.0
1,298.3,309.4,34.2,141,7.31986492980897,11.099999999999966,5404.356178264378,4822.200000000001
1,300.3,311.4,34.3,99,7.349230824613334,11.099999999999966,5581.793331339128,3395.7
1,297.6,308.3,34.6,71,7.357556200910353,10.699999999999989,5677.716627028738,2456.6
1,299.7,309.0,31.9,155,7.406103381237015,9.300000000000011,5495.221509781706,4944.5
0,301.7,310.1,50.5,38,7.233455418621439,8.400000000000034,7319.0731248232605,1919.0
2,299.4,308.9,29.3,91,7.47477218239787,9.5,5406.324909660627,2666.3
0,303.5,311.6,38.1,112,7.363913501405819,8.100000000000023,6291.950350683102,4267.2
0,298.0,308.0,29.5,15,7.38770923908104,10.0,4989.110933288391,442.5
0,300.2,311.6,31.0,199,7.382124365737512,11.400000000000034,5213.577728387381,6169.0
0,302.8,312.3,57.8,172,7.234898420314831,9.5,8389.18335844004,9941.6
0,298.2,308.7,54.9,45,7.264730177929867,10.5,8209.73558606699,2470.5
0,302.6,312.1,37.3,184,7.295735072749282,9.5,5753.607033563954,6863.2
1,300.0,311.4,39.0,125,7.2909747781429814,11.399999999999977,5987.247279211428,4875.0
0,299.9,311.3,52.3,167,7.22402480828583,11.400000000000034,7508.7520172715,8734.1
0,300.5,311.5,35.9,110,7.415776975415394,11.0,6244.4285258098,3949.0
1,300.9,310.7,41.0,181,7.303843225277705,9.800000000000011,6375.862290460485,7421.0
1,303.0,311.2,43.9,103,7.2868764117507,8.199999999999989,6711.907984639473,4521.7
1,298.7,309.5,33.6,183,7.305188215393037,10.800000000000011,5232.1340689945855,6148.8
1,304.3,313.6,32.1,202,7.368970402194793,9.300000000000011,5327.98406085561,6484.200000000001
1,300.7,309.6,35.2,82,7.358193752733032,8.900000000000034,5779.860276172453,2886.4
1,300.5,309.9,53.2,172,7.2909747781429814,9.399999999999977,8167.219365488409,9150.4
0,296.7,307.9,50.1,138,7.259116128097101,11.199999999999989,7449.972818722835,6913.8
1,298.1,308.9,50.3,115,7.286191714702382,10.799999999999955,7685.141972795055,5784.5
2,298.3,309.5,37.1,84,7.3277805384216315,11.199999999999989,5909.241533622792,3116.4
1,297.9,309.0,40.9,42,7.333676395657684,11.100000000000023,6553.048116122949,1717.8
1,298.7,310.0,38.1,198,7.326465613840322,11.300000000000011,6060.540635819678,7543.8
2,297.5,308.9,50.7,7,7.258412150595307,11.399999999999977,7533.8847585002195,354.90000000000003
0,297.6,309.0,25.4,202,7.508238774678663,11.399999999999977,4846.304603231711,5130.799999999999
1,300.3,309.8,40.8,158,7.388946097618437,9.5,6908.739236362386,6446.4
1,297.9,307.6,67.0,129,7.0925737159746784,9.700000000000045,8433.50075880668,8643.0
1,298.4,309.2,51.2,13,7.307872780763706,10.800000000000011,7994.2223300307305,665.6
1,298.9,308.6,49.6,35,7.262628600974241,9.700000000000045,7401.592291857552,1736.0
1,295.5,306.1,24.3,164,7.508238774678663,10.600000000000023,4636.425270020889,3985.2000000000003
0,298.6,309.7,26.1,5,7.440733707389261,11.099999999999966,4654.615091485173,130.5
0,302.4,311.9,29.9,44,7.364547014255642,9.5,4940.908430006811,1315.6
0,298.3,309.0,36.9,41,7.326465613840322,10.699999999999989,5869.657466187562,1512.8999999999999
0,302.1,311.2,50.8,164,7.222566018822171,9.099999999999966,7282.756313747762,8331.199999999999
0,302.5,311.9,40.1,187,7.348587530927593,9.399999999999977,6521.454166003348,7498.7
0,298.0,308.7,36.7,210,7.394493107219038,10.699999999999989,6249.0676109616015,7707.000000000001
0,300.7,309.5,35.4,34,7.364547014255642,8.800000000000011,5849.771184690338,1203.6
0,298.6,309.8,42.8,205,7.293017679772782,11.199999999999989,6584.066107589392,8774.0
0,301.0,311.0,58.0,190,7.24422751560335,10.0,8497.170369919435,11020.0
0,300.2,311.0,71.8,149,7.135687347028144,10.800000000000011,9436.19241407742,10698.199999999999
0,300.6,311.1,40.7,26,7.294377299288821,10.5,6269.540323087495,1058.2
0,296.2,307.1,41.7,3,7.273786317844895,10.900000000000034,6292.578669213821,125.10000000000001
0,299.1,308.8,46.7,197,7.315218389752975,9.699999999999989,7345.399671260343,9199.900000000001
0,300.4,311.2,46.5,164,7.294377299288821,10.800000000000011,7162.988329817408,7626.0
2,298.5,308.4,36.1,174,7.385851078125209,9.899999999999977,6093.977653629385,6281.400000000001
0,300.4,311.9,21.3,92,7.533158807455563,11.5,4166.631504603071,1959.6000000000001
0,298.3,307.8,22.1,104,7.553286605600419,9.5,4411.068357003382,2298.4
0,299.4,310.8,48.9,139,7.238496840894365,11.400000000000034,7123.027271263746,6797.099999999999
1,298.1,308.2,35.3,155,7.411556287811163,10.099999999999966,6114.188566367478,5471.5
0,297.3,308.5,42.0,142,7.316548177182976,11.199999999999989,6614.9374913986685,5964.0
0,302.0,310.1,45.4,174,7.216709486709457,8.100000000000023,6470.570836990706,7899.599999999999
1,297.6,308.8,39.7,69,7.282073658093465,11.199999999999989,6040.664826297966,2739.3
1,297.9,309.0,38.5,113,7.330405211844402,11.100000000000023,6148.358622463024,4350.5
0,296.7,307.8,46.0,33,7.282073658093465,11.100000000000023,6999.258992687819,1518.0
1,297.5,308.6,52.1,24,7.191429330036379,11.100000000000023,7239.9782937813825,1250.4
0,297.7,307.4,29.0,139,7.475905969367397,9.699999999999989,5357.043792901315,4031.0
2,300.5,310.7,28.6,161,7.411556287811163,10.199999999999989,4953.705184082433,4604.6
1,303.4,311.9,50.9,39,7.258412150595307,8.5,7563.604225003178,1985.1
0,303.9,313.2,31.9,5,7.372118028337787,9.300000000000011,5311.490699424262,159.5
0,301.7,311.2,43.6,154,7.301822342137932,9.5,6766.487921007842,6714.400000000001
0,301.1,310.9,67.9,10,7.1569563646156364,9.799999999999955,9115.624299705121,679.0
0,298.9,310.4,37.7,159,7.344072850573066,11.5,6103.507151345274,5994.3
0,297.9,307.4,35.5,14,7.382124365737512,9.5,5970.387398637163,497.0
2,297.0,308.1,47.6,79,7.252053951852814,11.100000000000023,7028.371084611086,3760.4
1,302.4,310.7,40.4,152,7.3277805384216315,8.300000000000011,6434.8614004949,6140.8
0,298.2,308.4,42.9,183,7.2991214627108,10.199999999999989,6639.881737068171,7850.7
0,298.2,308.3,49.8,45,7.173958319756794,10.100000000000023,6800.41712166661,2241.0
1,300.5,309.9,49.3,124,7.302496423727326,9.399999999999977,7656.260264333052,6113.2
1,298.8,308.6,28.1,103,7.443078374348516,9.800000000000011,5023.0610778981845,2894.3
1,300.5,312.0,27.7,46,7.484368643286131,11.5,5160.41150871313,1274.2
1,303.4,312.2,38.2,45,7.3537223303996315,8.800000000000011,6244.459941736337,1719.0000000000002
1,303.7,312.7,31.7,120,7.4205789054108005,9.0,5540.439500042376,3804.0
0,300.6,311.9,41.3,43,7.254177846456518,11.299999999999955,6111.120277542473,1775.8999999999999
0,296.9,307.8,37.0,84,7.381501894506707,10.900000000000034,6218.782657780996,3108.0
1,301.9,309.7,37.5,135,7.358193752733032,7.800000000000011,6157.5216010359945,5062.5
0,301.8,310.6,50.7,108,7.280697195384741,8.800000000000011,7703.782089206355,5475.6
0,302.4,310.1,21.2,110,7.553286605600419,7.7000000000000455,4231.432089071117,2332.0
0,301.4,310.4,43.2,133,7.19668657083435,9.0,6034.873823839849,5745.6
2,300.2,311.6,37.7,217,7.344719054149673,11.400000000000034,6107.455086113286,8180.900000000001
0,302.0,309.9,51.4,183,7.236339342754344,7.899999999999977,7471.042433452911,9406.199999999999
0,299.2,308.4,51.3,96,7.208600337960199,9.199999999999989,7252.366640812037,4924.799999999999
0,297.4,309.0,37.9,154,7.359467638255621,11.600000000000023,6231.139588885116,5836.599999999999
0,299.0,310.1,48.9,59,7.226936018493289,11.100000000000023,7041.094534858123,2885.1
0,298.3,308.6,34.8,175,7.359467638255621,10.300000000000011,5721.468540717731,6089.999999999999
2,298.4,308.2,19.8,198,7.59488438721652,9.800000000000011,4119.9474377707265,3920.4
2,295.6,306.1,62.3,142,7.136483208590247,10.5,8194.195174407234,8846.6
1,296.7,307.4,32.5,182,7.335633981927201,10.699999999999989,5217.399999449249,5915.0
0,302.3,310.9,46.8,166,7.228388451573604,8.599999999999966,6748.518011029306,7768.799999999999
1,301.3,311.0,50.2,214,7.288927694521257,9.699999999999989,7690.891087351127,10742.800000000001
1,298.3,308.5,46.2,148,7.268920128193722,10.199999999999989,6937.767552481556,6837.6
0,300.3,310.4,54.4,52,7.198183577101943,10.099999999999966,7610.864250488682,2828.7999999999997
1,298.1,308.1,49.8,85,7.237778191923443,10.0,7248.910888893088,4233.0
0,302.4,311.1,24.5,156,7.53955882930103,8.700000000000045,4823.391920811529,3822.0
0,300.3,309.8,41.2,156,7.2909747781429814,9.5,6324.989433423354,6427.200000000001
1,300.4,311.7,39.9,185,7.2991214627108,11.300000000000011,6175.554342867599,7381.5
2,297.2,308.1,27.2,140,7.479299637782834,10.900000000000034,5041.6278904809,3808.0
0,300.3,309.1,30.3,178,7.438383530044307,8.800000000000011,5390.941577633549,5393.400000000001
0,298.0,308.6,33.1,56,7.384610383176974,10.600000000000023,5580.620470081789,1853.6000000000001
0,300.2,311.5,37.2,67,7.346010209913293,11.300000000000011,6034.245505309132,2492.4
0,301.0,310.9,52.9,173,7.239214973779806,9.899999999999977,7711.227663795363,9151.699999999999
0,303.9,313.0,48.4,178,7.2682230211595655,9.100000000000023,7263.068999785266,8615.199999999999
1,302.2,311.6,42.9,13,7.22983877815125,9.400000000000034,6195.126465099464,557.6999999999999
0,302.4,311.0,40.6,205,7.349873704738337,8.600000000000023,6611.272299969481,8323.0
1,302.3,311.7,41.7,127,7.274479558773871,9.399999999999977,6296.94548300231,5295.900000000001
0,302.1,311.4,35.9,104,7.38025578842646,9.299999999999955,6026.381051699645,3733.6
1,297.0,307.8,34.1,94,7.365180126021013,10.800000000000011,5638.5200226874485,3205.4
0,302.3,311.3,32.8,108,7.410347097821024,9.0,5674.302763011837,3542.3999999999996
2,300.4,309.8,47.5,138,7.251344983372214,9.400000000000034,7008.63141077103,6555.0
1,298.8,309.8,38.6,127,7.307202314764738,11.0,6022.851995952113,4902.2
1,301.8,311.1,29.8,177,7.37650812632622,9.300000000000011,4983.67597799768,5274.6
0,300.9,312.1,40.2,63,7.261225091971921,11.200000000000045,5990.451703718089,2532.6000000000004
0,302.6,312.3,34.3,31,7.336285660021297,9.699999999999989,5509.955579327042,1063.3
1,300.2,310.1,44.0,198,7.29641326877392,9.900000000000034,6791.704438040655,8712.0
1,304.2,313.5,28.1,80,7.461640392208575,9.300000000000011,5117.225081701782,2248.0
0,298.2,307.8,19.9,96,7.615791072035833,9.600000000000023,4228.280024442014,1910.3999999999999
0,295.7,306.2,14.6,149,7.7279755421055585,10.5,3470.622124175764,2175.4
1,302.1,311.5,53.6,108,7.232733136177615,9.399999999999977,7762.749783314236,5788.8
1,298.9,310.1,53.2,189,7.293017679772782,11.200000000000045,8183.9326384055075,10054.800000000001
1,301.5,310.4,54.9,153,7.208600337960199,8.899999999999977,7761.304650693584,8399.699999999999
0,298.6,310.0,40.3,32,7.328437352895162,11.399999999999977,6423.153731872522,1289.6
1,301.0,310.9,24.2,179,7.476472381163905,9.899999999999977,4472.894900426028,4331.8
0,299.8,309.2,38.7,212,7.316548177182976,9.399999999999977,6095.1924027887735,8204.400000000001
1,300.7,310.8,30.0,76,7.45298232946546,10.100000000000023,5416.105734788804,2280.0
0,300.0,311.4,37.0,183,7.3031700512368,11.399999999999977,5749.952314110278,6771.0
0,300.9,310.1,17.8,133,7.645397699428633,9.200000000000045,3895.7843299615834,2367.4
0,302.4,310.3,24.4,113,7.550135342488429,7.900000000000034,4854.807847347427,2757.2
1,301.2,312.4,39.6,102,7.317212408359839,11.199999999999989,6241.087965621483,4039.2000000000003
0,302.2,311.3,55.5,35,7.229113877793302,9.100000000000023,8008.862151796459,1942.5
0,303.5,313.0,40.3,73,7.344719054149673,9.5,6528.65888515558,2941.8999999999996
1,299.7,311.1,32.7,185,7.408530566894626,11.400000000000034,5646.73005148883,6049.500000000001
0,301.9,311.3,40.8,59,7.31455283232408,9.400000000000034,6413.121579332061,2407.2
0,297.6,308.6,62.4,173,7.190676034332207,11.0,8664.763866012936,10795.199999999999
0,302.9,310.8,32.2,17,7.384610383176974,7.900000000000034,5428.881544913402,547.4000000000001
0,300.7,310.9,37.2,115,7.401231264413015,10.199999999999989,6377.05609566885,4278.0
0,300.1,309.4,27.4,44,7.43543801981455,9.299999999999955,4860.63026573208,1205.6
1,301.6,310.4,45.7,164,7.2813856635702825,8.799999999999955,6948.825958622192,7494.8
0,297.4,308.3,60.3,50,7.158513997329321,10.900000000000034,8107.947984090681,3015.0
2,298.2,308.3,24.2,49,7.509335266016592,10.100000000000023,4622.413766785878,1185.8
0,301.0,310.9,34.0,192,7.359467638255621,9.899999999999977,5589.9405282874395,6528.0
0,295.6,306.3,20.9,74,7.555905093611346,10.699999999999989,4182.496547503699,1546.6
0,303.8,313.1,45.4,36,7.240649694255466,9.300000000000011,6627.461974110979,1634.3999999999999
0,299.5,309.4,31.5,193,7.3796321526095525,9.899999999999977,5284.473002603391,6079.5
0,300.1,311.3,64.7,66,7.174724309836376,11.199999999999989,8841.855443895793,4270.2
2,300.9,310.7,28.7,39,7.383989457978509,9.800000000000011,4835.780267842184,1119.3
1,302.9,312.3,44.7,157,7.2633296174768365,9.400000000000034,6675.067574788377,7017.900000000001
1,298.0,307.7,34.9,194,7.3914152346753585,9.699999999999989,5924.300234409,6770.599999999999
0,301.4,310.6,33.0,181,7.364547014255642,9.200000000000045,5453.176528101163,5973.0
0,299.1,310.3,42.1,74,7.252762418053187,11.199999999999989,6220.678085348662,3115.4
0,299.0,308.7,16.8,204,7.718240951959316,9.699999999999989,3954.888159751119,3427.2000000000003
0,301.9,311.0,38.9,193,7.340835554123275,9.100000000000023,6277.415248672492,7507.7
0,298.5,309.9,42.1,15,7.301822342137932,11.399999999999977,6533.695905376838,631.5
0,301.8,310.3,50.5,64,7.201916317531627,8.5,7091.67417658092,3232.0
1,298.9,310.0,52.9,106,7.188412736496954,11.100000000000023,7328.990085633092,5607.4
0,300.7,310.1,35.5,191,7.341483852363161,9.400000000000034,5732.464115005296,6780.5
2,297.2,308.5,39.3,187,7.301822342137932,11.300000000000011,6099.150809532297,7349.099999999999
2,304.0,313.2,31.7,206,7.385851078125209,9.199999999999989,5351.221374516662,6530.2
0,300.1,311.5,52.4,90,7.282761179605593,11.399999999999977,7978.556254664831,4716.0
0,298.4,308.1,53.1,9,7.154615356913663,9.700000000000045,7112.031696976182,477.90000000000003
0,297.3,308.5,43.3,90,7.315883504509785,11.199999999999989,6815.151191211945,3896.9999999999995
0,303.7,312.8,23.6,35,7.513709247839705,9.100000000000023,4527.579556549514,826.0
0,300.1,310.1,64.7,57,7.175489713624222,10.0,8848.630812052035,3687.9
0,299.4,310.4,31.7,181,7.367077059881012,11.0,5251.6328873978655,5737.7
1,298.6,309.6,54.1,47,7.242797922793756,11.0,7914.47823650711,2542.7000000000003
0,299.2,308.5,52.4,61,7.223295679562314,9.300000000000011,7517.621780530135,3196.4
1,301.5,310.6,58.1,67,7.232010331664759,9.100000000000023,8408.388961528985,3892.7000000000003
0,299.0,308.7,28.6,206,7.442492722794441,9.699999999999989,5109.444403896391,5891.6
1,300.7,311.0,49.3,106,7.257707677160043,10.300000000000011,7320.685809052104,5225.799999999999
1,299.1,308.3,38.0,125,7.317876198626496,9.199999999999989,5992.9021459878895,4750.0
0,297.5,309.0,43.5,191,7.293697720601438,11.5,6696.304741126643,8308.5
2,300.9,312.0,27.9,202,7.450660796211539,11.100000000000023,5025.291608682232,5635.799999999999
0,297.4,308.7,46.6,94,7.292337176173877,11.300000000000011,7163.752784029783,4380.400000000001
0,302.7,310.6,26.3,9,7.430707082545968,7.900000000000034,4643.46243756493,236.70000000000002
0,304.0,313.0,61.1,88,7.208600337960199,9.0,8637.809001045136,5376.8
1,301.9,309.6,45.8,217,7.234177179749849,7.7000000000000455,6642.688226505378,9938.599999999999
2,299.1,308.3,36.5,40,7.3277805384216315,9.199999999999989,5813.674285100591,1460.0
0,297.3,308.3,36.3,45,7.316548177182976,11.0,5717.195974708849,1633.4999999999998
1,298.8,309.9,35.2,214,7.310550158534422,11.099999999999966,5510.772393416976,7532.8
0,300.7,310.6,52.7,85,7.340186835320115,9.900000000000034,8498.845886001349,4479.5
1,300.8,310.1,26.9,128,7.430707082545968,9.300000000000011,4749.396941843977,3443.2
0,297.5,308.8,39.0,127,7.298445101508147,11.300000000000011,6032.172054157761,4953.0
1,297.2,308.6,44.4,9,7.312553498102598,11.400000000000034,6965.036576714715,399.59999999999997
0,300.2,309.5,51.1,133,7.213031659834869,9.300000000000011,7256.199383849416,6796.3
0,300.6,312.0,42.7,130,7.266128779556451,11.399999999999977,6394.292967361546,5551.0
0,296.3,307.1,29.6,188,7.411556287811163,10.800000000000011,5126.911659050351,5564.8
0,297.3,308.0,35.1,165,7.331714969726466,10.699999999999989,5612.738018976988,5791.5
1,301.6,310.4,39.0,118,7.283448228756631,8.799999999999955,5942.322504265094,4602.0
0,302.5,310.3,57.4,152,7.2485040723706105,7.800000000000011,8445.334091135202,8724.8
2,299.3,308.6,41.4,67,7.327123292259293,9.300000000000011,6589.80475016995,2773.7999999999997
0,298.9,310.3,36.3,161,7.311218384419629,11.400000000000034,5686.785357822099,5844.299999999999
0,297.5,308.6,43.3,34,7.271008538280992,11.100000000000023,6515.883075030983,1472.1999999999998
0,300.4,311.7,39.6,162,7.2868764117507,11.300000000000011,6054.47736199825,6415.2
0,302.1,311.5,45.4,111,7.298445101508147,9.399999999999977,7022.0669553528805,5039.4
1,299.2,308.3,45.5,107,7.367077059881012,9.100000000000023,7537.83269326823,4868.5
0,302.1,310.7,52.8,8,7.181591944611865,8.599999999999966,7265.372834397899,422.4
0,300.9,310.5,21.9,188,7.546974117516527,9.600000000000023,4343.62883470632,4117.2
0,299.7,310.6,38.0,137,7.299797366758161,10.900000000000034,5885.459677235119,5206.0
0,298.0,308.6,33.3,50,7.394493107219038,10.600000000000023,5670.134916758074,1664.9999999999998
0,301.1,309.6,48.9,160,7.315218389752975,8.5,7691.435630077745,7824.0
0,302.2,310.9,37.5,60,7.3343293503005365,8.699999999999989,6012.222940807467,2250.0
0,297.9,309.5,47.9,127,7.237778191923443,11.600000000000023,6972.346015622067,6083.3
2,299.6,311.0,30.2,128,7.44716835960004,11.399999999999977,5420.587740307925,3865.6
0,297.8,307.5,54.1,157,7.224753405767971,9.699999999999989,7772.844767707771,8493.7
0,299.1,308.5,32.1,192,7.432483807917119,9.399999999999977,5677.580491347082,6163.200000000001
1,298.5,309.5,48.9,127,7.182352111885263,11.0,6733.846773337042,6210.3
0,298.3,310.1,36.3,90,7.343426229147367,11.800000000000011,5873.050386253439,3266.9999999999995
0,303.4,312.2,35.8,90,7.365812837209472,8.800000000000011,5923.368228588435,3221.9999999999995
2,301.5,310.5,48.0,124,7.282073658093465,9.0,7303.574601065551,5952.0
0,300.4,311.2,32.0,169,7.333676395657684,10.800000000000011,5127.079210658542,5408.0
1,298.1,308.6,42.8,0,7.347299700743164,10.5,6951.590560157351,0.0
0,297.8,308.9,33.5,26,7.317876198626496,11.099999999999966,5283.216365541955,871.0
1,297.4,309.1,35.9,180,7.367077059881012,11.700000000000045,5947.4328283149325,6462.0
0,300.2,309.6,52.7,47,7.266128779556451,9.400000000000034,7891.7854655726815,2476.9
2,300.3,311.6,41.6,102,7.288927694521257,11.300000000000011,6373.328072386591,4243.2
0,302.0,310.8,49.1,2,7.27655640271871,8.800000000000011,7429.814265862301,98.2
1,302.6,312.2,38.8,34,7.285506548522785,9.599999999999966,5924.0384350212,1319.1999999999998
2,297.2,308.4,17.3,119,7.688455356549944,11.199999999999989,3953.024148109989,2058.7000000000003
1,300.4,311.7,45.4,164,7.319202458767849,11.300000000000011,7169.44953870829,7445.599999999999
1,300.1,310.2,42.0,206,7.265429723253953,10.099999999999966,6285.07026277174,8652.0
0,301.4,310.4,45.3,188,7.236339342754344,9.0,6584.401210805775,8516.4
1,302.6,312.4,50.3,33,7.252053951852814,9.799999999999955,7427.03919235163,1659.8999999999999
0,300.7,309.5,31.1,27,7.430114138561801,8.800000000000011,5487.681687413092,839.7
0,301.6,310.8,44.7,46,7.257707677160043,9.199999999999989,6637.619790357588,2056.2000000000003
0,299.9,311.3,24.4,151,7.497207223203318,11.400000000000034,4604.401968905296,3684.3999999999996
2,298.5,309.4,46.7,102,7.254884810077338,10.899999999999977,6915.043365620589,4763.400000000001
2,300.8,310.8,45.2,188,7.2909747781429814,10.0,6939.066077445039,8497.6
0,301.2,310.8,41.2,155,7.299797366758161,9.600000000000023,6381.077334265445,6386.0
0,303.6,313.0,39.7,115,7.336285660021297,9.399999999999977,6377.412142836257,4565.5
0,302.3,311.7,43.5,117,7.290292882446597,9.399999999999977,6673.528194388118,5089.5
1,300.2,311.6,28.0,162,7.468513271496337,11.400000000000034,5134.200154006679,4536.0
0,303.4,311.8,15.8,20,7.727094484779841,8.400000000000034,3752.569592859936,316.0
0,302.2,311.7,45.6,140,7.294377299288821,9.5,7024.349846014491,6384.0
1,300.5,309.3,34.9,91,7.371489295214277,8.800000000000011,5807.349211891365,3175.9
0,297.4,308.8,34.1,163,7.409741954080923,11.400000000000034,5895.627965457237,5558.3
0,296.8,308.0,41.7,231,7.311886164077165,11.199999999999989,6537.120241369249,9632.7
0,297.3,308.3,17.0,32,7.691200097522863,11.0,3895.1560114308645,544.0
1,300.7,310.6,35.6,105,7.317212408359839,9.900000000000034,5610.675039801131,3738.0
0,298.0,307.6,29.1,169,7.43543801981455,9.600000000000023,5162.202216525677,4917.900000000001
0,299.3,308.8,45.8,170,7.346655163176539,9.5,7434.055415944647,7785.999999999999
0,300.3,311.7,33.6,158,7.443078374348516,11.399999999999977,6006.222498839111,5308.8
0,301.2,310.3,38.1,61,7.313220387090301,9.100000000000023,5980.744182418497,2324.1
0,302.2,310.4,28.1,170,7.463936604468925,8.199999999999989,5128.995582177232,4777.0
0,301.2,310.6,45.3,64,7.237059026124737,9.400000000000034,6589.145015712695,2899.2
0,298.8,308.7,31.1,68,7.3727463664043285,9.899999999999977,5181.543955296277,2114.8
0,298.8,308.8,40.6,61,7.349873704738337,10.0,6611.272299969481,2476.6
0,297.3,308.6,35.7,120,7.321188556739478,11.300000000000011,5648.866334493271,4284.0
1,304.2,313.4,23.5,50,7.446585099157725,9.199999999999989,4215.546102219464,1175.0
0,302.4,310.9,31.8,172,7.353081920515432,8.5,5194.937611976082,5469.6
2,297.0,307.7,23.8,195,7.51479976048867,10.699999999999989,4570.933535169053,4641.0
0,300.7,311.8,36.8,11,7.355641102974253,11.100000000000023,6027.1664498630425,404.79999999999995
0,298.1,308.7,55.7,30,7.201916317531627,10.599999999999966,7821.9059729813325,1671.0
0,301.3,311.1,28.2,140,7.4073177104694174,9.800000000000011,4863.750914434647,3948.0
0,297.4,308.5,53.2,43,7.222566018822171,11.100000000000023,7626.8235411689175,2287.6
0,300.8,309.6,28.7,22,7.427144133408616,8.800000000000011,5049.167712849516,631.4
0,300.6,310.0,34.7,88,7.413970290190444,9.399999999999977,6024.799783397339,3053.6000000000004
2,300.5,309.8,72.8,159,7.1891677384203225,9.300000000000011,10093.643980669669,11575.199999999999
1,296.2,307.2,48.6,7,7.237059026124737,11.0,7069.14895725468,340.2
0,303.4,312.0,35.9,215,7.3277805384216315,8.600000000000023,5718.107036578389,7718.5
0,297.0,307.9,46.1,173,7.309212365692763,10.899999999999977,7207.57800154736,7975.3
0,298.6,309.9,45.5,38,7.2399325913204695,11.299999999999955,6637.295159116717,1729.0
0,302.3,311.7,41.6,136,7.244941546337007,9.399999999999977,6098.878538168984,5657.6
0,298.2,307.9,23.6,69,7.521859252201629,9.699999999999989,4564.650349861874,1628.4
1,301.6,310.7,24.6,210,7.503289630675082,9.099999999999966,4670.480134385802,5166.0
0,300.5,309.3,46.8,94,7.297091005160418,8.800000000000011,7228.804695910114,4399.2
1,300.7,309.7,38.2,73,7.329093736246592,9.0,6092.448745204639,2788.6000000000004
0,303.4,311.8,50.9,200,7.220373836723949,8.400000000000034,7281.1017416168725,10180.0
2,298.2,308.4,34.6,81,7.425953657077541,10.199999999999989,6079.903318541303,2802.6
0,301.0,311.9,41.9,33,7.282761179605593,10.899999999999977,6379.799753252984,1382.7
0,300.0,311.1,47.8,179,7.262628600974241,11.100000000000023,7132.986119975623,8556.199999999999
0,297.0,307.8,37.2,189,7.367708572374371,10.800000000000011,6166.695051584477,7030.8
0,299.2,310.5,48.7,93,7.233455418621439,11.300000000000011,7058.195270869164,4529.1
1,302.9,312.3,52.1,145,7.200424892944957,9.400000000000034,7305.449084682194,7554.5
1,299.1,308.6,14.6,95,7.753623546559746,9.5,3560.827721235839,1387.0
0,301.4,310.7,61.0,106,7.155396301896734,9.300000000000011,8176.518479743035,6466.0
0,297.9,307.8,38.2,80,7.280697195384741,9.900000000000034,5804.427530723526,3056.0
0,300.7,309.8,53.1,183,7.218176838403408,9.100000000000023,7579.123692711912,9717.300000000001
2,298.9,310.1,45.3,133,7.307872780763706,11.200000000000045,7073.013116218595,6024.9
2,302.2,311.6,37.2,41,7.336285660021297,9.400000000000034,5975.811881952362,1525.2
0,303.6,311.8,31.7,97,7.357556200910353,8.199999999999989,5201.838643838468,3074.9
0,301.5,310.5,34.2,147,7.299797366758161,9.0,5296.9137095116075,5027.400000000001
0,303.7,312.3,23.1,193,7.56164174558878,8.600000000000023,4649.3686317536785,4458.3
1,298.8,310.0,38.5,55,7.304515946460155,11.199999999999989,5991.121910150855,2117.5
1,301.2,310.8,31.3,64,7.45876269238096,9.600000000000023,5683.580933315438,2003.2
0,300.7,311.1,46.8,165,7.2991214627108,10.400000000000034,7243.507349528913,7721.999999999999
1,297.8,307.4,51.7,183,7.193685818395112,9.599999999999966,7200.635081782925,9461.1
0,301.4,310.7,26.1,123,7.488293515159428,9.300000000000011,4881.469497000893,3210.3
0,303.7,312.7,45.5,192,7.2633296174768365,9.0,6794.531871428884,8736.0
0,300.5,309.3,51.5,231,7.257002707092073,8.800000000000011,7641.976489734731,11896.5
1,298.2,308.0,35.9,151,7.363913501405819,9.800000000000011,5928.635632270954,5420.9
0,298.2,309.2,22.6,132,7.56164174558878,11.0,4548.732947083686,2983.2000000000003
0,299.3,309.2,37.2,118,7.340835554123275,9.899999999999977,6003.080906185521,4389.6
0,300.5,311.6,42.4,102,7.262628600974241,11.100000000000023,6327.167604329842,4324.8
0,299.0,310.2,37.9,60,7.298445101508147,11.199999999999989,5862.03386801485,2274.0
1,300.5,309.4,23.8,31,7.537962659768208,8.899999999999977,4678.103732558513,737.8000000000001
0,301.7,310.6,43.8,80,7.294377299288821,8.900000000000034,6747.072878408655,3504.0
0,299.4,309.1,66.5,66,7.0967213784947605,9.700000000000045,8405.383504557052,4389.0
0,302.4,310.1,46.8,95,7.2633296174768365,7.7000000000000455,6988.661353469709,4446.0
0,300.6,310.6,38.2,83,7.311886164077165,10.0,5988.441084419792,3170.6000000000004
1,297.5,308.4,52.2,157,7.208600337960199,10.899999999999977,7379.601143282424,8195.4
0,299.6,310.9,46.3,196,7.278628942320682,11.299999999999955,7020.663710634278,9074.8
0,298.9,309.0,32.3,202,7.379008127628304,10.100000000000023,5415.299392674381,6524.599999999999
0,296.3,307.2,31.6,27,7.401231264413015,10.899999999999977,5417.069156535904,853.2
0,302.6,312.1,38.1,178,7.326465613840322,9.5,6060.540635819678,6781.8
0,300.7,310.8,31.6,111,7.4109518755836366,10.100000000000023,5470.015464724404,3507.6000000000004
0,300.6,311.7,34.9,76,7.350516171833998,11.099999999999966,5686.743469920052,2652.4
1,298.8,309.1,47.5,125,7.29505641646263,10.300000000000011,7322.00527796661,5937.5
0,297.4,308.3,42.0,13,7.290292882446597,10.900000000000034,6443.406532512666,546.0
2,296.1,306.8,31.0,41,7.406103381237015,10.699999999999989,5340.18391232705,1271.0
1,301.1,310.7,40.7,2,7.367708572374371,9.599999999999966,6746.894854824953,81.4
2,300.7,310.5,38.7,129,7.357556200910353,9.800000000000011,6350.509637746016,4992.3
0,301.5,310.8,44.6,166,7.254177846456518,9.300000000000011,6599.418023689935,7403.6
0,299.1,308.9,32.3,223,7.388946097618437,9.799999999999955,5469.418562120221,7202.9
0,297.9,307.6,30.7,134,7.385851078125209,9.700000000000045,5182.41312926377,4113.8
0,303.5,312.9,36.9,87,7.3427791893318455,9.399999999999977,5966.261440285448,3210.2999999999997
2,301.4,310.7,52.0,160,7.1929342212158,9.300000000000011,7236.9728368094475,8320.0
1,298.2,307.9,38.8,124,7.288244401020124,9.699999999999989,5940.290941015773,4811.2
0,300.7,310.7,45.3,48,7.262628600974241,10.0,6759.921992361836,2174.3999999999996
1,300.1,309.0,33.0,34,7.385851078125209,8.899999999999977,5570.672093345421,1122.0
0,301.7,310.3,44.6,57,7.242797922793756,8.600000000000023,6524.690006436545,2542.2000000000003
1,299.5,309.1,49.5,5,7.259116128097101,9.600000000000023,7360.7515873608845,247.5
0,298.8,308.6,34.4,42,7.368339686311381,9.800000000000011,5706.137568568212,1444.8
0,300.8,312.0,50.2,154,7.226209010100671,11.199999999999989,7223.02416542751,7730.8
2,301.9,310.3,32.4,100,7.4109518755836366,8.400000000000034,5608.496868894642,3240.0
1,302.4,311.4,41.2,60,7.319202458767849,9.0,6506.196497682414,2472.0
0,298.3,310.1,45.3,78,7.25063551189868,11.800000000000011,6679.277308944186,3533.3999999999996
0,303.4,311.8,58.9,22,7.271703706887368,8.400000000000034,8869.574763075967,1295.8
1,301.5,310.4,55.6,158,7.152268856032539,8.899999999999977,7429.405858817334,8784.800000000001
0,296.5,307.6,33.5,104,7.382746449738912,11.100000000000023,5637.535656989324,3484.0
0,300.9,310.0,13.7,207,7.86172707782398,9.100000000000023,3722.944374136584,2835.8999999999996
0,300.8,310.9,38.2,50,7.243512974665482,10.099999999999966,5592.411914508263,1910.0000000000002
0,301.8,310.8,46.4,37,7.232733136177615,9.0,6719.992349734711,1716.8
1,300.5,311.6,52.9,165,7.1284959456800365,11.100000000000023,6902.435107104182,8728.5
1,297.3,308.8,41.3,140,7.3453648404168685,11.5,6694.985272212136,5782.0
0,298.8,308.4,53.0,138,7.222566018822171,9.599999999999966,7598.151272217154,7314.0
0,297.3,308.2,33.5,2,7.348587530927593,10.899999999999977,5448.097619977859,67.0
2,300.7,310.2,24.8,64,7.537962659768208,9.5,4874.662712918114,1587.2
0,300.2,311.6,39.0,174,7.313886831633462,11.400000000000034,6126.105674500097,6786.0
0,302.4,311.0,40.4,192,7.304515946460155,8.600000000000023,6286.787666755702,7756.799999999999
0,298.3,309.3,51.9,14,7.2456550675945355,11.0,7614.3723622851885,726.6
0,298.1,308.0,35.1,38,7.40184157874383,9.899999999999977,6020.736656898695,1333.8
0,299.8,311.1,64.2,165,7.170888478512505,11.300000000000011,8739.910762286805,10593.0
0,296.8,308.2,53.8,193,7.216709486709457,11.399999999999977,7667.768965420704,10383.4
0,297.6,308.3,47.0,191,7.252053951852814,10.699999999999989,6939.778171779853,8977.0
0,299.0,310.4,21.2,125,7.591861714889934,11.399999999999977,4397.936499711375,2650.0
0,297.7,308.1,29.1,179,7.437206366871292,10.400000000000034,5171.344251147623,5208.900000000001
0,302.1,310.9,30.7,203,7.418780882750794,8.799999999999955,5356.017539301143,6232.099999999999
0,300.2,310.5,46.7,90,7.256297239690681,10.300000000000011,6924.824190748766,4203.0
0,300.6,310.7,48.5,78,7.271703706887368,10.099999999999966,7303.469881310431,3783.0
0,300.6,311.7,39.2,2,7.267525427828172,11.099999999999966,5878.38062178903,78.4
1,298.4,309.4,41.8,203,7.265429723253953,11.0,6255.141356758541,8485.4
1,297.8,309.1,45.5,2,7.261927092702751,11.300000000000011,6785.002373712997,91.0
0,297.4,309.4,45.5,53,7.2909747781429814,12.0,6985.121825746665,2411.5
0,300.3,309.6,31.8,73,7.37650812632622,9.300000000000011,5318.150875849873,2321.4
0,299.8,309.4,42.5,146,7.32052696227274,9.599999999999966,6720.390284804165,6205.0
1,302.2,311.3,40.6,52,7.3277805384216315,9.100000000000023,6466.717150002301,2111.2000000000003
1,301.2,310.1,15.7,11,7.732369222284388,8.900000000000034,3748.548354263341,172.7
1,299.4,309.0,19.8,204,7.570443252057374,9.600000000000023,4020.4217825050023,4039.2000000000003
0,297.2,308.8,43.1,68,7.280697195384741,11.600000000000023,6548.974517648795,2930.8
1,302.3,311.7,53.6,165,7.221835825288449,9.399999999999977,7678.555100198028,8844.0
0,302.0,310.5,36.1,124,7.357556200910353,8.5,5923.860411437498,4476.400000000001
1,297.5,308.8,46.1,147,7.283448228756631,11.300000000000011,7024.129934528739,6776.7
0,301.3,311.0,47.7,84,7.349230824613334,9.699999999999989,7762.435624048876,4006.8
0,300.5,311.1,37.2,7,7.344719054149673,10.600000000000023,6026.454355528229,260.40000000000003
0,296.8,308.1,62.0,199,7.162397497355718,11.300000000000011,8368.99338965297,12338.0
1,300.2,311.7,50.2,71,7.242797922793756,11.5,7343.933594688668,3564.2000000000003
1,299.2,308.4,32.7,101,7.29776828253138,9.199999999999989,5054.3199248014025,3302.7000000000003
0,299.1,310.4,33.3,147,7.374629015218945,11.299999999999955,5558.545545702565,4895.099999999999
0,301.5,310.6,36.6,202,7.328437352895162,9.100000000000023,5833.434902891671,7393.200000000001
0,303.8,312.6,25.9,154,7.459338895220296,8.800000000000011,4705.739275934591,3988.6
1,301.1,310.2,27.7,44,7.523481312573497,9.099999999999966,5366.363851106965,1218.8
0,296.9,307.9,43.9,149,7.261225091971921,11.0,6541.81168639861,6541.099999999999
1,304.1,313.5,45.8,85,7.293697720601438,9.399999999999977,7050.3622331862125,3892.9999999999995
1,297.5,308.4,44.3,25,7.247080584585756,10.899999999999977,6508.636467976701,1107.5
1,299.3,310.5,40.5,24,7.288244401020124,11.199999999999989,6200.561420390175,972.0
2,298.9,309.6,33.5,175,7.3783837129967145,10.700000000000045,5612.978874413764,5862.5
0,300.6,309.3,40.2,69,7.379008127628304,8.699999999999989,6739.784383452327,2773.8
1,297.6,308.5,38.2,85,7.275172319452771,10.899999999999977,5772.425173558959,3247.0000000000005
0,300.3,309.4,29.4,190,7.441906728051625,9.099999999999966,5249.287164883185,5586.0
0,299.6,309.0,51.9,162,7.229113877793302,9.399999999999977,7489.368390598851,8407.8
0,297.3,308.4,45.7,15,7.266128779556451,11.099999999999966,6843.540716824888,685.5
0,298.7,309.9,43.3,46,7.277247726631484,11.199999999999989,6556.692363601113,1991.8
0,299.2,310.7,44.0,19,7.298445101508147,11.5,6805.527445716449,836.0
0,300.6,309.4,51.6,71,7.222566018822171,8.799999999999955,7397.445389554814,3663.6
0,301.1,311.1,42.5,123,7.265429723253953,10.0,6359.892527804737,5227.5
0,297.5,308.6,48.2,203,7.236339342754344,11.100000000000023,7005.91916911343,9784.6
1,303.5,312.3,41.7,32,7.334981878871814,8.800000000000011,6689.958723966393,1334.4
0,300.0,311.5,48.6,113,7.2078598714324755,11.5,6865.573753302062,5491.8
0,300.2,311.5,31.1,31,7.402451520818244,11.300000000000011,5337.869605738906,964.1
0,299.8,309.4,27.5,29,7.3987862754199485,9.599999999999966,4702.702403036122,797.5
1,299.0,310.0,56.4,29,7.199678345691172,11.0,7902.487824545909,1635.6
0,298.3,308.0,47.3,65,7.274479558773871,9.699999999999989,7142.578449544586,3074.5
1,300.6,311.7,50.8,182,7.261927092702751,11.099999999999966,7575.343309552092,9245.6
0,300.5,312.0,44.6,23,7.255591274253665,11.5,6608.759025846609,1025.8
0,297.3,308.4,52.1,36,7.200424892944957,11.099999999999966,7305.449084682194,1875.6000000000001
1,298.8,309.6,48.2,39,7.233455418621439,10.800000000000011,6985.72920032636,1879.8000000000002
0,298.4,309.5,28.3,136,7.4342573821331355,11.100000000000023,5014.3588662477405,3848.8
0,297.5,308.6,26.7,70,7.492203042618741,11.100000000000023,5013.259308818985,1869.0
1,303.1,312.5,30.0,160,7.419380582918692,9.399999999999977,5237.034953534185,4800.0
0,300.5,311.5,49.6,80,7.172424577124845,11.0,6762.718009823533,3968.0
1,301.6,310.6,65.8,75,7.177782416195197,9.0,9019.742891917558,4935.0
0,298.2,308.1,50.8,27,7.288244401020124,9.900000000000034,7777.494324835084,1371.6
0,301.3,311.0,21.9,189,7.526717561352706,9.699999999999989,4256.481054495739,4139.099999999999
2,296.9,308.3,39.2,177,7.29641326877392,11.400000000000034,6050.791226618038,6938.400000000001
0,300.3,309.9,55.3,4,7.228388451573604,9.599999999999966,7974.210384827364,221.2
1,301.9,311.3,35.6,63,7.328437352895162,9.400000000000034,5674.051435599549,2242.8
0,300.7,312.3,26.8,146,7.447751280047908,11.600000000000023,4813.129384809803,3912.8
1,298.3,309.4,29.0,103,7.3752557780097545,11.099999999999966,4843.812273059863,2987.0
0,303.3,311.6,45.1,219,7.171656822768514,8.300000000000011,6144.44210362155,9876.9
1,301.7,310.1,34.6,5,7.405495663199472,8.400000000000034,5956.710998618535,173.0
1,300.4,310.6,44.9,21,7.278628942320682,10.200000000000045,6808.375823055704,942.9
1,300.4,309.6,35.0,119,7.3277805384216315,9.200000000000045,5574.756163795087,4165.0
0,302.2,310.6,48.4,161,7.207118856207756,8.400000000000034,6832.2519272229865,7792.4
0,300.0,311.2,37.9,58,7.316548177182976,11.199999999999989,5969.1935934287985,2198.2
0,300.4,311.7,59.5,160,7.181591944611865,11.300000000000011,8187.304614520361,9520.0
0,300.5,310.3,43.3,31,7.269616749608169,9.800000000000011,6506.8143442376195,1342.3
0,297.9,309.0,46.5,52,7.284134806195205,11.100000000000023,7089.9463006214455,2418.0
1,300.1,311.7,48.5,205,7.244941546337007,11.599999999999966,7110.471372624897,9942.5
0,300.0,309.4,43.5,102,7.2868764117507,9.399999999999977,6650.751647649593,4437.0
0,298.0,309.6,51.3,122,7.247080584585756,11.600000000000023,7537.0891830068795,6258.599999999999
0,300.5,311.4,47.5,51,7.267525427828172,10.899999999999977,7123.037743239257,2422.5
1,302.2,311.7,42.5,53,7.2399325913204695,9.5,6199.671302471658,2252.5
0,297.3,308.7,36.7,114,7.350516171833998,11.399999999999977,5980.042560059196,4183.8
0,299.4,308.9,40.5,168,7.280697195384741,9.5,6153.908769484366,6804.0
0,298.9,308.9,25.8,33,7.469654172932128,10.0,4736.2022526989,851.4
0,300.3,311.9,31.5,187,7.4342573821331355,11.599999999999966,5581.353508367626,5890.5
0,299.9,309.3,31.1,196,7.390798521735676,9.400000000000034,5275.9907024386985,6095.6
0,300.2,310.0,40.1,182,7.304515946460155,9.800000000000011,6240.103599923358,7298.2
0,302.9,312.2,42.0,214,7.293017679772782,9.300000000000011,6460.999451372769,8988.0
0,298.9,310.0,25.7,51,7.482681828154651,11.100000000000023,4779.744726877655,1310.7
2,300.2,311.5,42.8,88,7.282761179605593,11.300000000000011,6516.836024802571,3766.3999999999996
0,300.5,311.1,42.6,11,7.307872780763706,10.600000000000023,6651.442798033381,468.6
0,300.8,310.8,53.8,41,7.2868764117507,10.0,8225.527325139035,2205.7999999999997
0,302.3,311.8,50.3,183,7.2682230211595655,9.5,7548.189477049563,9204.9
0,301.9,310.8,31.5,66,7.459338895220296,8.900000000000034,5723.196416677206,2079.0
0,303.4,311.5,44.8,71,7.254884810077338,8.100000000000023,6633.70327151611,3180.7999999999997
0,303.5,311.9,49.3,93,7.20414929203594,8.399999999999977,6938.64719842456,4584.9
1,299.1,310.4,49.3,69,7.260522598089852,11.299999999999955,7341.3365447617,3401.7
1,298.0,309.4,65.9,50,7.152268856032539,11.399999999999977,8805.716656403998,3295.0000000000005
0,300.1,309.6,36.7,77,7.344072850573066,9.5,5941.610409930279,2825.9
0,299.6,309.1,15.3,79,7.726212650507529,9.5,3630.6129660475804,1208.7
0,298.2,308.4,37.7,207,7.311886164077165,10.199999999999989,5910.058347712727,7803.900000000001
0,297.0,307.8,28.0,188,7.4815557019095165,10.800000000000011,5201.639676303741,5264.0
0,297.4,308.8,33.4,186,7.390798521735676,11.400000000000034,5666.17651001455,6212.4
1,295.3,305.7,38.5,189,7.295735072749282,10.399999999999977,5938.709672713466,7276.5
0,298.8,308.5,50.8,57,7.280008252884188,9.699999999999989,7713.657162114138,2895.6
0,301.3,310.6,22.6,161,7.584264818389059,9.300000000000011,4652.866271574675,3638.6000000000004
0,300.1,309.3,36.8,189,7.359467638255621,9.199999999999989,6050.288571793463,6955.2
1,300.9,309.5,26.8,116,7.472500744737558,8.600000000000023,4933.808430609698,3108.8
2,303.2,311.2,43.1,20,7.297091005160418,8.0,6657.296632344572,862.0
1,301.5,311.1,43.5,112,7.242082359256962,9.600000000000023,6359.211849396459,4872.0
1,297.4,309.1,35.0,183,7.288927694521257,11.700000000000045,5362.175060902179,6405.0
0,298.0,308.3,42.6,107,7.295735072749282,10.300000000000011,6571.143689807627,4558.2
0,300.4,309.5,51.3,4,7.330405211844402,9.100000000000023,8192.488242398784,205.2
0,298.1,308.9,52.4,102,7.20934025660291,10.799999999999955,7413.362792333001,5344.8
0,298.0,308.7,47.0,208,7.317876198626496,10.699999999999989,7412.273706879759,9776.0
0,302.3,311.8,51.7,61,7.156176637480615,9.5,6935.348526138292,3153.7000000000003
0,298.4,309.7,44.2,175,7.284820912568604,11.300000000000011,6743.889397853018,7735.000000000001
0,299.2,308.5,40.3,148,7.305860032684009,9.300000000000011,6279.666723407565,5964.4
1,303.8,312.7,53.6,136,7.226209010100671,8.899999999999977,7712.232973444512,7289.6
0,302.9,312.2,33.9,86,7.381501894506707,9.300000000000011,5697.749516183128,2915.4
0,298.8,309.6,24.0,173,7.544861068658458,10.800000000000011,4750.0880922277665,4152.0
0,303.6,312.0,50.3,101,7.238496840894365,8.399999999999977,7326.958522383771,5080.299999999999
0,298.6,309.8,35.9,213,7.37650812632622,11.199999999999989,6003.82441644687,7646.7
0,297.9,307.8,46.9,73,7.2196420401307355,9.900000000000034,6704.001643127939,3423.7
0,301.2,310.7,39.4,107,7.325148957955575,9.5,6259.07881955104,4215.8
2,298.1,308.3,42.0,184,7.333676395657684,10.199999999999989,6729.291463989337,7728.0
0,301.0,311.3,50.9,60,7.202661196523238,10.300000000000011,7153.176088762695,3054.0
0,297.7,308.2,19.3,181,7.60489448081162,10.5,4056.3301865355334,3493.3
0,303.2,311.4,54.2,228,7.1891677384203225,8.199999999999989,7514.77340319088,12357.6
1,297.4,308.7,31.9,161,7.367077059881012,11.300000000000011,5284.766217917726,5135.9
0,297.4,308.4,28.1,67,7.417580402414544,11.0,4896.5281977871,1882.7
0,298.6,309.4,48.0,141,7.294377299288821,10.799999999999955,7394.052469488937,6768.0
0,302.9,312.3,47.7,173,7.269616749608169,9.400000000000034,7168.0148780631525,8252.1
2,298.0,308.6,41.8,160,7.3310603052186325,10.600000000000023,6679.738075866714,6688.0
0,300.7,310.5,33.2,48,7.3537223303996315,9.800000000000011,5427.122253027392,1593.6000000000001
1,300.6,309.9,42.4,169,7.27931883541462,9.299999999999955,6433.73042713961,7165.599999999999
0,301.7,311.0,40.3,21,7.3453648404168685,9.300000000000011,6532.879091286903,846.3
0,302.0,310.9,34.2,13,7.3395376954076745,8.899999999999977,5511.798647017149,444.6
0,302.6,311.0,38.0,144,7.261927092702751,8.399999999999977,5666.59538903503,5472.0
0,299.0,310.4,41.5,96,7.302496423727326,11.399999999999977,6444.9249689619,3984.0
2,297.5,308.5,46.6,56,7.2399325913204695,11.0,6797.757239886571,2609.6
0,298.1,309.0,34.0,54,7.352441100243583,10.899999999999977,5550.775339872685,1836.0
0,298.9,308.6,45.4,4,7.3395376954076745,9.700000000000045,7316.832122063701,181.6
1,303.7,312.7,51.8,197,7.183111701743281,9.0,7138.620042801063,10204.599999999999
2,298.4,308.4,39.2,58,7.299797366758161,10.0,6071.316298621491,2273.6000000000004
1,301.0,309.8,31.1,143,7.374629015218945,8.800000000000011,5191.314308448942,4447.3
0,302.3,311.2,49.7,118,7.2456550675945355,8.899999999999977,7291.605133055374,5864.6
0,298.1,308.5,30.5,22,7.424761761823209,10.399999999999977,5353.064442206768,671.0
1,299.6,309.1,48.4,143,7.269616749608169,9.5,7273.20587208085,6921.2
0,298.4,307.9,27.3,134,7.463936604468925,9.5,4982.974355638378,3658.2000000000003
1,299.0,310.1,30.1,84,7.441906728051625,11.100000000000023,5374.270192618499,2528.4
0,296.7,307.8,31.3,128,7.381501894506707,11.100000000000023,5260.7539780687885,4006.4
0,298.8,309.8,42.4,74,7.303843225277705,11.0,6593.574661354258,3137.6
0,301.6,310.1,55.8,70,7.217443431696533,8.5,7958.659501192094,3906.0
0,299.1,310.4,40.9,85,7.280008252884188,11.299999999999955,6210.4050773714225,3476.5
0,302.5,311.1,39.0,137,7.309212365692763,8.600000000000023,6097.51718135243,5343.0
1,297.5,308.6,45.9,78,7.304515946460155,11.100000000000023,7142.662225348681,3580.2
0,297.3,308.1,49.8,0,7.292337176173877,10.800000000000011,7655.684305679895,0.0
1,296.5,307.4,43.5,194,7.356279876550748,10.899999999999977,7129.059129158637,8439.0
1,298.1,309.0,19.3,158,7.589335823170617,10.899999999999977,3993.676357047441,3049.4
0,300.7,311.9,57.1,194,7.197435354096591,11.199999999999989,7982.629853138986,11077.4
1,300.2,309.7,61.4,170,7.076653815443951,9.5,7606.445076822631,10438.0
0,300.8,312.5,39.2,107,7.325148957955575,11.699999999999989,6227.306845847736,4194.400000000001
0,298.7,309.9,51.3,201,7.22402480828583,11.199999999999989,7365.181233002447,10311.3
0,301.3,310.7,39.3,31,7.337587743538596,9.399999999999977,6321.387073847238,1218.3
0,300.8,312.6,53.6,119,7.227662498728654,11.800000000000011,7723.458931193339,6378.400000000001
1,298.4,309.7,33.3,167,7.426549072397305,11.300000000000011,5854.954812568761,5561.099999999999
0,301.8,310.7,44.2,49,7.2875606403097235,8.899999999999977,6762.403850558174,2165.8
0,300.7,312.3,49.0,69,7.257707677160043,11.600000000000023,7276.138025224201,3381.0
1,297.5,308.3,45.6,31,7.29776828253138,10.800000000000011,7048.2259501817725,1413.6000000000001
0,299.2,308.5,41.2,140,7.305188215393037,9.300000000000011,6415.592965552885,5768.0
0,299.3,309.0,38.4,115,7.307872780763706,9.699999999999989,5995.666747523048,4416.0
1,297.6,308.6,38.3,39,7.301822342137932,11.0,5943.9561324449605,1493.6999999999998
0,300.9,309.7,42.1,181,7.2868764117507,8.800000000000011,6436.704468185008,7620.1
2,297.7,309.4,30.2,135,7.3833681469923835,11.699999999999989,5085.35886021887,4077.0
0,298.4,309.2,32.4,194,7.384610383176974,10.800000000000011,5462.601306061932,6285.599999999999
0,301.4,310.4,50.9,178,7.266128779556451,9.0,7622.2368158946765,9060.199999999999
1,299.3,310.5,42.1,19,7.355001921105257,11.199999999999989,6890.800742310388,799.9
1,301.6,310.7,44.4,94,7.259819610363186,9.099999999999966,6607.020677911622,4173.599999999999
1,298.3,308.0,26.0,96,7.4770384723196965,9.699999999999989,4808.312276074298,2496.0
2,297.3,308.1,52.3,2,7.298445101508147,10.800000000000011,8089.2973957038685,104.6
1,297.9,309.1,38.1,62,7.387090235656757,11.200000000000045,6439.573789475287,2362.2000000000003
0,297.4,308.8,58.1,129,7.277938572945661,11.400000000000034,8803.863116738381,7494.900000000001
0,297.7,308.4,27.1,136,7.462214939768189,10.699999999999989,4937.955332912437,3685.6000000000004
0,298.5,309.4,36.3,71,7.364547014255642,10.899999999999977,5998.494180911279,2577.2999999999997
0,297.7,308.9,41.1,14,7.285506548522785,11.199999999999989,6275.205661839467,575.4
1,298.3,308.8,52.1,104,7.2078598714324755,10.5,7360.0080770995355,5418.400000000001
0,296.8,307.9,30.8,111,7.442492722794441,11.099999999999966,5502.478588811498,3418.8
0,301.3,311.2,32.1,12,7.424165281042028,9.899999999999977,5630.519433396307,385.20000000000005
0,300.6,310.6,18.7,53,7.662937850461535,10.0,4165.217787908955,991.0999999999999
0,298.5,308.3,38.0,20,7.316548177182976,9.800000000000011,5984.943444598795,760.0
1,298.0,308.1,32.3,30,7.370230641807081,10.100000000000023,5367.945119409271,968.9999999999999
1,300.7,310.6,27.1,215,7.483806687665835,9.900000000000034,5045.795736734663,5826.5
0,300.9,312.1,51.7,146,7.215239978730097,11.200000000000045,7357.641410633832,7548.200000000001
0,303.6,312.3,43.4,119,7.280697195384741,8.699999999999989,6594.559027052382,5164.599999999999
0,297.4,308.2,41.0,35,7.234898420314831,10.800000000000011,5950.804804429786,1435.0
1,304.1,313.2,41.1,129,7.369600720526409,9.099999999999966,6826.115349572975,5301.900000000001
1,298.6,309.5,43.3,33,7.247792581767846,10.899999999999977,6366.2490169405,1428.8999999999999
1,302.5,311.1,32.0,198,7.40184157874383,8.600000000000023,5488.990684352087,6336.0
0,299.0,309.9,55.7,201,7.2254814727822945,10.899999999999977,8008.558464506613,11195.7
1,302.4,310.3,52.5,161,7.226936018493289,7.900000000000034,7559.457322700438,8452.5
0,304.1,313.0,37.2,7,7.356918242356021,8.899999999999977,6100.470278446804,260.40000000000003
0,302.3,311.4,37.3,20,7.29776828253138,9.099999999999966,5765.325174161844,746.0
0,300.6,309.4,40.6,99,7.252053951852814,8.799999999999955,5994.787101580044,4019.4
0,297.5,309.3,33.4,74,7.392647520721623,11.800000000000011,5676.66942947754,2471.6
0,298.3,308.1,52.3,218,7.253470382684528,9.800000000000011,7733.302588174587,11401.4
1,296.2,307.2,63.4,172,7.063903961472068,11.0,7754.623530316949,10904.8
0,300.3,309.2,40.2,194,7.334981878871814,8.899999999999977,6449.312726701415,7798.8
1,299.4,308.6,39.1,109,7.340835554123275,9.200000000000045,6309.6898772003715,4261.900000000001
0,299.8,309.6,31.0,139,7.377133712833954,9.800000000000011,5187.607229117705,4309.0
1,300.5,311.3,41.1,34,7.292337176173877,10.800000000000011,6318.2454811936495,1397.4
0,303.1,312.9,40.1,107,7.321188556739478,9.799999999999955,6345.085154430817,4290.7
2,297.2,308.3,45.8,105,7.282073658093465,11.100000000000023,6968.827431850046,4809.0
0,299.5,309.0,44.6,101,7.312553498102598,9.5,6996.410615348565,4504.6
1,298.7,309.4,48.3,157,7.226936018493289,10.699999999999989,6954.700736884403,7583.099999999999
1,302.5,311.9,57.5,57,7.1693500166706,9.399999999999977,7815.758923355807,3277.5
0,298.2,308.3,32.0,202,7.4318919168078,10.100000000000023,5656.542292543542,6464.0
1,298.5,308.7,47.3,47,7.221105098182496,10.199999999999989,6771.0851182575925,2223.1
1,296.3,307.3,41.6,15,7.312553498102598,11.0,6525.800035840814,624.0
2,302.8,312.3,57.5,187,7.198183577101943,9.5,8044.571588292265,10752.5
0,299.0,309.4,48.3,91,7.258412150595307,10.399999999999977,7177.251160464705,4395.3
1,300.1,310.3,57.1,71,7.204892510204673,10.199999999999989,8042.42483331231,4054.1
0,299.0,310.3,39.2,153,7.302496423727326,11.300000000000011,6087.736356224253,5997.6
1,296.9,307.8,37.6,109,7.3427791893318455,10.900000000000034,6079.442551618777,4098.400000000001
0,298.9,308.8,38.3,23,7.333676395657684,9.900000000000034,6136.472930256942,880.9
1,299.9,310.4,34.3,188,7.3632795869630385,10.5,5660.814858552424,6448.4
0,302.0,310.6,44.9,86,7.291656209174461,8.600000000000023,6897.712246148286,3861.4
0,298.7,308.4,28.7,195,7.43543801981455,9.699999999999989,5091.244110456595,5596.5
0,300.1,310.5,45.8,126,7.213031659834869,10.399999999999977,6503.599447755445,5770.799999999999
1,300.9,311.5,31.3,159,7.4413203897176174,10.600000000000023,5585.249083258078,4976.7
0,299.4,309.0,24.3,128,7.496097345175956,9.600000000000023,4580.442088933918,3110.4
1,302.5,312.0,40.2,174,7.3277805384216315,9.5,6403.0056509875,6994.8
0,301.1,311.0,52.3,183,7.356279876550748,9.899999999999977,8571.25959666659,9570.9
0,297.6,308.0,57.4,139,7.138073034044347,10.399999999999977,7561.729741386536,7978.599999999999
0,296.9,308.1,28.8,60,7.462789157412448,11.200000000000045,5250.732297503838,1728.0
1,302.6,312.0,45.0,79,7.311218384419629,9.399999999999977,7049.733914655496,3555.0
0,297.4,308.3,42.0,111,7.253470382684528,10.900000000000034,6210.300357616304,4662.0
1,297.4,308.4,41.0,18,7.325148957955575,11.0,6513.254609177478,738.0
1,298.4,309.0,36.1,191,7.318539548567902,10.600000000000023,5697.037421848316,6895.1
1,298.5,309.7,37.7,86,7.351158226430694,11.199999999999989,6146.934433793397,3242.2000000000003
1,302.3,311.7,37.3,107,7.316548177182976,9.399999999999977,5874.694486408817,3991.1
0,297.5,308.5,36.4,112,7.37650812632622,11.0,6087.443140909918,4076.7999999999997
2,300.7,309.6,51.3,174,7.247080584585756,8.900000000000034,7537.0891830068795,8926.199999999999
1,299.0,310.2,33.4,44,7.377133712833954,11.199999999999989,5589.228433952624,1469.6
1,299.3,308.7,49.3,215,7.237778191923443,9.399999999999977,7176.130659084924,10599.5
2,300.2,309.7,43.8,108,7.302496423727326,9.5,6802.1135816995475,4730.4
2,297.8,308.4,35.1,138,7.321849713788356,10.599999999999966,5557.603067906488,4843.8
0,298.4,309.2,53.5,168,7.197435354096591,10.800000000000011,7479.3467100339,8988.0
1,297.6,308.5,43.4,154,7.307202314764738,10.899999999999977,6771.807684567919,6683.599999999999
1,298.9,309.0,25.9,174,7.502738210754851,10.100000000000023,4914.581883569729,4506.599999999999
0,301.4,310.4,43.4,86,7.2682230211595655,9.0,6512.751954352903,3732.4
1,300.6,310.5,41.3,68,7.288244401020124,9.899999999999977,6323.041645978129,2808.3999999999996
0,297.7,308.2,43.9,172,7.277247726631484,10.5,6647.54722314293,7550.8
0,301.0,311.3,35.3,73,7.29505641646263,10.300000000000011,5441.406027625712,2576.8999999999996
0,298.9,309.9,56.2,119,7.177782416195197,11.0,7703.792561181866,6687.8
1,301.0,310.9,41.8,170,7.323830566202317,9.899999999999977,6631.587932462694,7105.999999999999
0,300.4,311.8,42.0,201,7.371489295214277,11.400000000000034,6988.787017175854,8442.0
2,297.2,308.5,14.0,166,7.80016307039296,11.300000000000011,3577.226834887578,2324.0
2,296.5,307.4,49.2,64,7.267525427828172,10.899999999999977,7377.967515102558,3148.8
0,300.3,311.7,47.5,14,7.249215057114389,11.399999999999977,6993.708845666477,665.0
0,302.6,311.9,49.5,72,7.278628942320682,9.299999999999955,7505.893167956734,3564.0
0,298.0,308.2,35.8,5,7.390798521735676,10.199999999999989,6073.326917919787,179.0
0,301.5,310.4,39.9,53,7.29641326877392,8.899999999999977,6158.841069950503,2114.7
2,299.8,309.0,37.3,193,7.291656209174461,9.199999999999989,5730.170752368174,7198.9
0,300.5,311.4,41.8,112,7.2909747781429814,10.899999999999977,6417.100930026606,4681.599999999999
0,298.6,308.2,68.2,172,7.216709486709457,9.599999999999966,9720.108614157845,11730.4
0,301.9,310.9,36.7,101,7.341483852363161,9.0,5926.237549878714,3706.7000000000003
0,302.5,312.0,46.3,208,7.284134806195205,9.5,7059.4519079306,9630.4
0,300.2,311.7,30.8,191,7.403061091090091,11.5,5289.604270604254,5882.8
1,295.5,305.9,47.3,9,7.282073658093465,10.399999999999977,7197.064138133344,425.7
0,297.5,308.9,28.1,189,7.455876687491824,11.399999999999977,5087.7988305131585,5310.900000000001
1,298.0,309.9,45.2,55,7.27655640271871,11.899999999999977,6839.666085885458,2486.0
0,304.2,313.4,40.2,98,7.297091005160418,9.199999999999989,6209.357879820227,3939.6000000000004
1,298.9,308.9,28.7,181,7.426549072397305,10.0,5046.162255877581,5194.7
0,300.2,310.0,53.6,184,7.237059026124737,9.800000000000011,7796.427656560717,9862.4
0,300.9,310.3,47.6,140,7.273092595999522,9.400000000000034,7177.91089492196,6664.0
1,302.3,311.1,43.1,149,7.269616749608169,8.800000000000011,6476.759774518278,6421.900000000001
0,302.9,312.5,30.4,74,7.396335293800808,9.600000000000023,5185.889825133742,2249.6
0,297.0,308.1,44.1,96,7.306531398939505,11.100000000000023,6876.412247956947,4233.6
1,297.4,308.1,31.2,143,7.390798521735676,10.700000000000045,5292.955302768083,4461.599999999999
1,302.4,311.1,44.5,195,7.267525427828172,8.700000000000045,6673.161675245199,8677.5
2,298.4,308.3,42.9,15,7.285506548522785,9.900000000000034,6550.032187175502,643.5
0,298.2,308.7,17.8,31,7.690286020676768,10.5,4074.729447510058,551.8000000000001
1,298.2,308.3,33.0,181,7.353081920515432,10.100000000000023,5390.972993560084,5973.0
0,298.6,309.8,30.2,113,7.3427791893318455,11.199999999999989,4882.956517523591,3412.6
0,300.3,309.9,34.0,31,7.359467638255621,9.599999999999966,5589.9405282874395,1054.0
0,299.5,309.3,46.2,5,7.274479558773871,9.800000000000011,6976.471973973782,231.0
1,302.3,310.9,31.9,207,7.351799869057777,8.599999999999966,5204.592773398114,6603.299999999999
1,299.7,309.1,36.4,149,7.3632795869630385,9.400000000000034,6007.39536009645,5423.599999999999
1,302.1,311.3,38.4,28,7.311886164077165,9.199999999999989,6019.794179102618,1075.2
0,297.1,307.8,42.3,135,7.368339686311381,10.699999999999989,7016.558696233587,5710.5
1,300.9,310.7,56.3,161,7.1459844677143876,9.800000000000011,7475.7757663843195,9064.3
2,299.1,308.8,32.6,90,7.348587530927593,9.699999999999989,5301.730818247111,2934.0
1,298.2,308.5,10.7,86,7.893198869544609,10.300000000000011,3000.702695051803,920.1999999999999
0,297.9,309.8,71.6,31,7.198183577101943,11.900000000000034,10017.240447334367,2219.6
0,301.6,310.6,42.5,97,7.3864708488298945,9.0,7178.801012840477,4122.5
0,297.9,307.8,59.5,55,7.160069207596127,9.900000000000034,8012.841502491006,3272.5
0,297.4,307.9,35.5,174,7.351158226430694,10.5,5788.2273846065145,6177.0
0,300.7,311.0,48.2,128,7.1846291527173145,10.300000000000011,6652.594715339697,6169.6
0,302.4,311.1,42.9,5,7.277247726631484,8.700000000000045,6496.122457239902,214.5
1,298.5,308.6,53.0,114,7.20414929203594,10.100000000000023,7459.397596683605,6042.0
1,301.8,310.8,37.8,59,7.389563953677635,9.0,6404.702111020439,2230.2
0,300.1,311.4,45.7,149,7.213031659834869,11.299999999999955,6489.39944896122,6809.3
0,302.8,312.3,37.5,198,7.3098814858247865,9.5,5866.924280578939,7425.0
0,302.6,310.5,37.2,197,7.321188556739478,7.899999999999977,5886.2136594719805,7328.400000000001
0,300.9,312.4,51.0,142,7.224753405767971,11.5,7327.4507052328345,7242.0
1,296.7,307.5,42.1,55,7.323830566202317,10.800000000000011,6679.18306116458,2315.5
0,299.1,310.5,35.2,60,7.311218384419629,11.399999999999977,5514.458528797189,2112.0
0,298.8,309.8,40.6,124,7.307202314764738,11.0,6334.916866208699,5034.400000000001
1,304.0,313.0,56.0,61,7.228388451573604,9.0,8075.149756787205,3416.0
0,301.5,310.8,49.0,193,7.221105098182496,9.300000000000011,7014.44335718017,9457.0
0,303.9,313.2,44.1,197,7.301147805856032,9.300000000000011,6839.467118350732,8687.7
0,301.8,310.7,29.3,133,7.468513271496337,8.899999999999977,5372.573732585561,3896.9
1,300.1,309.2,39.8,221,7.257707677160043,9.099999999999966,5910.005987835167,8795.8
0,302.0,311.0,37.8,218,7.356918242356021,9.0,6198.864960357236,8240.4
0,302.8,310.6,37.9,207,7.388946097618437,7.800000000000011,6417.676888679765,7845.299999999999
1,297.6,309.0,25.3,66,7.504391559161238,11.399999999999977,4808.678795217217,1669.8
0,298.4,308.6,35.0,103,7.383989457978509,10.200000000000045,5897.293009563639,3605.0
1,300.0,309.6,48.7,67,7.261225091971921,9.600000000000023,7257.089501767935,3262.9
0,297.9,308.5,47.2,155,7.174724309836376,10.600000000000023,6450.3180363505635,7316.0
0,298.1,307.9,35.8,196,7.387090235656757,9.799999999999955,6050.8331145200855,7016.799999999999
0,299.5,309.3,46.7,7,7.288244401020124,9.800000000000011,7149.783168696819,326.90000000000003
0,303.5,312.3,48.6,193,7.247792581767846,8.800000000000011,7145.489658736913,9379.800000000001
0,300.9,310.6,46.4,129,7.316548177182976,9.700000000000045,7307.930942878529,5985.599999999999
0,299.9,310.1,29.1,197,7.427738840532894,10.200000000000045,5122.586733163909,5732.700000000001
0,301.2,310.7,38.3,49,7.358193752733032,9.5,6288.882061858095,1876.6999999999998
1,299.2,308.8,38.9,112,7.329093736246592,9.600000000000023,6204.090476137707,4356.8
0,302.3,310.1,52.7,134,7.186901020411631,7.800000000000011,7290.243776238819,7061.8
0,297.3,308.7,40.0,125,7.347299700743164,11.399999999999977,6496.813607623693,5000.0
1,300.6,309.4,63.2,45,7.221105098182496,8.799999999999955,9047.200411709935,2844.0
0,299.1,310.1,40.7,39,7.304515946460155,11.0,6333.471733588047,1587.3000000000002
1,298.2,307.7,31.0,84,7.427738840532894,9.5,5457.0511590405895,2604.0
1,299.2,310.4,43.3,37,7.316548177182976,11.199999999999989,6819.685556608627,1602.1
0,304.0,313.1,47.1,90,7.247792581767846,9.100000000000023,6924.94985445491,4239.0
1,297.3,308.2,34.9,21,7.425357887027151,10.899999999999977,6128.964523814863,732.9
2,302.1,311.6,26.2,46,7.43955930913332,9.5,4666.961550613781,1205.2
1,303.5,312.7,47.0,23,7.246368080102461,9.199999999999989,6900.403543854861,1081.0
0,301.9,310.7,26.8,27,7.4489161025442,8.800000000000011,4818.742363684216,723.6
1,299.2,310.0,50.4,226,7.2078598714324755,10.800000000000011,7119.854262683619,11390.4
1,298.0,307.5,27.8,163,7.487173694213739,9.5,5193.597199110551,4531.400000000001
1,303.4,311.4,54.0,44,7.176254532017144,8.0,7390.910876835347,2376.0
0,300.3,311.7,26.3,202,7.507690077819904,11.399999999999977,5015.269928117282,5312.6
0,298.9,308.5,34.5,117,7.463363045520021,9.600000000000023,6293.552562936433,4036.5
0,297.5,308.4,33.3,213,7.3987862754199485,10.899999999999977,5694.545091676467,7092.9
0,301.3,310.7,46.0,119,7.324489979348532,9.399999999999977,7302.736843024593,5474.0
0,298.5,308.2,27.1,13,7.411556287811163,9.699999999999989,4693.895471630558,352.3
0,298.3,307.9,28.9,147,7.440733707389261,9.599999999999966,5153.960771797759,4248.3
1,298.6,309.5,27.8,44,7.429520842786462,10.899999999999977,4902.476279877897,1223.2
1,298.2,307.8,53.4,110,7.252762418053187,9.600000000000023,7890.361276903052,5874.0
1,298.2,308.9,34.3,33,7.368970402194793,10.699999999999989,5693.141846957862,1131.8999999999999
0,300.7,309.9,45.3,155,7.253470382684528,9.199999999999989,6698.25252857187,7021.5
0,298.3,308.4,30.6,127,7.368970402194793,10.099999999999966,5079.012843058618,3886.2000000000003
0,297.4,308.3,41.2,43,7.309212365692763,10.900000000000034,6441.479689018465,1771.6000000000001
2,300.4,309.9,12.8,81,7.849323818040561,9.5,3435.478174357607,1036.8
1,302.1,310.1,48.2,166,7.22983877815125,8.0,6960.491739342522,8001.200000000001
0,298.5,309.5,43.5,87,7.264730177929867,11.0,6504.981748523025,3784.5
2,303.8,312.9,35.8,147,7.359467638255621,9.099999999999966,5885.878556255598,5262.599999999999
0,300.7,309.6,34.6,131,7.340835554123275,8.900000000000034,5583.5107353230915,4532.6
2,297.6,309.6,50.4,2,7.153833801578843,12.0,6745.125090963429,100.8
0,300.1,309.3,28.5,141,7.44600149832412,9.199999999999989,5109.486291798439,4018.5
1,301.3,310.5,39.7,85,7.301147805856032,9.199999999999989,6157.071306088981,3374.5000000000005
0,298.0,309.6,37.3,120,7.337587743538596,11.600000000000023,5999.687986119643,4476.0
0,300.4,309.9,31.8,154,7.311218384419629,9.5,4981.81196635655,4897.2
0,296.9,307.7,41.4,6,7.289610521451167,10.800000000000011,6347.02246990053,248.39999999999998
0,299.3,309.1,36.8,62,7.399398083331354,9.800000000000011,6296.924539051285,2281.6
1,298.8,310.2,35.7,116,7.367708572374371,11.399999999999977,5918.037993052845,4141.200000000001
0,303.8,312.9,48.3,52,7.274479558773871,9.099999999999966,7293.584336427135,2511.6
1,298.7,309.8,36.7,197,7.332369205929062,11.100000000000023,5872.432539698233,7229.900000000001
0,300.7,312.1,41.9,157,7.241366283322318,11.400000000000034,6120.922046621673,6578.3
0,299.2,308.5,27.0,138,7.532623618788788,9.300000000000011,5278.818135826929,3726.0
0,298.5,309.7,12.1,102,7.870165946469845,11.199999999999989,3316.0243496926105,1234.2
1,300.5,309.8,37.8,150,7.319202458767849,9.300000000000011,5969.277369232893,5670.0
1,300.3,309.1,44.3,175,7.285506548522785,8.800000000000011,6763.786151325751,7752.499999999999
2,302.4,312.0,43.4,23,7.284820912568604,9.600000000000023,6621.828051285542,998.1999999999999
0,299.3,309.1,53.7,189,7.165493475060845,9.800000000000011,7271.12194895397,10149.300000000001
1,300.3,311.1,58.7,130,7.208600337960199,10.800000000000011,8298.516994457439,7631.0
0,303.1,312.7,51.8,97,7.21081845347222,9.599999999999966,7339.325925463402,5024.599999999999
0,300.5,312.0,29.5,106,7.4067107301776405,11.5,5084.87714934532,3127.0
0,297.1,307.8,36.6,177,7.298445101508147,10.699999999999989,5660.961466209591,6478.2
0,298.9,310.2,23.2,155,7.586803535162581,11.300000000000011,4788.541186307706,3596.0
0,299.1,308.3,46.9,28,7.189922170745808,9.199999999999989,6507.547382523458,1313.2
0,297.7,308.7,45.7,93,7.299797366758161,11.0,7078.039664464341,4250.1
0,304.0,313.1,28.7,106,7.450660796211539,9.100000000000023,5169.385991726885,3042.2
0,302.8,312.2,36.8,162,7.323830566202317,9.399999999999977,5838.3357874312715,5961.599999999999
0,299.0,310.1,41.9,55,7.365812837209472,11.100000000000023,6932.657228431716,2304.5
1,303.9,313.1,34.4,137,7.419979923661835,9.200000000000045,6008.735772961982,4712.8
2,297.7,309.7,31.1,20,7.388327859577107,12.0,5262.963564901813,622.0
0,299.0,310.4,53.0,89,7.232010331664759,11.399999999999977,7670.3031834946,4717.0
0,301.9,310.7,25.0,137,7.5745584842024805,8.800000000000011,5097.23408044944,3425.0
1,297.1,307.8,34.3,181,7.338888133838879,10.699999999999989,5524.32312972946,6208.299999999999
0,299.0,310.1,47.7,161,7.275864600546533,11.100000000000023,7212.971068936021,7679.700000000001
0,300.2,311.7,55.1,42,7.160069207596127,11.5,7420.295240121924,2314.2000000000003
1,298.4,308.2,40.0,211,7.313220387090301,9.800000000000011,6278.996516974799,8440.0
0,299.3,309.0,50.4,140,7.277938572945661,9.699999999999989,7637.086077170643,7056.0
2,301.6,310.8,47.2,152,7.269616749608169,9.199999999999989,7092.878453764796,7174.400000000001
0,299.0,310.3,36.1,97,7.29505641646263,11.300000000000011,5564.724011254624,3501.7000000000003
1,302.2,311.4,47.2,202,7.243512974665482,9.199999999999989,6909.995873423823,9534.400000000001
1,298.9,310.1,40.6,176,7.349873704738337,11.200000000000045,6611.272299969481,7145.6
1,302.2,311.2,24.0,99,7.535830462798367,9.0,4707.362432138946,2376.0
0,300.7,310.7,39.3,22,7.266827347520591,10.0,5889.261004345962,864.5999999999999
1,300.7,311.7,38.9,3,7.313220387090301,11.0,6106.324112757992,116.69999999999999
0,297.8,308.5,27.8,199,7.438383530044307,10.699999999999989,4946.144417762795,5532.2
0,302.7,310.6,48.7,4,7.31455283232408,7.900000000000034,7654.8779635654755,194.8
0,301.0,310.9,38.4,49,7.364547014255642,9.899999999999977,6345.514505426808,1881.6
0,298.7,309.9,26.8,40,7.469654172932128,11.199999999999989,4919.775983423664,1072.0
0,300.1,310.1,52.6,59,7.2305631534092925,10.0,7601.3975846258645,3103.4
0,297.3,308.7,31.6,129,7.3901814282264295,11.399999999999977,5357.504559823842,4076.4
1,299.0,310.3,35.4,223,7.351799869057777,11.300000000000011,5775.62959806562,7894.2
0,302.7,312.2,46.8,179,7.198183577101943,9.5,6547.581744905704,8377.199999999999
0,298.8,309.1,40.3,160,7.322510433997394,10.300000000000011,6385.171876690622,6448.0
1,298.8,308.5,47.4,90,7.262628600974241,9.699999999999989,7073.295859557418,4266.0
1,301.3,310.7,25.5,46,7.506591780070841,9.399999999999977,4857.373481347859,1173.0
0,302.4,311.0,48.5,81,7.288244401020124,8.600000000000023,7425.363676269716,3928.5
2,302.5,311.5,32.3,142,7.412160334945205,9.0,5597.951589554092,4586.599999999999
2,301.1,310.6,43.9,111,7.249925536717988,9.5,6468.25653040256,4872.9
2,301.8,311.2,39.4,70,7.280697195384741,9.399999999999977,5986.765568337877,2758.0
0,299.7,309.3,35.8,6,7.362010551259734,9.600000000000023,5900.874425188732,214.79999999999998
0,300.1,310.2,54.2,53,7.297091005160418,10.099999999999966,8371.820823041202,2872.6000000000004
0,299.0,310.1,32.9,87,7.438383530044307,11.100000000000023,5853.530623899133,2862.2999999999997
0,298.8,308.6,35.0,55,7.31455283232408,9.800000000000011,5501.4523352113265,1925.0
0,300.1,309.2,30.1,216,7.3777589082278725,9.099999999999966,5040.1513419337125,6501.6
0,301.1,311.6,48.1,202,7.267525427828172,10.5,7213.012956838069,9716.2
2,303.1,312.6,40.6,152,7.247792581767846,9.5,5969.277369232895,6171.2
1,301.2,312.3,38.3,87,7.3453648404168685,11.100000000000023,6208.666729436436,3332.1
1,300.8,310.3,36.3,205,7.3310603052186325,9.5,5800.8251711474095,7441.499999999999
0,298.3,309.1,60.5,143,7.257002707092073,10.800000000000011,8977.467526775752,8651.5
1,301.9,310.7,47.9,80,7.2485040723706105,8.800000000000011,7047.587159675543,3832.0
0,303.9,313.0,45.0,78,7.302496423727326,9.100000000000023,6988.472857910494,3510.0
0,298.8,309.5,48.1,159,7.226209010100671,10.699999999999989,6920.865784005244,7647.900000000001
1,298.1,307.6,36.3,140,7.356279876550748,9.5,5949.07692847031,5082.0
0,298.3,309.2,45.5,75,7.284134806195205,10.899999999999977,6937.474337167221,3412.5
0,299.8,309.5,40.3,141,7.341483852363161,9.699999999999989,6507.557854498969,5682.299999999999
1,297.3,308.6,42.9,122,7.284134806195205,11.300000000000011,6541.047232186236,5233.8
0,302.4,311.8,30.1,210,7.422971251049421,9.400000000000034,5273.404124487242,6321.0
0,300.5,309.8,37.4,148,7.346655163176539,9.300000000000011,6070.604204286677,5535.2
1,297.6,308.6,49.0,34,7.237059026124737,11.0,7127.331253199163,1666.0
0,302.4,310.8,28.8,150,7.430707082545968,8.400000000000034,5084.856205394296,4320.0
0,295.8,306.5,37.9,88,7.336285660021297,10.699999999999989,6088.259954999851,3335.2
0,300.3,311.6,29.5,27,7.444248649496705,11.300000000000011,5279.498814235208,796.5
0,297.7,307.2,40.0,17,7.275864600546533,9.5,6048.6130557115475,680.0
2,297.6,308.3,30.9,79,7.403061091090091,10.699999999999989,5306.778310443879,2441.1
0,298.1,309.9,32.5,45,7.396335293800808,11.799999999999955,5544.125635422587,1462.5
0,303.6,313.0,35.8,133,7.328437352895162,9.399999999999977,5705.928129057973,4761.4
0,301.6,310.9,31.6,189,7.398174092970465,9.299999999999955,5400.523435226998,5972.400000000001
1,298.8,310.1,74.5,194,7.126087273299125,11.300000000000011,9697.415843223414,14453.0
0,295.9,306.6,41.1,113,7.351158226430694,10.700000000000045,6701.2998734458515,4644.3
0,298.4,309.5,50.3,110,7.242797922793756,11.100000000000023,7358.562944478884,5533.0
0,297.5,308.9,48.5,193,7.286191714702382,11.399999999999977,7410.126951899805,9360.5
0,297.3,308.7,53.8,91,7.210079628170788,11.399999999999977,7617.063659991764,4895.8
0,302.5,311.2,40.1,165,7.343426229147367,8.699999999999989,6487.860068560963,6616.5
0,301.1,312.3,34.9,122,7.304515946460155,11.199999999999989,5430.913108162723,4257.8
2,302.5,311.9,34.6,112,7.3752557780097545,9.399999999999977,5779.169125788665,3875.2000000000003
0,299.6,309.4,32.9,145,7.404887575616125,9.799999999999955,5660.594947066673,4770.5
0,300.7,310.9,37.1,113,7.336936913707618,10.199999999999989,5963.632974431944,4192.3
0,298.4,308.2,45.9,63,7.21890970761906,9.800000000000011,6556.25254062961,2891.7
1,296.7,307.7,32.1,114,7.37650812632622,11.0,5368.3221105277025,3659.4
1,302.0,310.5,58.4,201,7.231287004327616,8.5,8445.690138302607,11738.4
1,302.3,311.8,50.1,104,7.212294468500341,9.5,7108.952936175665,5210.400000000001
0,303.7,313.0,24.3,209,7.502186486602924,9.300000000000011,4608.4336794774035,5078.7
0,300.5,311.9,59.5,33,7.193685818395112,11.399999999999977,8286.997821394276,1963.5
0,297.6,308.8,40.2,72,7.3395376954076745,11.199999999999989,6478.780865792088,2894.4
0,300.4,311.7,45.6,3,7.286191714702382,11.300000000000011,6967.047196013013,136.8
0,298.8,310.0,41.4,152,7.305188215393037,11.199999999999989,6446.736620725471,6292.8
1,302.8,312.2,32.9,159,7.38770923908104,9.399999999999977,5564.127108650442,5231.099999999999
0,303.5,313.0,51.6,80,7.2399325913204695,9.5,7527.130334295001,4128.0
2,300.6,310.4,42.8,124,7.32052696227274,9.799999999999955,6767.828333873371,5307.2
0,300.5,309.5,23.6,0,7.48324441607385,9.0,4391.653314404196,0.0
1,300.9,310.7,47.3,25,7.2813856635702825,9.800000000000011,7192.110893716185,1182.5
2,297.5,309.3,36.1,100,7.355001921105257,11.800000000000011,5908.738878798219,3610.0
1,298.1,307.8,35.9,132,7.330405211844402,9.699999999999989,5733.144793413573,4738.8
2,300.0,310.4,21.9,102,7.540090320145325,10.399999999999977,4313.815120423753,2233.7999999999997
0,300.4,311.0,26.0,197,7.497207223203318,10.600000000000023,4906.329966866299,5122.0
0,300.1,309.4,47.7,26,7.353081920515432,9.299999999999955,7792.406417964123,1240.2
0,299.2,308.4,46.8,2,7.268920128193722,9.199999999999989,7027.86842978651,93.6
1,300.5,309.8,38.9,166,7.349873704738337,9.300000000000011,6334.445627310659,6457.4
0,297.7,308.9,27.3,99,7.516977224604321,11.199999999999989,5254.565040541216,2702.7000000000003
2,298.4,308.1,24.7,158,7.545389749611823,9.700000000000045,4891.218906202533,3902.6
1,302.2,311.5,38.0,162,7.354362330421477,9.300000000000011,6215.745784882526,6156.0
0,299.6,309.4,31.1,191,7.425357887027151,9.799999999999955,5461.6274123393205,5940.1
1,298.9,309.9,41.4,20,7.247792581767846,11.0,6086.898598183296,828.0
0,300.7,310.1,56.6,98,7.140453043101158,9.400000000000034,7474.121194253429,5546.8
0,301.7,310.5,43.1,183,7.228388451573604,8.800000000000011,6214.981330670153,7887.3
0,302.5,310.9,39.2,144,7.298445101508147,8.399999999999977,6063.1062698201085,5644.8
1,303.8,313.2,26.5,190,7.444833273892193,9.399999999999977,4745.375703247383,5035.0
1,301.3,310.0,17.8,176,7.634820677745543,8.699999999999989,3854.776073856724,3132.8
0,298.8,310.0,45.6,185,7.247080584585756,11.199999999999989,6699.634829339449,8436.0
1,302.4,312.1,47.7,7,7.30854279753919,9.700000000000045,7452.737420257995,333.90000000000003
1,300.5,311.8,55.3,167,7.194436851100335,11.300000000000011,7707.824271753972,9235.1
0,299.4,308.7,62.9,134,7.277247726631484,9.300000000000011,9524.617775300463,8428.6
1,303.3,311.4,59.1,4,7.241366283322318,8.099999999999966,8633.567850962789,236.4
0,301.0,310.9,44.2,116,7.295735072749282,9.899999999999977,6817.947208673641,5127.200000000001
1,303.4,311.7,34.9,189,7.43307534889858,8.300000000000011,6176.475876712653,6596.099999999999
0,297.6,308.5,34.2,114,7.425953657077541,10.899999999999977,6009.615418904988,3898.8
1,300.4,310.2,36.9,231,7.3864708488298945,9.800000000000011,6232.888408795614,8523.9
2,297.5,308.8,49.4,2,7.266128779556451,11.300000000000011,7397.612941163006,98.8
0,297.3,308.6,42.6,105,7.304515946460155,11.300000000000011,6629.137490192895,4473.0
0,301.3,310.8,47.9,33,7.231287004327616,9.5,6927.20132918998,1580.7
0,301.5,310.6,46.5,206,7.240649694255466,9.100000000000023,6788.039246611466,9579.0
0,301.7,311.0,44.3,208,7.273786317844895,9.300000000000011,6684.921703745137,9214.4
0,300.3,309.6,32.6,175,7.393263094763838,9.300000000000011,5544.115163447075,5705.0
0,297.2,308.1,31.2,145,7.432483807917119,10.900000000000034,5518.395991589687,4524.0
0,297.6,308.3,28.8,106,7.504942068396171,10.699999999999989,5476.926968562302,3052.8
1,299.3,308.5,39.4,80,7.311218384419629,9.199999999999989,6172.4336941650345,3152.0
0,299.5,310.0,52.4,94,7.236339342754344,10.5,7616.393453558999,4925.599999999999
0,300.8,312.4,25.6,105,7.477604243197589,11.599999999999966,4737.019066788834,2688.0
0,301.3,310.4,47.2,193,7.316548177182976,9.099999999999966,7433.929752238504,9109.6
1,297.6,308.9,38.1,182,7.299797366758161,11.299999999999955,5900.947729017316,6934.2
0,300.5,309.6,41.6,217,7.290292882446597,9.100000000000023,6382.040756012545,9027.2
0,300.7,310.1,32.3,170,7.451241684987676,9.400000000000034,5821.193163518183,5490.999999999999
1,302.6,312.1,39.9,210,7.385230923066573,9.5,6731.270667361098,8379.0
0,302.5,310.2,54.0,86,7.176254532017144,7.699999999999989,7390.910876835347,4644.0
0,297.4,308.3,45.5,11,7.220373836723949,10.900000000000034,6508.646939952214,500.5
0,301.7,310.7,51.1,87,7.309212365692763,9.0,7989.31097351562,4445.7
0,299.8,310.8,48.6,159,7.227662498728654,11.0,7002.9870159700795,7727.400000000001
0,300.7,310.8,18.5,95,7.656337166430183,10.100000000000023,4093.54758750506,1757.5
0,300.2,311.5,31.0,193,7.430114138561801,11.300000000000011,5470.036408675429,5983.0
0,299.0,308.7,32.5,25,7.367708572374371,9.699999999999989,5387.569601518697,812.5
0,302.2,310.8,23.8,9,7.510977752014095,8.600000000000023,4553.487223966118,214.20000000000002
0,299.8,310.3,34.2,196,7.329749689041512,10.5,5458.077412640763,6703.200000000001
0,298.2,308.4,61.0,189,7.1785454837637,10.199999999999989,8368.155631612013,11529.0
0,303.7,312.4,39.2,184,7.321849713788356,8.699999999999989,6206.781773844284,7212.8
1,297.4,308.3,41.9,47,7.302496423727326,10.900000000000034,6507.044727698882,1969.3
1,301.6,310.9,40.9,152,7.32052696227274,9.299999999999955,6467.387356435067,6216.8
0,300.5,311.8,57.9,191,7.221835825288449,11.300000000000011,8294.558587713915,11058.9
1,300.1,311.5,46.2,28,7.203405521083095,11.399999999999977,6497.5047580074815,1293.6000000000001
0,303.1,311.3,55.6,150,7.247080584585756,8.199999999999989,8168.852993668275,8340.0
1,301.1,310.5,35.8,81,7.344719054149673,9.399999999999977,5799.652309890069,2899.7999999999997
1,301.1,310.7,16.7,79,7.705262474866325,9.599999999999966,3880.6313813957677,1319.3
0,303.4,311.6,42.8,58,7.311886164077165,8.200000000000045,6709.562262124792,2482.3999999999996
0,297.6,308.6,40.4,127,7.2399325913204695,11.0,5893.334602820118,5130.8
0,296.8,308.0,40.4,217,7.337587743538596,11.199999999999989,6498.321572097415,8766.8
0,299.4,309.2,41.5,29,7.2640301428995295,9.800000000000011,6201.556258063812,1203.5
0,303.8,312.5,30.9,142,7.3901814282264295,8.699999999999989,5238.825661346731,4387.8
1,298.4,309.0,38.8,97,7.3427791893318455,10.600000000000023,6273.467313904482,3763.6
0,298.0,307.7,47.3,49,7.266128779556451,9.699999999999989,7083.1395165386675,2317.7
1,300.3,311.5,41.5,151,7.340186835320115,11.199999999999989,6692.6395496974565,6266.5
1,303.2,311.5,58.2,2,7.198183577101943,8.300000000000011,8142.505503280171,116.4
0,303.7,312.7,56.8,194,7.215239978730097,9.0,8083.443561392681,11019.199999999999
0,303.6,312.5,54.1,126,7.204892510204673,8.899999999999977,7619.880621404483,6816.6
2,298.5,309.4,36.0,97,7.3613754289773485,10.899999999999977,5930.070292916093,3492.0
0,298.0,308.8,36.5,109,7.306531398939505,10.800000000000011,5691.3616111208285,3978.5
0,298.9,310.2,31.1,158,7.411556287811163,11.300000000000011,5386.721371502226,4913.8
1,303.4,312.9,39.9,63,7.260522598089852,9.5,5941.568522028231,2513.7
1,300.3,309.6,53.7,82,7.243512974665482,9.300000000000011,7861.584288196171,4403.400000000001
0,298.8,308.6,62.8,81,7.194436851100335,9.800000000000011,8753.189227235976,5086.8
0,300.9,311.0,38.0,111,7.313220387090301,10.100000000000023,5965.046691126059,4218.0
0,301.0,312.2,59.0,57,7.142827401161621,11.199999999999989,7809.580457803748,3363.0
0,296.4,307.4,5.6,213,7.949444420250626,11.0,1661.3579710223783,1192.8
1,296.3,307.2,42.5,35,7.282761179605593,10.899999999999977,6471.1572676193755,1487.5
1,301.5,310.8,44.1,157,7.2813856635702825,9.300000000000011,6705.541023528199,6923.7
1,300.3,309.8,42.0,3,7.275864600546533,9.5,6351.0437084971245,126.0
0,296.6,307.4,38.6,173,7.3277805384216315,10.799999999999955,6148.159654928296,6677.8
0,298.6,308.4,42.9,38,7.303843225277705,9.799999999999955,6671.329079530606,1630.2
1,299.0,310.4,37.1,131,7.3938782901077555,11.399999999999977,6313.292236776489,4860.1
0,303.7,313.1,41.2,124,7.261225091971921,9.400000000000034,6139.467915253365,5108.8
0,303.9,312.7,24.3,158,7.496097345175956,8.800000000000011,4580.442088933918,3839.4
0,299.4,309.1,45.4,137,7.267525427828172,9.700000000000045,6808.124495643417,6219.8
0,297.0,307.9,49.0,204,7.283448228756631,10.899999999999977,7465.994941256143,9996.0
1,302.6,311.0,33.9,119,7.3727463664043285,8.399999999999977,5648.049520403337,4034.1
1,301.3,310.4,32.5,110,7.400009517162692,9.099999999999966,5564.545987670921,3575.0
0,298.0,309.2,32.4,99,7.331714969726466,11.199999999999989,5180.988940594142,3207.6
1,298.8,308.7,45.5,49,7.277247726631484,9.899999999999977,6889.826848587775,2229.5
0,302.3,310.7,37.8,137,7.313220387090301,8.399999999999977,5933.651708541185,5178.599999999999
0,300.1,311.3,12.5,64,7.855544677915663,11.199999999999989,3375.9031056700314,800.0
2,299.0,308.5,33.5,154,7.392647520721623,9.5,5693.665445733461,5159.0
0,303.5,312.8,38.4,92,7.382746449738912,9.300000000000011,6462.1304247280605,3532.7999999999997
2,300.2,311.6,28.8,162,7.416378479192928,11.400000000000034,5012.473910655586,4665.6
0,303.9,312.9,42.5,194,7.3310603052186325,9.0,6791.599718285535,8245.0
0,302.0,310.9,38.6,52,7.310550158534422,8.899999999999977,6043.062908690206,2007.2
0,302.7,312.0,24.0,63,7.511524648390866,9.300000000000011,4594.2650966097135,1512.0
0,300.6,309.5,40.0,55,7.271008538280992,8.899999999999977,6019.291524278044,2200.0
2,301.6,310.6,40.4,139,7.349873704738337,9.0,6578.704456127266,5615.599999999999
0,303.4,312.7,45.5,26,7.218176838403408,9.300000000000011,6494.35269337838,1183.0
0,300.1,310.5,50.9,111,7.30854279753919,10.399999999999977,7952.711419101298,5649.9
0,299.0,309.0,40.1,13,7.293017679772782,10.0,6168.716142858287,521.3000000000001
0,296.5,307.6,44.2,106,7.255591274253665,11.100000000000023,6549.487644448882,4685.200000000001
2,297.4,309.3,43.0,83,7.324489979348532,11.900000000000034,6826.47139674038,3569.0
0,300.2,311.8,23.2,210,7.4949862339505335,11.600000000000023,4368.23797715944,4872.0
1,299.8,311.1,38.1,176,7.312553498102598,11.300000000000011,5976.754359748438,6705.6
0,296.6,307.4,47.8,187,7.290292882446597,10.799999999999955,7333.210291764414,8938.6
0,298.2,309.0,37.2,87,7.3758821482150125,10.800000000000011,6217.337525160345,3236.4
0,303.6,312.9,23.5,7,7.535830462798367,9.299999999999955,4609.292381469385,164.5
1,299.8,310.6,31.3,121,7.43543801981455,10.800000000000011,5552.471799905625,3787.3
0,297.5,308.3,36.8,77,7.3758821482150125,10.800000000000011,6150.4844334919535,2833.6
1,298.1,309.1,37.5,126,7.360739903058278,11.0,6173.229564303943,4725.0
0,301.9,311.0,12.1,31,7.898039690764619,9.100000000000023,3409.7904184267536,375.09999999999997
1,296.2,307.3,35.2,53,7.298445101508147,11.100000000000023,5444.421956573159,1865.6000000000001
0,300.9,310.3,48.8,150,7.186901020411631,9.400000000000034,6750.738069837843,7320.0
0,302.4,311.0,36.5,193,7.3613754289773485,8.600000000000023,6012.432380317706,7044.5
0,298.0,308.9,35.6,153,7.364547014255642,10.899999999999977,5882.820739406103,5446.8
1,298.8,310.1,48.7,192,7.31455283232408,11.300000000000011,7654.8779635654755,9350.400000000001
1,297.6,308.8,45.9,101,7.256297239690681,11.199999999999989,6806.197652149215,4635.9
1,298.2,309.2,34.6,161,7.329749689041512,11.0,5521.914575361708,5570.6
0,297.4,308.7,36.2,92,7.32052696227274,11.300000000000011,5724.191254350842,3330.4
0,301.0,310.9,38.2,172,7.358193752733032,9.899999999999977,6272.462004255333,6570.400000000001
1,297.3,308.7,43.8,24,7.280697195384741,11.399999999999977,6655.338372923832,1051.1999999999998
0,302.8,312.1,39.9,48,7.327123292259293,9.300000000000011,6351.043708497126,1915.1999999999998
0,301.4,310.3,41.4,195,7.30854279753919,8.900000000000034,6468.413610035241,8073.0
0,301.8,309.7,30.4,124,7.377133712833954,7.899999999999977,5087.201927908975,3769.6
0,304.2,313.4,37.6,25,7.358193752733032,9.199999999999989,6173.941658638757,940.0
0,299.0,308.6,45.9,108,7.268920128193722,9.600000000000023,6892.717113829078,4957.2
1,301.8,310.6,40.2,128,7.286191714702382,8.800000000000011,6142.002133327262,5145.6
0,302.2,311.3,36.1,0,7.359467638255621,9.100000000000023,5935.2015609169575,0.0
0,300.5,309.9,37.4,175,7.315883504509785,9.399999999999977,5886.527818737339,6545.0
0,300.7,310.7,43.4,80,7.280008252884188,10.0,6590.01418968019,3472.0
1,298.3,308.5,37.1,170,7.396335293800808,10.199999999999989,6328.832648436246,6307.0
2,298.9,308.4,31.8,17,7.398174092970465,9.5,5434.703963298055,540.6
0,300.8,310.7,48.1,198,7.214504414151143,9.899999999999977,6840.273460465153,9523.800000000001
1,301.8,309.8,39.8,121,7.344072850573066,8.0,6443.49030831676,4815.799999999999
0,300.2,309.2,29.9,75,7.419380582918692,9.0,5219.578170355737,2242.5
0,303.4,312.3,54.8,54,7.160845906664299,8.900000000000034,7385.633001177316,2959.2
1,301.7,310.1,27.3,210,7.463936604468925,8.400000000000034,4982.974355638378,5733.0
2,300.6,310.0,44.0,97,7.302496423727326,9.399999999999977,6833.173461068039,4268.0
2,300.2,310.3,42.5,0,7.25063551189868,10.100000000000023,6266.43014636044,0.0
0,298.4,308.3,39.9,184,7.295735072749282,9.900000000000034,6154.662751721228,7341.599999999999
1,299.1,310.3,24.0,235,7.516977224604321,11.199999999999989,4619.397837838431,5640.0
0,299.0,309.9,34.0,92,7.396948602621014,10.899999999999977,5803.568828731544,3128.0
0,299.7,309.3,25.5,129,7.484368643286131,9.600000000000023,4750.559331125806,3289.5
0,297.3,308.3,48.1,23,7.252053951852814,11.0,7102.198511970446,1106.3
1,303.5,312.9,30.4,130,7.389563953677635,9.399999999999977,5150.8715390217285,3952.0
2,303.8,312.5,46.6,198,7.277938572945661,8.699999999999989,7061.274031669682,9226.800000000001
1,300.7,311.2,26.5,63,7.478734825567875,10.5,4909.1050403769705,1669.5
0,298.1,308.0,30.9,61,7.4413203897176174,9.899999999999977,5513.872098168518,1884.8999999999999
1,298.1,308.6,46.3,27,7.255591274253665,10.5,6860.66239678695,1250.1
1,300.9,310.8,33.0,7,7.3777589082278725,9.900000000000034,5525.747318399087,231.0
0,300.1,309.8,56.7,44,7.266128779556451,9.699999999999989,8490.782464857135,2494.8
1,302.6,311.7,51.7,32,7.266128779556451,9.099999999999966,7742.036215751568,1654.4
0,300.7,310.0,48.0,85,7.241366283322318,9.300000000000011,7012.034802812417,4080.0
1,300.3,311.7,28.9,198,7.4067107301776405,11.399999999999977,4981.455919189143,5722.2
1,301.5,310.7,53.2,69,7.256297239690681,9.199999999999989,7888.664816870115,3670.8
0,302.9,312.4,36.9,194,7.346655163176539,9.5,5989.44639406894,7158.599999999999
1,302.7,311.6,9.7,2,7.904703913873747,8.900000000000034,2751.7524212058356,19.4
0,302.6,310.3,40.4,105,7.299797366758161,7.699999999999989,6257.172920007863,4242.0
0,300.2,309.9,36.4,170,7.356918242356021,9.699999999999989,5969.277369232894,6188.0
0,302.4,311.8,31.1,96,7.342131730584722,9.400000000000034,5025.218304853649,2985.6000000000004
0,298.3,307.7,33.8,171,7.3632795869630385,9.399999999999977,5578.295691518132,5779.799999999999
0,297.1,308.3,45.8,190,7.311218384419629,11.199999999999989,7175.0625175827045,8702.0
0,298.2,309.0,13.8,45,7.803843303538772,10.800000000000011,3539.1297879750455,621.0
0,300.5,310.5,47.4,56,7.2254814727822945,10.0,6815.182607138482,2654.4
1,300.3,309.5,49.4,77,7.2485040723706105,9.199999999999989,7268.284043590226,3803.7999999999997
0,302.4,311.0,46.2,186,7.261225091971921,8.600000000000023,6884.548972929745,8593.2
0,298.1,307.6,20.3,202,7.576097340623111,9.5,4145.331506411732,4100.6
0,301.0,310.9,45.3,47,7.264730177929867,9.899999999999977,6774.153407082598,2129.1
0,299.1,310.5,37.8,46,7.303843225277705,11.399999999999977,5878.234014131862,1738.8
1,303.6,311.8,44.8,101,7.259819610363186,8.199999999999989,6666.543386721636,4524.799999999999
0,296.2,307.2,36.5,38,7.323830566202317,11.0,5790.740658729386,1387.0
0,301.3,311.0,33.6,80,7.341483852363161,9.699999999999989,5425.656176455716,2688.0
0,297.7,307.6,22.9,68,7.561121589530238,9.900000000000034,4606.716275493441,1557.1999999999998
0,299.7,311.1,44.9,174,7.272398392570047,11.400000000000034,6766.058570011848,7812.599999999999
0,299.0,310.3,46.3,175,7.264730177929867,11.300000000000011,6923.693217393473,8102.499999999999
1,301.4,311.0,55.8,152,7.118826249062078,9.600000000000023,7210.709122225436,8481.6
1,304.2,313.8,44.9,136,7.301147805856032,9.600000000000023,6963.539084216504,6106.4
0,301.0,312.3,34.9,111,7.346655163176539,11.300000000000011,5664.815153197996,3873.8999999999996
0,296.8,307.9,61.4,125,7.148345743900068,11.099999999999966,8172.266857685177,7675.0
0,302.3,310.9,19.7,190,7.618251097876695,8.599999999999966,4196.099643693743,3743.0
2,298.8,309.0,43.8,147,7.311886164077165,10.199999999999989,6866.327735538923,6438.599999999999
0,297.9,309.8,21.3,29,7.601402334583733,11.900000000000034,4461.061568097506,617.7
0,298.9,308.5,55.1,140,7.265429723253953,9.600000000000023,8245.413606636259,7714.0
0,302.5,310.3,36.0,72,7.329093736246592,7.800000000000011,5741.574733700706,2592.0
1,299.2,308.4,48.5,5,7.242082359256962,9.199999999999989,7090.155740131685,242.5
0,304.2,313.4,28.9,192,7.459338895220296,9.199999999999989,5250.80560133242,5548.799999999999
0,302.9,312.1,54.7,88,7.19668657083435,9.200000000000045,7641.379587130549,4813.6
1,297.3,308.0,45.0,77,7.247080584585756,10.699999999999989,6611.481739479719,3465.0
1,297.8,309.1,42.6,17,7.267525427828172,11.300000000000011,6388.240165515629,724.2
0,302.2,311.6,20.4,202,7.5352967024440884,9.400000000000034,3999.121784313663,4120.799999999999
0,303.8,313.2,39.4,159,7.3343293503005365,9.399999999999977,6316.842236475045,6264.599999999999
0,301.4,310.4,36.0,196,7.352441100243583,9.0,5877.291536335785,7056.0
1,298.0,308.7,51.9,47,7.266128779556451,10.699999999999989,7771.986065715791,2439.2999999999997
1,300.4,309.3,41.6,160,7.252762418053187,8.900000000000034,6146.798298111741,6656.0
1,302.1,310.8,37.5,42,7.316548177182976,8.699999999999989,5906.194188748811,1575.0
0,298.7,309.8,54.3,128,7.246368080102461,11.100000000000023,7972.168349602531,6950.4
1,298.4,309.7,22.5,170,7.534228326274089,11.300000000000011,4406.083696659684,3825.0
0,300.5,309.5,62.1,138,7.135687347028144,9.0,8161.386475128244,8569.800000000001
0,297.9,309.0,36.7,104,7.367708572374371,11.100000000000023,6083.809365407267,3816.8
1,299.1,310.8,38.4,185,7.325148957955575,11.699999999999989,6100.218951034517,7104.0
0,298.9,308.7,44.9,69,7.237059026124737,9.800000000000011,6530.962719768212,3098.1
1,298.1,307.7,30.7,145,7.3987862754199485,9.599999999999966,5249.925955389415,4451.5
0,296.6,307.6,40.2,96,7.286191714702382,11.0,6142.002133327262,3859.2000000000003
0,300.5,311.5,49.7,55,7.183111701743281,11.0,6849.216527552372,2733.5
1,303.4,312.2,35.7,56,7.38770923908104,8.800000000000011,6037.669841301545,1999.2000000000003
0,298.2,307.8,25.1,108,7.498315870766981,9.600000000000023,4741.752399720243,2710.8
0,298.0,307.6,28.9,123,7.411556287811163,9.600000000000023,5005.667126572808,3554.7
2,303.8,313.2,46.9,154,7.317876198626496,9.399999999999977,7396.502911758737,7222.599999999999
1,304.0,313.3,52.8,82,7.255591274253665,9.300000000000011,7823.82234450002,4329.599999999999
0,299.0,310.3,47.8,99,7.271008538280992,11.300000000000011,7193.053371512262,4732.2
2,300.4,311.9,46.7,41,7.271703706887368,11.5,7032.413267158704,1914.7
1,301.7,311.0,33.5,146,7.338238150065589,9.300000000000011,5391.967831233722,4891.0
0,299.3,310.5,38.8,30,7.317212408359839,11.199999999999989,6115.005380457412,1164.0
1,301.2,310.1,56.6,39,7.16703787691222,8.900000000000034,7675.643891005701,2207.4
0,302.5,312.2,25.3,14,7.461065514354283,9.699999999999989,4604.674240268608,354.2
0,299.4,308.7,56.7,102,7.231287004327616,9.300000000000011,8199.839569208183,5783.400000000001
0,297.9,309.1,34.7,33,7.3901814282264295,11.200000000000045,5883.082538793903,1145.1000000000001
0,299.0,310.0,31.9,51,7.367077059881012,11.0,5284.766217917726,1626.8999999999999
1,302.0,310.9,45.3,193,7.351799869057777,8.899999999999977,7390.8480449822755,8742.9
1,301.9,310.6,46.5,89,7.253470382684528,8.700000000000045,6875.6896816466215,4138.5
1,297.1,308.5,42.1,81,7.323830566202317,11.399999999999977,6679.18306116458,3410.1
0,295.8,306.3,54.6,87,7.198931240688173,10.5,7644.5630676861865,4750.2
1,299.8,309.4,48.1,143,7.2456550675945355,9.599999999999966,7056.865329979144,6878.3
0,301.5,310.5,35.7,198,7.332369205929062,9.0,5712.420753875393,7068.6
2,300.7,311.9,59.2,121,7.1929342212158,11.199999999999989,8239.015229598448,7163.200000000001
0,302.2,310.6,47.5,109,7.205635176410364,8.400000000000034,6695.257543575448,5177.5
1,297.0,307.9,33.3,141,7.358830898342354,10.899999999999977,5471.366349565447,4695.299999999999
1,301.2,310.0,45.6,18,7.27655640271871,8.800000000000011,6900.194104344621,820.8000000000001
2,300.7,312.3,45.4,86,7.277247726631484,11.600000000000023,6874.684371997472,3904.4
0,300.2,311.6,53.5,132,7.213031659834869,11.400000000000034,7596.999354910837,7062.0
0,300.6,311.0,34.7,89,7.342131730584722,10.399999999999977,5606.915600592335,3088.3
0,300.7,310.1,50.8,75,7.227662498728654,9.400000000000034,7319.994658668313,3810.0
0,301.4,310.4,30.6,110,7.432483807917119,9.0,5412.272991751423,3366.0
0,298.4,309.2,35.4,112,7.367708572374371,10.800000000000011,5868.306581346518,3964.7999999999997
0,300.0,310.4,49.1,131,7.195937226475569,10.399999999999977,6853.939388508268,6432.1
1,302.3,310.9,24.5,73,7.47477218239787,8.599999999999966,4520.647108760592,1788.5
1,300.3,310.2,44.7,203,7.265429723253953,9.899999999999977,6689.110493949925,9074.1
0,297.5,309.3,43.5,195,7.247792581767846,11.800000000000011,6395.654324178101,8482.5
2,300.0,310.5,36.7,137,7.351799869057777,10.5,5987.728990084979,5027.900000000001
2,298.4,307.7,31.1,166,7.394493107219038,9.300000000000011,5295.531408744027,5162.6
1,298.3,309.1,58.7,201,7.167809184316444,10.800000000000011,7966.576314679141,11798.7
1,300.9,310.5,29.3,32,7.440146680662688,9.600000000000023,5222.2275801602655,937.6
0,297.3,308.3,37.0,54,7.346655163176539,11.0,6005.677956112489,1998.0
2,303.4,311.9,50.0,54,7.246368080102461,8.5,7340.85483388815,2700.0
0,303.6,313.1,44.1,120,7.241366283322318,9.5,6442.306975083909,5292.0
0,302.1,311.0,49.5,196,7.20934025660291,8.899999999999977,7003.0812637496865,9702.0
2,300.0,309.5,28.9,82,7.459338895220296,9.5,5250.80560133242,2369.7999999999997
0,297.2,308.6,33.0,84,7.354362330421477,11.400000000000034,5397.884497397983,2772.0
1,300.7,311.7,18.9,232,7.6487397889562425,11.0,4150.389470584011,4384.799999999999
1,298.5,309.3,43.7,189,7.305860032684009,10.800000000000011,6809.464908508949,8259.300000000001
0,302.1,310.6,40.0,7,7.272398392570047,8.5,6027.669104687616,280.0
0,299.8,310.1,42.0,177,7.348587530927593,10.300000000000011,6830.450747434928,7434.0
0,300.7,309.3,45.3,100,7.262628600974241,8.600000000000023,6759.921992361836,4530.0
0,297.9,307.6,52.7,132,7.1693500166706,9.700000000000045,7163.312961058279,6956.400000000001
1,298.8,308.4,29.5,14,7.380879035564116,9.599999999999966,4955.129372752061,413.0
0,300.2,309.5,32.6,49,7.310550158534422,9.300000000000011,5103.7267052668585,1597.4
0,299.5,309.1,22.5,79,7.530479995245536,9.600000000000023,4389.590335228338,1777.5
1,300.5,309.4,16.3,59,7.687080155783135,8.899999999999977,3719.40484641354,961.7
2,298.0,307.4,35.2,195,7.382124365737512,9.399999999999977,5919.933420620511,6864.000000000001
0,298.0,308.2,37.9,9,7.323170717943469,10.199999999999989,6008.8823806191485,341.09999999999997
0,302.9,312.4,23.9,244,7.562161631225652,9.5,4812.888529373026,5831.599999999999
0,298.7,308.4,25.8,72,7.467942332285852,9.699999999999989,4728.096943652638,1857.6000000000001
0,296.9,307.9,41.6,139,7.269616749608169,11.0,6251.35050162321,5782.400000000001
0,299.4,309.2,39.0,26,7.355641102974253,9.800000000000011,6387.486183278768,1014.0
0,300.3,311.7,56.5,7,7.183870715062453,11.399999999999977,7792.249338331445,395.5
2,298.9,308.4,42.4,149,7.27931883541462,9.5,6433.73042713961,6317.599999999999
0,298.0,308.6,42.6,54,7.334981878871814,10.600000000000023,6834.346322325379,2300.4
2,296.2,307.0,40.6,28,7.341483852363161,10.800000000000011,6556.001213217324,1136.8
1,299.4,309.1,44.7,172,7.210079628170788,9.700000000000045,6328.675568803567,7688.400000000001
0,298.8,309.8,33.7,143,7.355001921105257,11.0,5515.914133393351,4819.1
0,298.3,308.9,54.7,91,7.22983877815125,10.599999999999966,7899.147264357593,4977.7
0,301.7,310.1,50.2,54,7.261927092702751,8.400000000000034,7485.870750777856,2710.8
0,298.7,310.1,33.5,70,7.424761761823209,11.400000000000034,5879.595370948417,2345.0
1,302.5,310.5,38.8,136,7.331714969726466,8.0,6204.394163427553,5276.799999999999
0,299.6,310.1,49.8,11,7.233455418621439,10.5,7217.6206260633335,547.8
0,300.3,311.8,41.0,55,7.280697195384741,11.5,6229.882951823679,2255.0
0,300.3,309.3,36.0,158,7.385851078125209,9.0,6077.096829104095,5688.0
0,301.0,309.5,48.5,122,7.266128779556451,8.5,7262.838616324005,5917.0
0,300.9,310.5,33.5,25,7.388327859577107,9.600000000000023,5669.108663157901,837.5
0,300.6,310.9,42.6,101,7.2682230211595655,10.299999999999955,6392.701227083726,4302.6
2,301.3,310.1,39.7,179,7.293017679772782,8.800000000000011,6107.182814749975,7106.3
0,297.7,307.4,36.5,55,7.404887575616125,9.699999999999989,6279.991354648437,2007.5
0,297.1,308.4,44.4,197,7.292337176173877,11.299999999999955,6825.549862895328,8746.8
0,300.0,311.4,38.7,185,7.380879035564116,11.399999999999977,6500.457855101856,7159.500000000001
1,298.9,308.6,33.5,128,7.362010551259734,9.700000000000045,5521.76796770454,4288.0
1,299.7,308.9,41.0,87,7.2991214627108,9.199999999999989,6345.8077207411425,3567.0
0,300.7,310.5,41.1,201,7.27655640271871,9.800000000000011,6219.2538966790335,8261.1
0,298.9,310.2,37.2,177,7.392647520721623,11.300000000000011,6322.51804720253,6584.400000000001
0,298.1,308.1,45.8,71,7.252053951852814,10.0,6762.592346117389,3251.7999999999997
0,300.1,309.3,31.0,201,7.411556287811163,9.199999999999989,5369.400724005434,6231.0
0,301.8,310.0,44.9,208,7.2399325913204695,8.199999999999989,6549.770387787705,9339.199999999999
1,301.5,310.7,36.0,64,7.32052696227274,9.199999999999989,5692.5658883047045,2304.0
1,297.6,308.7,54.8,147,7.25063551189868,11.099999999999966,8080.008753424755,8055.599999999999
0,299.8,309.4,51.6,158,7.270312886079025,9.599999999999966,7759.482526954502,8152.8
2,300.3,309.9,52.1,205,7.2485040723706105,9.599999999999966,7665.538434636656,10680.5
1,297.3,308.9,24.5,137,7.495541943884256,11.599999999999966,4615.575566776564,3356.5
0,301.3,310.6,40.9,57,7.301147805856032,9.300000000000011,6343.179254887639,2331.2999999999997
2,298.7,309.6,26.9,73,7.470793774195062,10.900000000000034,4943.767279321577,1963.6999999999998
2,299.9,311.4,37.0,162,7.311886164077165,11.5,5800.322516322834,5994.0
0,300.5,310.3,57.1,29,7.198183577101943,9.800000000000011,7988.609351156319,1655.9
0,302.0,310.8,27.4,11,7.477604243197589,8.800000000000011,5070.090719922424,301.4
0,299.4,310.7,41.2,3,7.347299700743164,11.300000000000011,6691.718015852404,123.60000000000001
0,301.8,310.2,40.4,213,7.284820912568604,8.399999999999977,6164.098001657509,8605.199999999999
0,297.3,308.5,30.8,148,7.475905969367397,11.199999999999989,5689.549959357259,4558.400000000001
1,298.9,309.6,43.8,180,7.268920128193722,10.700000000000045,6577.364043261734,7883.999999999999
0,301.2,309.9,32.9,171,7.404887575616125,8.699999999999989,5660.594947066673,5625.9
1,295.8,306.3,45.5,76,7.275864600546533,10.5,6880.297350871885,3458.0
0,296.9,307.7,43.3,120,7.261927092702751,10.800000000000011,6456.9363248741265,5196.0
0,298.2,309.0,55.0,145,7.254177846456518,10.800000000000011,8138.295769124359,7975.0
1,302.0,310.4,26.3,82,7.511524648390866,8.399999999999977,5034.548835034811,2156.6
1,300.5,310.0,50.2,119,7.249215057114389,9.5,7391.24598005173,5973.8
0,300.4,309.6,44.7,192,7.267525427828172,9.200000000000045,6703.15341311147,8582.400000000001
0,299.9,309.5,26.1,169,7.484368643286131,9.600000000000023,4862.337197740531,4410.900000000001
1,297.2,307.9,35.7,169,7.340835554123275,10.699999999999989,5761.021192226427,6033.3
0,297.1,308.2,45.2,136,7.2640301428995295,11.099999999999966,6754.466093120104,6147.200000000001
1,298.2,307.9,45.1,193,7.247080584585756,9.699999999999989,6626.173921123008,8704.300000000001
0,302.9,312.2,41.4,94,7.32052696227274,9.300000000000011,6546.45077155041,3891.6
1,302.9,312.4,33.1,152,7.414572881350589,9.5,5750.465440910365,5031.2
1,297.9,307.3,47.8,171,7.259116128097101,9.400000000000034,7107.958098502026,8173.799999999999
2,302.3,310.1,30.4,115,7.4318919168078,7.800000000000011,5373.715177916365,3496.0
0,300.0,311.4,38.2,18,7.319202458767849,11.399999999999977,6032.444325521073,687.6
2,301.6,310.5,32.3,2,7.3796321526095525,8.899999999999977,5418.681840764747,64.6
0,298.0,308.2,30.6,195,7.385230923066573,10.199999999999989,5162.32788023182,5967.0
0,298.9,309.7,48.8,147,7.27931883541462,10.800000000000011,7404.859548217287,7173.599999999999
0,297.4,308.8,49.7,132,7.288244401020124,11.400000000000034,7609.0840146516475,6560.400000000001
0,300.5,311.4,47.0,53,7.274479558773871,10.899999999999977,7097.276683479821,2491.0
0,302.7,311.2,35.1,128,7.343426229147367,8.5,5678.89996026159,4492.8
0,300.0,309.7,37.8,103,7.369600720526409,9.699999999999989,6278.033095227698,3893.3999999999996
0,297.2,307.9,40.0,195,7.273786317844895,10.699999999999989,6036.04668509719,7800.0
0,302.8,312.2,51.0,42,7.285506548522785,9.399999999999977,7786.75155118766,2142.0
0,302.5,310.3,32.6,174,7.373374309910049,7.800000000000011,5434.871514906246,5672.400000000001
0,298.9,310.0,41.1,82,7.301822342137932,11.100000000000023,6378.501228289502,3370.2000000000003
0,302.4,310.2,16.0,154,7.707512194600341,7.800000000000011,3726.3477661779734,2464.0
0,304.1,313.3,45.5,188,7.271703706887368,9.199999999999989,6851.708857724219,8554.0
0,300.7,312.3,33.2,100,7.363913501405819,11.600000000000023,5482.749386946955,3320.0000000000005
0,301.9,310.5,42.4,128,7.298445101508147,8.600000000000023,6558.053720417668,5427.2
0,302.5,311.5,44.1,37,7.3277805384216315,9.0,7024.19276638181,1631.7
0,302.4,311.1,33.9,139,7.410347097821024,8.700000000000045,5864.599502015282,4712.099999999999
0,298.6,309.7,59.4,104,7.166265974133638,11.099999999999966,8049.137369615481,6177.599999999999
2,301.5,310.8,29.6,33,7.3727463664043285,9.300000000000011,4931.630259703209,976.8000000000001
1,299.1,309.5,48.2,86,7.200424892944957,10.399999999999977,6758.592051471818,4145.2
0,295.8,306.6,31.6,95,7.3914152346753585,10.800000000000011,5364.122848347405,3002.0
1,304.0,312.7,51.2,160,7.284134806195205,8.699999999999989,7806.564528856302,8192.0
2,302.7,310.5,36.9,28,7.358193752733032,7.800000000000011,6059.001255419418,1033.2
1,304.1,313.6,43.7,131,7.273786317844895,9.5,6594.38100346868,5724.700000000001
0,298.1,309.9,30.4,58,7.404279118037268,11.799999999999955,5227.275072357032,1763.1999999999998
1,298.0,308.7,58.5,176,7.299797366758161,10.699999999999989,9060.510292585643,10296.0
0,302.4,311.8,38.4,132,7.309212365692763,9.400000000000034,6003.709224716239,5068.8
2,303.6,311.9,37.1,88,7.3427791893318455,8.299999999999955,5998.5989006663995,3264.8
1,301.9,311.0,35.4,116,7.40184157874383,9.100000000000023,6072.195944564495,4106.4
0,298.4,309.6,35.6,101,7.298445101508147,11.200000000000045,5506.290387897854,3595.6000000000004
0,298.3,309.1,38.0,93,7.271008538280992,10.800000000000011,5718.326948064142,3534.0
0,297.5,309.1,30.2,211,7.385230923066573,11.600000000000023,5094.846470032711,6372.2
2,298.0,307.8,35.4,114,7.370860166536716,9.800000000000011,5886.841978002698,4035.6
1,298.8,309.8,49.6,27,7.228388451573604,11.0,7152.2754988686675,1339.2
0,298.7,308.5,42.2,58,7.300472814267799,9.800000000000011,6540.377025753471,2447.6000000000004
2,298.7,309.7,39.3,94,7.356279876550748,11.0,6440.736178757113,3694.2
0,298.8,308.3,27.9,12,7.399398083331354,9.5,4774.0270282481215,334.79999999999995
1,302.7,310.8,36.1,35,7.349873704738337,8.100000000000023,5878.495813519661,1263.5
1,297.3,308.5,42.4,171,7.327123292259293,11.199999999999989,6748.978777951834,7250.4
0,298.8,308.9,51.5,0,7.243512974665482,10.099999999999966,7539.508209350145,0.0
1,300.8,311.2,51.7,111,7.2196420401307355,10.399999999999977,7390.12547867195,5738.700000000001
0,302.0,310.9,44.0,64,7.277247726631484,8.899999999999977,6662.689699733233,2816.0
1,301.1,310.6,41.1,72,7.299797366758161,9.5,6365.589282483247,2959.2000000000003
1,300.7,310.8,45.2,92,7.290292882446597,10.100000000000023,6934.332744513631,4158.400000000001
0,304.1,313.3,28.5,132,7.457609289715606,9.199999999999989,5169.176552216646,3762.0
2,297.7,308.4,49.5,91,7.161622002939187,10.699999999999989,6676.512707409028,4504.5
2,299.2,310.6,30.6,160,7.4413203897176174,11.400000000000034,5460.339359351348,4896.0
2,302.1,311.0,26.1,210,7.455876687491824,8.899999999999977,4725.6779173093755,5481.0
0,299.6,309.2,37.3,31,7.3796321526095525,9.599999999999966,6257.487079273222,1156.3
0,299.3,308.5,45.4,72,7.32052696227274,9.199999999999989,7178.958092473155,3268.7999999999997
0,300.9,311.3,32.7,170,7.3864708488298945,10.400000000000034,5523.453955761967,5559.000000000001
1,299.5,309.1,45.3,103,7.260522598089852,9.600000000000023,6745.690577641075,4665.9
0,297.4,309.2,45.6,193,7.259116128097101,11.800000000000011,6780.813583508209,8800.800000000001
1,297.7,308.9,48.3,84,7.3343293503005365,11.199999999999989,7743.743147760017,4057.2
1,297.8,309.4,36.5,132,7.310550158534422,11.599999999999966,5714.295237492034,4818.0
0,300.8,311.7,31.3,221,7.427738840532894,10.899999999999977,5509.861331547434,6917.3
1,300.0,310.4,52.1,128,7.234177179749849,10.399999999999977,7556.42044980197,6668.8
1,297.1,308.6,31.3,61,7.4489161025442,11.5,5627.859551616267,1909.3
0,296.2,306.9,34.9,140,7.3310603052186325,10.699999999999989,5577.101886309769,4886.0
0,302.2,311.4,48.1,40,7.237778191923443,9.199999999999989,7001.4581075453325,1924.0
0,297.4,308.0,46.2,188,7.232733136177615,10.600000000000023,6691.026865468614,8685.6
2,302.4,311.9,47.3,162,7.220373836723949,9.5,6766.131873840433,7662.599999999999
0,297.3,308.3,61.5,56,7.177782416195197,11.0,8430.30680627553,3444.0
1,301.7,310.6,45.8,70,7.2305631534092925,8.900000000000034,6618.707402582977,3206.0
0,303.2,311.4,41.2,230,7.323170717943469,8.199999999999989,6532.083221147994,9476.0
0,299.5,309.1,47.3,106,7.213768308118642,9.600000000000023,6721.552674085993,5013.799999999999
0,300.7,310.7,46.1,209,7.318539548567902,10.0,7275.164131501589,9634.9
1,299.2,310.4,55.4,76,7.241366283322318,11.199999999999989,8093.056834912665,4210.4
0,300.2,309.2,51.3,57,7.266827347520591,9.0,7687.50863926076,2924.1
1,298.7,308.6,24.7,64,7.45182223652793,9.900000000000034,4454.087232406537,1580.8
0,299.3,308.6,37.6,132,7.301822342137932,9.300000000000011,5835.3198584838265,4963.2
0,298.7,309.9,39.7,72,7.290292882446597,11.199999999999989,6090.553317636973,2858.4
2,297.4,308.2,46.2,37,7.368970402194793,10.800000000000011,7668.313508147326,1709.4
0,302.8,312.2,40.2,230,7.301147805856032,9.399999999999977,6234.616284755089,9246.0
0,301.0,309.6,28.1,133,7.45298232946546,8.600000000000023,5073.085704918846,3737.3
1,303.4,311.8,18.3,207,7.665753431861699,8.400000000000034,4087.6204493652876,3788.1000000000004
0,299.4,308.8,57.0,92,7.237778191923443,9.400000000000034,8296.946198130643,5244.0
0,299.0,310.3,42.4,93,7.297091005160418,11.300000000000011,6549.173485183522,3943.2
0,301.6,310.5,34.5,102,7.374001859350161,8.899999999999977,5755.240661743821,3519.0
0,301.6,310.7,51.8,216,7.2305631534092925,9.099999999999966,7485.78697497376,11188.8
0,300.2,311.4,41.0,32,7.358193752733032,11.199999999999989,6732.223617132687,1312.0
0,297.4,308.3,38.8,23,7.302496423727326,10.900000000000034,6025.61659748727,892.4
0,298.5,309.5,41.0,153,7.358830898342354,11.0,6736.517127092594,6273.0
1,302.0,310.4,55.6,79,7.10085190894405,8.399999999999977,7056.771082199537,4392.400000000001
0,301.6,311.0,40.1,142,7.303843225277705,9.399999999999977,6235.904337743061,5694.2
0,297.5,308.9,44.6,140,7.237778191923443,11.399999999999977,6491.996498888188,6244.0
0,299.3,308.8,47.7,199,7.201916317531627,9.5,6698.472440057622,9492.300000000001
1,303.1,312.3,31.6,101,7.392647520721623,9.199999999999989,5370.741136870966,3191.6000000000004
0,299.1,310.2,52.8,41,7.210079628170788,11.099999999999966,7475.482551069985,2164.7999999999997
2,296.7,307.9,33.4,50,7.365180126021013,11.199999999999989,5522.773277353688,1670.0
0,299.2,310.6,41.1,88,7.312553498102598,11.400000000000034,6447.364939256189,3616.8
1,296.3,307.4,19.1,67,7.580189417944541,11.099999999999966,3916.288458014013,1279.7
0,303.7,313.0,45.5,51,7.284134806195205,9.300000000000011,6937.474337167221,2320.5
1,297.4,308.3,34.6,51,7.336936913707618,10.900000000000034,5561.77091416025,1764.6000000000001
0,300.0,309.1,45.4,90,7.266827347520591,9.100000000000023,6803.370218760984,4086.0
0,301.9,310.7,48.8,78,7.2485040723706105,8.800000000000011,7180.005290024354,3806.3999999999996
1,300.6,310.0,33.9,100,7.341483852363161,9.399999999999977,5474.099535174071,3390.0
1,302.3,311.4,23.2,25,7.554858521040676,9.099999999999966,4637.912290543587,580.0
1,298.0,308.7,48.2,201,7.270312886079025,10.699999999999989,7248.198794558275,9688.2
1,298.8,309.3,35.1,173,7.389563953677635,10.5,5947.223388804694,6072.3
0,297.8,307.7,39.7,25,7.317212408359839,9.899999999999977,6256.8482887669925,992.5000000000001
0,300.7,310.4,61.8,209,7.256297239690681,9.699999999999989,9163.900106815283,12916.199999999999
1,296.6,307.7,52.6,101,7.29641326877392,11.099999999999966,8119.173941839511,5312.6
1,300.4,309.7,51.2,143,7.221105098182496,9.300000000000011,7329.377548727036,7321.6
0,299.5,308.6,30.5,177,7.422373700986824,9.100000000000023,5340.288632082171,5398.5
0,301.6,310.8,21.8,148,7.581719640125308,9.199999999999989,4476.748587414431,3226.4
0,299.2,308.5,41.6,146,7.3427791893318455,9.300000000000011,6726.191759237795,6073.6
0,300.7,311.2,44.4,33,7.2813856635702825,10.5,6751.156948858322,1465.2
0,299.3,308.6,50.5,136,7.22402480828583,9.300000000000011,7250.324605587204,6868.0
0,297.2,308.6,37.1,161,7.313886831633462,11.400000000000034,5827.654372409067,5973.1
1,302.3,311.2,43.8,112,7.282761179605593,8.899999999999977,6669.098548746556,4905.599999999999
1,299.5,309.0,31.3,210,7.3796321526095525,9.5,5250.920793063053,6573.0
0,299.1,309.5,39.0,75,7.321849713788356,10.399999999999977,6175.114519896098,2925.0
0,298.9,309.9,32.0,60,7.373374309910049,11.0,5334.8432048159475,1920.0
0,299.6,310.9,31.8,91,7.335633981927201,11.299999999999955,5105.025230230342,2893.8
0,298.8,310.1,30.3,119,7.4109518755836366,11.300000000000011,5244.983182947767,3605.7000000000003
0,297.8,307.5,33.1,116,7.366445148327599,9.699999999999989,5480.099977142428,3839.6000000000004
0,297.7,307.2,37.8,5,7.419979923661835,9.5,6602.6224481965955,189.0
1,298.9,309.2,44.1,140,7.253470382684528,10.300000000000011,6520.815375497119,6174.0
0,299.7,309.1,39.4,125,7.295735072749282,9.400000000000034,6077.536652075599,4925.0
0,299.1,310.6,49.7,78,7.190676034332207,11.5,6901.262245846842,3876.6000000000004
1,302.3,311.8,43.4,175,7.275172319452771,9.5,6558.200328074837,7595.0
1,300.1,309.6,38.0,46,7.3938782901077555,9.5,6466.444878638991,1748.0
0,298.2,307.6,51.8,5,7.221835825288449,9.400000000000034,7420.693175191377,259.0
2,301.4,310.5,43.8,182,7.259819610363186,9.100000000000023,6517.7366146966,7971.599999999999
1,297.2,308.5,46.9,173,7.305188215393037,11.300000000000011,7303.1871379716085,8113.7
0,299.2,310.6,39.7,83,7.336285660021297,11.400000000000034,6377.412142836257,3295.1000000000004
0,301.4,310.7,36.3,43,7.372118028337787,9.300000000000011,6044.110106241402,1560.8999999999999
1,302.3,311.3,50.8,123,7.200424892944957,9.0,7123.163406945401,6248.4
1,298.8,308.6,33.7,61,7.360103972989152,9.800000000000011,5544.146579373611,2055.7000000000003
0,299.1,310.6,44.7,170,7.2305631534092925,11.5,6459.742814311334,7599.000000000001
1,300.9,310.4,40.4,92,7.3632795869630385,9.5,6667.548696370785,3716.7999999999997
1,297.0,307.9,53.0,115,7.260522598089852,10.899999999999977,7892.309064348277,6095.0
0,302.4,310.7,54.8,155,7.217443431696533,8.300000000000011,7816.031194719117,8494.0
1,300.2,309.8,47.4,21,7.240649694255466,9.600000000000023,6919.420651384591,995.4
0,304.1,313.2,46.6,35,7.220373836723949,9.099999999999966,6665.998843995016,1631.0
1,300.7,310.5,31.0,196,7.374629015218945,9.800000000000011,5174.6219794828685,6076.0
0,303.8,312.6,36.0,179,7.356279876550748,8.800000000000011,5899.911003441631,6444.0
0,298.1,308.8,43.4,68,7.267525427828172,10.699999999999989,6508.20711698071,2951.2
0,302.0,310.9,39.0,15,7.355641102974253,8.899999999999977,6387.486183278768,585.0
0,300.9,310.7,25.3,164,7.462214939768189,9.800000000000011,4609.973059877662,4149.2
1,301.5,310.5,29.8,148,7.385851078125209,9.0,5030.485708536168,4410.400000000001
1,301.9,310.9,47.7,20,7.258412150595307,9.0,7088.0927609558275,954.0
0,298.4,308.9,50.0,203,7.31455283232408,10.5,7859.217621730467,10150.0
0,301.8,311.0,53.0,166,7.187657164114956,9.199999999999989,7337.294362214082,8798.0
0,296.8,308.0,54.5,86,7.22402480828583,11.199999999999989,7824.607742663418,4687.0
0,297.4,308.3,45.5,2,7.29505641646263,10.900000000000034,7013.710318894332,91.0
0,302.4,311.2,50.5,53,7.278628942320682,8.800000000000011,7657.527373370001,2676.5
0,298.6,309.9,59.5,34,7.213031659834869,11.299999999999955,8448.999282564388,2023.0
1,300.2,310.3,36.1,36,7.374001859350161,10.100000000000023,6022.15037359281,1299.6000000000001
1,300.8,310.8,41.3,53,7.2875606403097235,10.0,6318.7167200916865,2188.8999999999996
0,299.2,308.4,28.9,197,7.445417556701687,9.199999999999989,5178.171979181423,5693.299999999999
0,302.2,310.7,36.4,100,7.357556200910353,8.5,5973.089168319249,3640.0
0,301.4,310.6,18.0,99,7.6676260915849905,9.200000000000045,4028.150100432833,1782.0
2,300.7,310.2,52.3,9,7.299797366758161,9.5,8100.251082089387,470.7
0,300.5,310.8,33.0,153,7.31986492980897,10.300000000000011,5214.729645693697,5049.0
0,299.4,308.7,37.2,126,7.321849713788356,9.300000000000011,5890.109234362432,4687.200000000001
0,301.6,310.9,40.4,13,7.338888133838879,9.299999999999955,6506.782928311083,525.1999999999999
0,302.4,311.8,46.6,110,7.29776828253138,9.400000000000034,7202.792308738391,5126.0
2,302.2,310.8,47.6,11,7.242797922793756,8.600000000000023,6963.57050014304,523.6
1,300.4,309.7,38.0,181,7.344719054149673,9.300000000000011,6156.055524464319,6878.0
2,298.4,308.9,37.1,0,7.363913501405819,10.5,6126.807296859399,0.0
2,299.2,309.1,47.1,9,7.252053951852814,9.900000000000034,6954.543657251726,423.90000000000003
0,300.8,310.3,46.6,19,7.232733136177615,9.5,6748.957834000809,885.4
2,300.4,309.6,33.6,126,7.360103972989152,9.200000000000045,5527.695105844312,4233.6
0,297.6,308.3,39.5,137,7.329093736246592,10.699999999999989,6299.783388366052,5411.5
0,298.8,309.7,58.6,123,7.226209010100671,10.899999999999977,8431.657691116576,7207.8
0,300.9,309.6,42.4,131,7.233455418621439,8.700000000000045,6145.122782029826,5554.4
2,302.3,310.2,33.8,43,7.317876198626496,7.899999999999977,5330.528750905018,1453.3999999999999
0,301.9,310.6,36.6,15,7.3613754289773485,8.700000000000045,6028.904797798029,549.0
2,300.2,311.5,44.3,73,7.2633296174768365,11.300000000000011,6615.335426468122,3233.8999999999996
0,298.4,308.0,37.4,50,7.360103972989152,9.600000000000023,6152.8510999576565,1870.0
1,297.5,308.8,52.3,152,7.294377299288821,11.300000000000011,8056.436336547321,7949.599999999999
0,299.7,309.2,54.1,118,7.2456550675945355,9.5,7937.139591515004,6383.8
0,298.2,308.7,29.4,47,7.381501894506707,10.5,4941.411084831385,1381.8
0,301.8,310.7,32.4,76,7.427144133408616,8.899999999999977,5700.105710673321,2462.4
0,299.6,309.1,50.6,85,7.249925536717988,9.5,7455.439189940082,4301.0
0,299.1,310.6,24.1,173,7.506042178518122,11.5,4588.17040686175,4169.3
1,303.4,312.7,32.8,79,7.374629015218945,9.300000000000011,5475.083900872195,2591.2
0,303.4,312.3,33.9,78,7.416979621381154,8.900000000000034,5903.649498699403,2644.2
0,303.5,311.8,21.9,195,7.564238475170491,8.300000000000011,4419.309801731298,4270.5
0,303.0,312.3,41.4,125,7.300472814267799,9.300000000000011,6416.388835691793,5175.0
0,300.7,309.6,24.8,85,7.458186157340487,8.900000000000034,4500.687523434785,2108.0
0,297.7,309.1,38.8,165,7.269616749608169,11.400000000000034,5830.586525552417,6401.999999999999
1,301.2,310.1,34.9,37,7.418780882750794,8.900000000000034,6088.762609824426,1291.3
1,299.3,308.5,45.4,37,7.260522598089852,9.199999999999989,6760.58172681909,1679.8
0,298.1,309.3,45.3,70,7.275172319452771,11.199999999999989,6845.3104806864085,3171.0
0,300.9,310.7,44.2,97,7.239214973779806,9.800000000000011,6443.029541394235,4287.400000000001
0,298.8,308.5,36.2,3,7.331714969726466,9.699999999999989,5788.635791651481,108.60000000000001
1,302.3,311.0,34.8,72,7.3277805384216315,8.699999999999989,5542.9004142876865,2505.6
0,300.7,309.9,26.6,149,7.4821189235521155,9.199999999999989,4944.3432379747355,3963.4
1,301.8,310.9,60.4,48,7.170119543449628,9.099999999999966,8216.270098786457,2899.2
0,301.0,311.4,37.5,193,7.301147805856032,10.399999999999977,5815.8733999581045,7237.5
1,297.5,308.6,57.0,132,7.206377291472252,11.100000000000023,8040.278078332359,7524.0
1,298.8,310.2,31.2,102,7.331714969726466,11.399999999999977,4989.100461312878,3182.4
1,298.4,309.1,39.3,86,7.330405211844402,10.700000000000045,6276.116723709009,3379.7999999999997
2,302.7,312.1,36.0,191,7.2991214627108,9.400000000000034,5571.928730406857,6876.0
1,300.8,310.7,40.8,28,7.302496423727326,9.899999999999977,6336.215391172181,1142.3999999999999
0,300.5,309.7,48.6,141,7.233455418621439,9.199999999999989,7043.702056760603,6852.6
1,301.9,310.9,43.7,0,7.273786317844895,9.0,6594.38100346868,0.0
0,301.5,310.9,44.7,164,7.293017679772782,9.399999999999977,6876.349416103875,7330.8
0,298.9,308.6,18.7,27,7.635303886259415,9.700000000000045,4051.638741506172,504.9
0,301.0,312.2,47.0,59,7.224753405767971,11.199999999999989,6752.748689136141,2773.0
0,297.6,308.4,32.4,130,7.394493107219038,10.799999999999955,5516.888027115963,4212.0
0,300.3,309.6,52.4,57,7.190676034332207,9.300000000000011,7276.179913126247,2986.7999999999997
1,300.3,311.4,50.2,109,7.22402480828583,11.099999999999966,7207.253370306488,5471.8
1,298.1,307.8,36.7,51,7.400620577371135,9.699999999999989,6287.499761090517,1871.7
1,300.7,309.5,46.4,24,7.27655640271871,8.800000000000011,7021.250141262947,1113.6
0,297.5,308.6,33.8,139,7.344072850573066,11.100000000000023,5472.109859826796,4698.2
0,301.4,311.1,36.9,133,7.293017679772782,9.700000000000045,5676.449517991789,4907.7
0,300.5,311.4,32.7,44,7.385230923066573,10.899999999999977,5516.605283777141,1438.8000000000002
0,301.0,310.0,43.5,21,7.300472814267799,9.0,6741.857834603696,913.5
1,300.3,310.0,37.5,6,7.338238150065589,9.699999999999989,6035.78488570939,225.0
0,301.5,310.4,34.1,151,7.396335293800808,8.899999999999977,5817.067205166469,5149.1
1,303.6,311.8,42.5,150,7.267525427828172,8.199999999999989,6373.244296582493,6375.0
1,303.6,312.4,49.5,109,7.316548177182976,8.799999999999955,7796.176329148431,5395.5
0,299.5,309.2,29.2,108,7.43307534889858,9.699999999999989,5167.710475644971,3153.6
0,302.8,311.1,30.0,87,7.451241684987676,8.300000000000011,5406.680956828034,2610.0
0,301.2,311.0,33.0,200,7.421177528595393,9.800000000000011,5771.105704644449,6600.0
0,299.1,310.1,20.1,106,7.546974117516527,11.0,3986.6182455523763,2130.6000000000004
0,298.5,308.3,49.8,186,7.19668657083435,9.800000000000011,6956.8684358153805,9262.8
1,301.8,311.1,44.6,171,7.241366283322318,9.300000000000011,6515.349004279871,7626.6
0,302.7,310.9,48.3,80,7.241366283322318,8.199999999999989,7055.860020329995,3864.0
0,301.9,310.8,39.3,9,7.357556200910353,8.900000000000034,6448.96715150952,353.7
0,301.6,310.6,36.6,218,7.2991214627108,9.0,5664.794209246971,7978.8
1,303.9,313.2,39.8,107,7.393263094763838,9.300000000000011,6768.582316110233,4258.599999999999
0,298.5,309.2,20.2,114,7.592870287844818,10.699999999999989,4194.717342926164,2302.7999999999997
0,301.5,310.5,44.0,203,7.224753405767971,9.0,6321.7221770636215,8932.0
0,300.1,309.7,58.2,155,7.20934025660291,9.599999999999966,8233.925849499632,9021.0
1,302.5,310.5,40.2,201,7.318539548567902,8.0,6344.069372806158,8080.200000000001
1,300.8,309.7,54.9,168,7.138073034044347,8.899999999999977,7232.3861115352065,9223.199999999999
0,299.6,309.0,42.8,160,7.330405211844402,9.399999999999977,6835.058416660193,6848.0
0,297.1,307.8,43.7,179,7.264730177929867,10.699999999999989,6534.8897105852,7822.3
0,296.8,307.4,48.3,105,7.346010209913293,10.599999999999966,7834.786502861049,5071.5
0,298.9,310.6,52.6,190,7.218176838403408,11.700000000000045,7507.757179597864,9994.0
0,296.9,308.4,41.8,184,7.237778191923443,11.5,6084.427211962471,7691.2
1,300.5,309.9,63.7,124,7.203405521083095,9.399999999999977,8958.680802707286,7898.8
2,300.8,311.1,24.8,156,7.4377951216719325,10.300000000000011,4409.79077599092,3868.8
0,303.8,312.9,49.9,192,7.221105098182496,9.099999999999966,7143.280071903888,9580.8
0,298.4,308.2,36.2,196,7.332369205929062,9.800000000000011,5792.426646786813,7095.200000000001
1,298.9,310.1,40.2,65,7.346010209913293,11.200000000000045,6520.87820735019,2613.0
2,301.6,310.9,50.2,51,7.258412150595307,9.299999999999955,7459.586092242821,2560.2000000000003
0,298.8,309.7,49.6,129,7.261927092702751,10.899999999999977,7396.3981920036185,6398.400000000001
0,298.9,310.2,45.1,101,7.307872780763706,11.300000000000011,7041.785685241914,4555.1
0,301.4,310.5,33.3,85,7.4073177104694174,9.100000000000023,5743.365441513252,2830.4999999999995
0,300.1,310.6,45.4,119,7.226209010100671,10.5,6532.376436462329,5402.599999999999
1,303.6,312.8,25.2,29,7.509883061154913,9.199999999999989,4816.061537953153,730.8
0,301.5,310.9,50.8,2,7.244941546337007,9.399999999999977,7447.668984110202,101.6
0,295.8,306.5,49.2,63,7.214504414151143,10.699999999999989,6996.703830662901,3099.6000000000004
1,302.9,312.2,54.4,136,7.164720378771857,9.300000000000011,7360.207044634262,7398.4
1,301.9,309.6,34.6,211,7.347299700743164,7.7000000000000455,5619.743770594495,7300.6
2,300.9,310.8,38.4,31,7.298445101508147,9.900000000000034,5939.369407170719,1190.3999999999999
2,300.6,310.7,45.3,175,7.31455283232408,10.099999999999966,7120.451165287803,7927.499999999999
2,302.2,311.6,36.8,82,7.374629015218945,9.400000000000034,6142.777059515146,3017.6
1,298.9,310.1,31.5,172,7.412160334945205,11.200000000000045,5459.302633775663,5418.0
1,297.4,308.3,51.7,108,7.2485040723706105,10.900000000000034,7606.685932259408,5583.6
0,300.8,310.9,55.8,118,7.179307969504034,10.099999999999966,7660.648022072566,6584.4
0,299.2,308.4,22.8,40,7.518607216815252,9.199999999999989,4395.590777196695,912.0
2,297.5,308.6,38.8,14,7.301147805856032,11.100000000000023,6017.490344489986,543.1999999999999
0,301.2,311.6,52.9,208,7.2875606403097235,10.400000000000034,8093.465241957632,11003.199999999999
2,301.0,310.1,30.7,2,7.471363088187097,9.100000000000023,5645.358222696762,61.4
1,301.2,310.7,32.9,40,7.342131730584722,9.5,5316.066952722992,1316.0
0,298.2,308.9,31.7,74,7.428927194802272,10.699999999999989,5586.914127364481,2345.7999999999997
1,300.7,311.5,36.4,20,7.358830898342354,10.800000000000011,5980.712766491961,728.0
1,300.4,309.7,37.7,156,7.3395376954076745,9.300000000000011,6075.871607969197,5881.200000000001
0,301.9,311.0,46.0,29,7.283448228756631,9.100000000000023,7008.893210158828,1334.0
0,299.4,309.1,50.5,153,7.173958319756794,9.700000000000045,6896.005314139836,7726.5
0,303.6,312.8,30.8,12,7.43955930913332,9.199999999999989,5486.351746523072,369.6
0,303.2,311.4,53.8,8,7.20934025660291,8.199999999999989,7611.429737166326,430.4
0,299.0,308.7,37.5,134,7.318539548567902,9.699999999999989,5917.9751611997735,5025.0
0,297.5,308.6,36.9,134,7.323170717943469,11.100000000000023,5850.336671367983,4944.599999999999
0,299.4,308.6,26.8,107,7.465655310134056,9.200000000000045,4900.130557363216,2867.6
1,297.8,307.4,24.3,129,7.551186867296149,9.599999999999966,4840.000473973507,3134.7000000000003
0,298.9,308.3,48.9,38,7.267525427828172,9.400000000000034,7332.979908303151,1858.2
2,298.8,310.1,45.4,192,7.302496423727326,11.300000000000011,7050.592616647476,8716.8
1,299.7,311.0,49.8,80,7.278628942320682,11.300000000000011,7551.383429580714,3984.0
0,299.5,310.8,41.0,93,7.277938572945661,11.300000000000011,6212.708911984055,3813.0
0,298.7,310.2,45.5,28,7.218176838403408,11.5,6494.35269337838,1274.0
0,296.7,307.6,37.4,146,7.324489979348532,10.900000000000034,5937.442563676517,5460.4
1,300.5,309.7,54.3,136,7.206377291472252,9.199999999999989,7659.4228009376675,7384.799999999999
0,301.1,311.0,29.1,188,7.425357887027151,9.899999999999977,5110.397353667981,5470.8
0,301.7,310.9,46.4,207,7.2485040723706105,9.199999999999989,6826.89027576086,9604.8
0,302.0,311.0,35.2,184,7.346655163176539,9.0,5713.509839328638,6476.8
2,296.3,307.1,25.9,154,7.4815557019095165,10.800000000000011,4811.51670058096,3988.6
0,299.0,310.4,31.1,134,7.382124365737512,11.399999999999977,5230.395721059599,4167.400000000001
0,298.0,309.2,49.7,94,7.229113877793302,11.199999999999989,7171.899980978091,4671.8
0,303.5,313.0,59.5,71,7.187657164114956,9.5,8237.151217957318,4224.5
2,298.6,309.4,47.1,149,7.272398392570047,10.799999999999955,7097.580370769668,7017.900000000001
0,296.9,307.5,9.3,18,7.909122183211411,10.600000000000023,2649.9648192295267,167.4
1,299.0,309.0,45.2,27,7.258412150595307,10.0,6716.599429668835,1220.4
0,303.8,312.8,53.3,152,7.264730177929867,9.0,7970.471889569591,8101.599999999999
0,302.2,311.4,44.9,33,7.32052696227274,9.199999999999989,7099.894677357812,1481.7
0,304.0,313.2,42.6,213,7.301147805856032,9.199999999999989,6606.8321823524075,9073.800000000001
0,300.8,312.5,47.3,123,7.261225091971921,11.699999999999989,7048.466805618547,5817.9
0,297.8,307.4,45.8,60,7.212294468500341,9.599999999999966,6498.803282970966,2748.0
1,300.5,311.9,35.2,97,7.424761761823209,11.399999999999977,6177.962897235352,3414.4
0,298.6,309.5,44.8,36,7.344719054149673,10.899999999999977,7257.665460421092,1612.8
0,303.7,312.4,43.9,188,7.330405211844402,8.699999999999989,7010.725805873422,8253.199999999999
0,301.8,309.5,39.6,227,7.330405211844402,7.699999999999989,6324.026011676254,8989.2
0,299.1,310.3,28.7,43,7.454719949364001,11.199999999999989,5190.424190530425,1234.1
0,298.9,310.6,43.8,12,7.249215057114389,11.700000000000045,6448.9357355829825,525.5999999999999
0,296.8,308.2,34.7,191,7.404887575616125,11.399999999999977,5970.293150857555,6627.700000000001
0,299.2,308.5,46.5,11,7.274479558773871,9.300000000000011,7021.773740038547,511.5
0,300.0,311.4,41.9,96,7.226209010100671,11.399999999999977,6028.779134091886,4022.3999999999996
1,297.6,308.5,52.6,26,7.266827347520591,10.899999999999977,7882.318799709863,1367.6000000000001
1,296.7,307.8,51.4,108,7.226936018493289,11.100000000000023,7401.068693081953,5551.2
0,298.7,309.8,38.4,62,7.293017679772782,11.100000000000023,5907.199498397959,2380.7999999999997
0,304.4,313.7,35.0,205,7.31986492980897,9.300000000000011,5530.77386664483,7175.0
1,298.5,309.5,61.9,130,7.220373836723949,11.0,8854.62078204488,8047.0
1,299.0,310.3,46.6,144,7.3098814858247865,11.300000000000011,7290.631239332762,6710.400000000001
1,300.2,309.0,31.2,37,7.404279118037268,8.800000000000011,5364.834942682217,1154.3999999999999
2,303.8,313.2,50.2,178,7.22983877815125,9.399999999999977,7249.308823962544,8935.6
1,302.5,310.3,39.2,172,7.277938572945661,7.800000000000011,5939.955837799389,6742.400000000001
0,301.0,311.6,43.4,133,7.293697720601438,10.600000000000023,6680.910937124053,5772.2
0,295.6,306.0,50.0,14,7.218176838403408,10.399999999999977,7136.651311404813,700.0
1,299.0,310.1,47.5,123,7.305188215393037,11.100000000000023,7396.61810348937,5842.5
0,302.5,311.9,49.4,117,7.2115567333138015,9.399999999999977,7004.453092541755,5779.8
0,298.4,309.4,50.1,117,7.239214973779806,11.0,7303.071946240977,5861.7
1,298.0,308.7,17.4,198,7.650644551436897,10.699999999999989,3828.28197581145,3445.2
0,300.0,309.1,28.3,110,7.397561535524052,9.100000000000023,4833.5811529846715,3113.0
0,300.1,311.4,35.7,45,7.291656209174461,11.299999999999955,5484.37254315131,1606.5000000000002
0,298.2,308.7,49.1,26,7.270312886079025,10.5,7383.538606074923,1276.6000000000001
0,299.8,309.7,39.6,87,7.302496423727326,9.899999999999977,6149.856114961235,3445.2000000000003
0,301.1,312.3,39.0,129,7.336285660021297,11.199999999999989,6264.964069788765,5031.0
0,301.8,310.6,62.3,91,7.16703787691222,8.800000000000011,8448.63276342147,5669.3
0,302.7,311.7,45.2,8,7.300472814267799,9.0,7005.33273848476,361.6
1,299.8,309.1,44.4,155,7.311218384419629,9.300000000000011,6955.737462460089,6882.0
0,298.4,308.2,60.7,216,7.1569563646156364,9.800000000000011,8149.019072048613,13111.2
1,296.0,306.7,22.3,48,7.623153068476902,10.699999999999989,4773.252102060236,1070.4
0,303.0,312.5,30.5,87,7.394493107219038,9.5,5193.366815649287,2653.5
0,298.8,308.9,25.0,57,7.52456122628536,10.099999999999966,4848.524662040247,1425.0
0,299.2,308.4,23.9,4,7.537962659768208,9.199999999999989,4697.759630594473,95.6
0,299.9,310.4,50.0,148,7.293697720601438,10.5,7696.902001294992,7400.0
0,298.3,308.2,44.3,71,7.29505641646263,9.899999999999977,6828.733343450965,3145.2999999999997
1,296.3,307.1,33.8,151,7.336285660021297,10.800000000000011,5429.6355271502625,5103.799999999999
1,302.0,310.5,32.1,143,7.3613754289773485,8.5,5287.646011183517,4590.3
0,300.4,311.1,35.5,191,7.371489295214277,10.700000000000045,5907.1890264224485,6780.5
1,298.9,308.5,42.9,121,7.336285660021297,9.600000000000023,6891.460476767642,5190.9
1,302.2,311.3,29.8,112,7.363913501405819,9.100000000000023,4921.263003946364,3337.6
0,302.5,311.6,43.7,39,7.258412150595307,9.100000000000023,6493.703430896639,1704.3000000000002
1,297.2,308.1,61.3,207,7.201170883281678,10.900000000000034,8601.890125039092,12689.099999999999
2,303.8,312.5,38.0,209,7.330405211844402,8.699999999999989,6068.509809184284,7942.0
0,302.0,310.8,17.3,227,7.670428522190693,8.800000000000011,3882.369729330754,3927.1000000000004
1,300.7,311.7,36.9,229,7.316548177182976,11.0,5811.69508172883,8450.1
0,303.2,311.2,50.9,31,7.247792581767846,8.0,7483.650691969318,1577.8999999999999
0,298.0,307.8,60.5,81,7.144407180321139,9.800000000000011,8020.800203880101,4900.5
0,301.8,310.6,54.7,95,7.224753405767971,8.800000000000011,7859.050070122275,5196.5
0,297.4,308.4,49.7,174,7.239214973779806,11.0,7244.76398659035,8647.800000000001
0,298.4,309.3,39.3,192,7.316548177182976,10.900000000000034,6189.691509808754,7545.599999999999
0,298.8,310.2,46.7,105,7.2875606403097235,11.399999999999977,7144.892756132731,4903.5
0,299.8,311.1,47.3,188,7.2813856635702825,11.300000000000011,7192.110893716185,8892.4
2,298.6,309.5,31.8,27,7.368339686311381,10.899999999999977,5274.859729083406,858.6
0,300.7,310.6,30.3,96,7.450660796211539,9.900000000000034,5457.574757816188,2908.8
1,300.4,311.6,55.4,160,7.215239978730097,11.200000000000045,7884.203755302016,8864.0
0,299.2,310.4,37.3,37,7.359467638255621,11.199999999999989,6132.493579562396,1380.1
0,303.9,313.0,48.3,10,7.247080584585756,9.100000000000023,7096.323733708232,483.0
2,300.9,310.5,41.2,49,7.321849713788356,9.600000000000023,6523.454313326135,2018.8000000000002
0,303.7,312.2,34.0,94,7.305188215393037,8.5,5294.421379339759,3196.0
0,302.4,312.0,37.9,10,7.354362330421477,9.600000000000023,6199.388559132834,379.0
0,301.5,310.8,58.5,13,7.208600337960199,9.300000000000011,8270.24266057513,760.5
0,299.9,309.2,52.0,107,7.270312886079025,9.300000000000011,7819.633554295235,5564.0
0,302.5,310.3,39.0,119,7.3395376954076745,7.800000000000011,6285.384422037099,4641.0
0,303.7,313.1,47.4,48,7.311218384419629,9.400000000000034,7425.719723437122,2275.2
0,300.2,310.3,52.1,30,7.194436851100335,10.100000000000023,7261.801890748317,1563.0
1,297.4,308.3,57.9,113,7.197435354096591,10.900000000000034,8094.470551606782,6542.7
0,299.8,309.2,37.5,109,7.3727463664043285,9.399999999999977,6247.842389826701,4087.5
0,297.5,308.9,34.8,204,7.349230824613334,11.399999999999977,5663.1605810671035,7099.2
0,304.1,313.2,48.0,126,7.2813856635702825,9.099999999999966,7298.548052819808,6048.0
1,298.8,309.7,45.8,81,7.272398392570047,10.899999999999977,6901.681124867319,3709.7999999999997
0,302.4,312.0,36.9,5,7.319202458767849,9.600000000000023,5827.151717584491,184.5
0,298.9,310.1,54.5,51,7.201916317531627,11.200000000000045,7653.390943042775,2779.5
1,300.6,311.7,52.1,210,7.237059026124737,11.099999999999966,7578.244046768906,10941.0
0,301.6,310.0,22.9,18,7.533693709848633,8.399999999999977,4482.0159910969505,412.2
0,300.7,311.1,52.2,85,7.1891677384203225,10.400000000000034,7237.475491634022,4437.0
1,300.9,312.1,31.0,148,7.388946097618437,11.200000000000045,5249.287164883185,4588.0
2,297.9,308.5,18.7,126,7.6638772587034705,10.600000000000023,4169.134306750431,2356.2
0,297.4,309.4,45.9,49,7.2456550675945355,12.0,6734.098100749328,2249.1
0,295.6,306.1,48.7,147,7.232733136177615,10.5,7053.095418794837,7158.900000000001
0,297.6,308.6,37.0,106,7.328437352895162,11.0,5897.18828980852,3922.0
1,298.0,307.6,23.8,44,7.520234556474628,9.600000000000023,4595.856836887532,1047.2
0,300.1,309.2,37.0,101,7.335633981927201,9.099999999999966,5939.809230142221,3737.0
0,300.7,310.8,27.3,69,7.480428306074208,10.100000000000023,5065.880985766613,1883.7
0,296.8,307.8,47.7,155,7.240649694255466,11.0,6963.214452975633,7393.5
0,301.0,310.5,57.3,204,7.22983877815125,9.5,8274.60947436362,11689.199999999999
2,300.7,311.9,46.5,186,7.237059026124737,11.199999999999989,6763.691903546144,8649.0
0,300.6,309.4,40.3,103,7.262628600974241,8.799999999999955,6013.7937371342605,4150.9
2,304.1,313.3,49.6,34,7.242797922793756,9.199999999999989,7256.157495947369,1686.4
0,301.4,310.3,32.7,171,7.402451520818244,8.900000000000034,5612.486691564703,5591.700000000001
0,302.0,310.6,35.2,171,7.367708572374371,8.600000000000023,5835.152306875635,6019.200000000001
0,303.5,312.5,42.2,170,7.257707677160043,9.0,6266.3882584583935,7174.000000000001
0,296.7,307.9,27.9,55,7.463936604468925,11.199999999999989,5092.490275542518,1534.5
1,295.5,305.9,52.4,202,7.2305631534092925,10.399999999999977,7572.494932212839,10584.8
2,300.4,309.9,38.7,76,7.322510433997394,9.5,6131.666293496951,2941.2000000000003
0,303.6,313.0,30.9,122,7.388946097618437,9.399999999999977,5232.353980480336,3769.7999999999997
2,301.4,310.1,32.3,39,7.392647520721623,8.700000000000045,5489.713250662411,1259.6999999999998
1,297.6,309.6,53.1,7,7.193685818395112,12.0,7395.623265815731,371.7
0,303.5,313.1,23.6,75,7.5485559791698735,9.600000000000023,4688.2196609030725,1770.0
1,302.4,311.4,45.2,46,7.297091005160418,9.0,6981.666073827718,2079.2000000000003
1,302.8,310.8,44.7,32,7.280697195384741,8.0,6792.091901134597,1430.4
1,300.7,309.7,51.3,155,7.242797922793756,9.0,7504.8564423810485,7951.5
1,300.7,309.5,31.3,90,7.3987862754199485,8.800000000000011,5352.5303714556585,2817.0
1,297.8,309.0,30.0,110,7.424165281042028,11.199999999999989,5262.167694762904,3300.0
0,299.3,310.3,47.4,14,7.242082359256962,11.0,6929.348084169935,663.6
2,299.4,309.1,40.9,50,7.344719054149673,9.700000000000045,6625.859761857649,2045.0
1,298.1,307.7,48.0,73,7.27655640271871,9.599999999999966,7263.362215099602,3504.0
0,296.7,307.6,38.6,53,7.340186835320115,10.900000000000034,6224.961123333056,2045.8000000000002
0,301.9,309.7,42.8,140,7.261927092702751,7.800000000000011,6382.375859228929,5992.0
0,299.0,310.3,43.0,91,7.31455283232408,11.300000000000011,6758.927154688202,3913.0
0,303.7,312.5,36.6,186,7.398174092970465,8.800000000000011,6255.036637003422,6807.6
0,303.5,311.6,17.0,110,7.688913336864796,8.100000000000023,3886.2548322456937,1870.0
0,297.8,308.9,40.4,2,7.325807502595773,11.099999999999966,6422.169366174399,80.8
0,300.3,309.8,55.0,135,7.280008252884188,9.5,8351.400470792867,7425.0
1,301.1,311.1,19.8,162,7.644919344958857,10.0,4331.439455210391,3207.6
2,300.2,309.6,49.2,61,7.274479558773871,9.400000000000034,7429.48963462143,3001.2000000000003
0,302.3,311.6,41.8,75,7.305860032684009,9.300000000000011,6513.401216834646,3135.0
1,300.1,311.2,42.4,190,7.2813856635702825,11.099999999999966,6447.05077999083,8056.0
0,302.6,312.3,30.3,36,7.415175109613295,9.699999999999989,5267.1942430086465,1090.8
0,299.3,310.8,42.4,0,7.2633296174768365,11.5,6331.607721946916,0.0
0,302.7,310.5,37.7,60,7.321188556739478,7.800000000000011,5965.329434464883,2262.0
0,302.8,311.1,32.2,78,7.355001921105257,8.300000000000011,5270.398667515309,2511.6000000000004
0,301.4,310.5,54.3,81,7.267525427828172,9.100000000000023,8142.756830692456,4398.3
0,301.4,310.7,28.7,108,7.4133673356952405,9.300000000000011,4980.042202495028,3099.6
1,302.2,310.5,40.4,111,7.318539548567902,8.300000000000011,6375.631906999222,4484.4
0,298.0,309.2,36.6,22,7.418180822726788,11.199999999999989,6381.517157236947,805.2
0,298.8,309.7,20.6,25,7.577633832602728,10.899999999999977,4213.064244023129,515.0
1,298.6,309.7,49.7,139,7.260522598089852,11.099999999999966,7400.901141473762,6908.3
2,298.2,307.9,45.5,171,7.288244401020124,9.699999999999989,6966.062830314888,7780.5
1,304.1,313.2,46.9,152,7.32052696227274,9.099999999999966,7416.148337819184,7128.8
0,300.2,309.8,54.8,39,7.243512974665482,9.600000000000023,8022.622327619182,2137.2
0,302.4,310.2,28.0,164,7.3987862754199485,7.800000000000011,4788.206083091323,4592.0
0,301.3,310.4,38.4,195,7.338888133838879,9.099999999999966,6184.66496156301,7488.0
1,302.2,311.2,52.8,176,7.215975002651466,9.0,7519.716175632529,9292.8
0,300.9,310.6,34.9,95,7.347943823148687,9.700000000000045,5672.124592105347,3315.5
0,301.3,310.6,30.4,92,7.3632795869630385,9.300000000000011,5017.165355684947,2796.7999999999997
0,299.7,309.5,49.7,184,7.210079628170788,9.800000000000011,7036.581113412467,9144.800000000001
0,298.4,308.9,48.4,100,7.238496840894365,10.5,7050.194681578023,4840.0
0,302.6,311.9,48.0,67,7.2115567333138015,9.299999999999955,6805.946324736928,3216.0
2,300.3,311.7,47.7,61,7.267525427828172,11.399999999999977,7153.029481105528,2909.7000000000003
0,298.3,309.0,58.8,35,7.200424892944957,10.699999999999989,8244.921423787197,2058.0
1,298.3,309.0,36.9,20,7.3310603052186325,10.699999999999989,5896.706578934971,738.0
2,299.0,309.0,43.9,20,7.270312886079025,10.0,6601.575250645399,878.0
0,303.7,312.8,31.7,40,7.395107546562485,9.100000000000023,5401.0156180760605,1268.0
1,301.7,310.9,32.5,201,7.405495663199472,9.199999999999989,5595.1765160434215,6532.5
2,297.7,309.7,35.8,160,7.359467638255621,12.0,5885.878556255598,5728.0
0,298.5,308.0,29.8,160,7.393263094763838,9.5,5067.9334929669585,4768.0
1,300.9,312.6,40.6,109,7.349873704738337,11.700000000000045,6611.272299969481,4425.400000000001
0,298.1,307.7,48.3,42,7.162397497355718,9.599999999999966,6519.715818068361,2028.6
0,299.3,308.6,33.7,76,7.327123292259293,9.300000000000011,5364.164736249453,2561.2000000000003
0,298.9,310.1,47.8,116,7.213031659834869,11.200000000000045,6787.599423639962,5544.799999999999
1,299.9,310.4,53.3,201,7.221105098182496,10.5,7629.996549749042,10713.3
1,299.0,308.2,42.7,50,7.214504414151143,9.199999999999989,6072.342552221664,2135.0
0,299.9,309.4,60.9,57,7.218176838403408,9.5,8692.441297291063,3471.2999999999997
0,301.7,310.6,56.9,47,7.277938572945661,8.900000000000034,8622.027733948602,2674.2999999999997
0,301.8,310.7,37.7,64,7.347299700743164,8.899999999999977,6123.2468251853315,2412.8
0,304.2,313.4,41.4,32,7.301822342137932,9.199999999999989,6425.059631415702,1324.8
2,299.9,310.5,42.8,208,7.346010209913293,10.600000000000023,6942.626549119107,8902.4
0,302.3,311.7,27.5,145,7.43955930913332,9.399999999999977,4898.528345109885,3987.5
0,300.3,309.6,37.1,187,7.338238150065589,9.300000000000011,5971.403180261824,6937.7
2,299.2,308.6,55.0,163,7.288244401020124,9.400000000000034,8420.515509171842,8965.0
2,296.6,307.7,62.3,100,7.234898420314831,11.099999999999966,9042.320471121357,6230.0
0,302.2,311.6,44.3,72,7.232733136177615,9.400000000000034,6415.854764940683,3189.6
0,300.1,311.2,39.1,188,7.306531398939505,11.099999999999966,6096.773671091079,7350.8
2,302.4,312.0,39.7,18,7.298445101508147,9.600000000000023,6140.441808975977,714.6
1,299.8,309.4,42.9,124,7.261225091971921,9.599999999999966,6392.795474863334,5319.599999999999
0,300.7,311.0,20.7,109,7.585788821732034,10.300000000000011,4268.199195093629,2256.2999999999997
0,297.4,308.7,38.2,154,7.368339686311381,11.300000000000011,6336.466718584469,5882.8
2,298.4,309.3,30.9,111,7.43543801981455,10.900000000000034,5481.513693836543,3429.8999999999996
0,298.6,309.4,51.4,52,7.183111701743281,10.799999999999955,7083.495563706075,2672.7999999999997
0,300.5,311.6,40.5,180,7.311886164077165,11.100000000000023,6349.0016732722925,7290.0
2,302.5,311.3,47.5,130,7.2399325913204695,8.800000000000011,6929.044396880088,6175.0
0,301.0,310.6,33.7,114,7.370860166536716,9.600000000000023,5604.140527081665,3841.8
0,300.3,309.6,44.6,87,7.247792581767846,9.300000000000011,6557.383513984904,3880.2000000000003
2,298.0,308.8,53.8,73,7.252762418053187,10.800000000000011,7949.465106692588,3927.3999999999996
0,297.1,307.9,49.1,179,7.202661196523238,10.799999999999955,6900.215048295646,8788.9
2,302.3,310.6,48.7,114,7.330405211844402,8.300000000000011,7777.2744133493325,5551.8
0,298.8,309.9,42.4,132,7.264730177929867,11.099999999999966,6340.487957181063,5596.8
1,297.2,308.6,51.3,32,7.158513997329321,11.400000000000034,6897.806493927893,1641.6
2,302.2,310.7,48.9,114,7.254177846456518,8.5,7235.684783821475,5574.599999999999
0,300.3,311.6,33.5,109,7.382746449738912,11.300000000000011,5637.535656989324,3651.5
2,300.3,311.6,23.6,97,7.496652438168283,11.300000000000011,4450.966583703971,2289.2000000000003
2,300.1,311.4,40.4,75,7.303843225277705,11.299999999999955,6282.556988648868,3030.0
1,300.7,310.9,51.2,63,7.222566018822171,10.199999999999989,7340.100851651288,3225.6000000000004
0,302.7,310.6,26.7,4,7.43307534889858,7.900000000000034,4725.2695102644075,106.8
1,302.3,311.7,40.5,8,7.302496423727326,9.399999999999977,6289.625572119445,324.0
0,302.3,311.3,44.5,83,7.284820912568604,9.0,6789.66240281582,3693.5
0,299.3,309.0,47.6,156,7.255591274253665,9.699999999999989,7053.294386329564,7425.6
0,299.8,309.7,29.1,94,7.443078374348516,9.899999999999977,5201.817699887444,2735.4
1,302.2,311.2,43.6,63,7.3427791893318455,9.0,7049.566363047305,2746.8
1,302.5,310.3,49.5,110,7.252762418053187,7.800000000000011,7314.098936455077,5445.0
0,296.5,307.6,38.5,98,7.340835554123275,11.100000000000023,6212.865991616734,3773.0
0,297.7,308.7,40.2,95,7.27931883541462,11.0,6099.904791769159,3819.0000000000005
2,299.0,309.9,25.6,100,7.541683099882111,10.899999999999977,5050.675677323239,2560.0
1,299.7,309.1,41.2,152,7.319202458767849,9.400000000000034,6506.196497682414,6262.400000000001
1,295.6,306.1,42.7,171,7.307202314764738,10.5,6662.5849799781145,7301.700000000001
0,301.5,310.9,46.5,172,7.2196420401307355,9.399999999999977,6646.824656832605,7998.0
0,298.0,307.6,32.8,122,7.428927194802272,9.600000000000023,5780.781810017506,4001.5999999999995
1,300.1,309.7,48.4,36,7.259116128097101,9.599999999999966,7197.179329863976,1742.3999999999999
2,300.1,309.4,55.2,143,7.1929342212158,9.299999999999955,7682.325011382337,7893.6
2,300.8,311.2,17.0,95,7.71333788887187,10.399999999999977,3982.3875674455417,1615.0
0,298.4,309.2,52.7,196,7.204892510204673,10.800000000000011,7422.693322514164,10329.2
0,297.9,307.8,46.9,85,7.286191714702382,9.900000000000034,7165.66915554847,3986.5
0,300.5,309.8,29.1,145,7.416979621381154,9.300000000000011,5067.734525432232,4219.5
2,300.7,310.8,52.0,193,7.205635176410364,10.100000000000023,7329.545100335226,10036.0
0,299.3,308.4,47.4,3,7.249215057114389,9.099999999999966,6978.985248096653,142.2
2,298.7,309.6,34.3,136,7.411556287811163,10.900000000000034,5940.982091399561,4664.799999999999
0,304.1,313.6,37.4,129,7.350516171833998,9.5,6094.103317335529,4824.599999999999
0,296.2,307.3,37.0,44,7.297091005160418,11.100000000000023,5715.080635655432,1628.0
0,297.4,308.8,41.3,165,7.333023014386481,11.400000000000034,6612.811680369739,6814.499999999999
0,300.2,309.6,51.5,66,7.215239978730097,9.400000000000034,7329.178581192307,3399.0
0,297.6,308.4,34.2,66,7.325148957955575,10.799999999999955,5433.007503265117,2257.2000000000003
0,297.5,308.5,30.4,178,7.45182223652793,11.0,5481.953516808045,5411.2
0,303.5,311.5,33.3,120,7.336936913707618,8.0,5352.802642818968,3995.9999999999995
0,295.5,306.0,35.9,169,7.344072850573066,10.5,5812.093016798283,6067.099999999999
0,298.7,308.5,39.9,67,7.293017679772782,9.800000000000011,6137.94947880413,2673.2999999999997
0,301.6,310.9,50.7,195,7.234177179749849,9.299999999999955,7353.36884462495,9886.5
0,300.6,309.9,48.8,109,7.264730177929867,9.299999999999955,7297.542743170658,5319.2
0,300.5,309.8,54.2,207,7.22983877815125,9.300000000000011,7826.942993202588,11219.400000000001
2,297.4,308.8,53.5,169,7.1891677384203225,11.400000000000034,7417.719134145979,9041.5
0,300.6,310.7,30.6,171,7.467942332285852,10.099999999999966,5607.74288665778,5232.6
1,295.5,306.0,50.8,18,7.190676034332207,10.5,7054.006480664377,914.4
0,299.6,309.2,36.7,221,7.340186835320115,9.599999999999966,5918.551119852931,8110.700000000001
0,300.9,310.7,43.3,201,7.299797366758161,9.800000000000011,6706.326421691595,8703.3
2,300.3,309.7,41.5,139,7.2813856635702825,9.399999999999977,6310.203004000458,5768.5
0,300.9,310.9,52.5,107,7.223295679562314,10.0,7531.968386981528,5617.5
2,302.9,312.5,55.0,12,7.213768308118642,9.600000000000023,7815.7589233558065,660.0
2,298.8,308.9,44.1,184,7.2909747781429814,10.099999999999966,6770.195000339076,8114.400000000001
1,301.8,311.1,31.6,199,7.416979621381154,9.300000000000011,5503.106907342217,6288.400000000001
1,301.3,310.6,36.1,163,7.313220387090301,9.300000000000011,5666.794356569757,5884.3
0,301.4,310.1,21.8,205,7.569411792450712,8.700000000000045,4421.9592115358255,4469.0
0,299.1,310.2,33.4,20,7.377133712833954,11.099999999999966,5589.228433952624,668.0
0,301.9,311.2,49.8,66,7.222566018822171,9.300000000000011,7139.394968988948,3286.7999999999997
0,301.2,312.3,38.4,85,7.332369205929062,11.100000000000023,6144.452575597061,3264.0
0,298.3,308.8,27.3,168,7.477604243197589,10.5,5051.58673919278,4586.400000000001
0,298.0,308.2,40.4,11,7.306531398939505,10.199999999999989,6299.479701076205,444.4
0,302.3,311.4,66.7,205,7.195937226475569,9.099999999999966,9310.748619419583,13673.5
1,300.5,312.0,23.0,103,7.532623618788788,11.5,4496.771004593311,2369.0
1,298.5,308.3,50.5,22,7.231287004327616,9.800000000000011,7303.208081922631,1111.0
0,297.4,308.3,45.8,43,7.206377291472252,10.900000000000034,6460.433964695123,1969.3999999999999
1,299.3,310.5,47.5,12,7.247792581767846,11.199999999999989,6983.760468930111,570.0
0,299.2,309.0,47.2,0,7.25063551189868,9.800000000000011,6959.4235978403,0.0
1,301.5,311.0,42.6,109,7.316548177182976,9.5,6709.43659841865,4643.400000000001
0,300.2,309.5,48.8,135,7.270312886079025,9.300000000000011,7338.425335569374,6588.0
1,298.4,309.4,24.3,68,7.418780882750794,11.0,4239.453622313283,1652.4
2,301.6,310.4,49.5,30,7.193685818395112,8.799999999999955,6894.2250783028,1485.0
1,301.2,310.7,34.9,95,7.38770923908104,9.5,5902.371917686944,3315.5
0,298.2,309.0,44.2,87,7.257707677160043,10.800000000000011,6563.373483977749,3845.4
0,300.9,310.7,28.5,18,7.413970290190444,9.800000000000011,4948.3225886692835,513.0
0,300.8,310.6,48.8,91,7.215975002651466,9.800000000000011,6950.04070778158,4440.8
1,302.3,311.4,39.5,22,7.3031700512368,9.099999999999966,6138.462605604216,869.0
0,301.7,310.6,59.7,42,7.1731917424865985,8.900000000000034,8146.055502978726,2507.4
0,302.2,310.8,16.6,47,7.698029170272805,8.600000000000023,3829.5805007749345,780.2
0,298.2,309.0,31.5,197,7.409741954080923,10.800000000000011,5446.107944630586,6205.5
0,303.0,311.3,29.3,157,7.492203042618741,8.300000000000011,5501.441863235815,4600.1
2,297.1,308.4,46.6,176,7.215239978730097,11.299999999999955,6631.8392598749815,8201.6
0,298.3,308.6,29.3,162,7.368339686311381,10.300000000000011,4860.169498809553,4746.6
0,298.0,308.5,37.7,220,7.265429723253953,10.5,5641.598783487967,8294.0
0,300.1,309.2,55.9,55,7.190676034332207,9.099999999999966,7762.184296636588,3074.5
1,300.1,309.6,36.7,165,7.368339686311381,9.5,6087.652580420158,6055.500000000001
2,298.8,310.2,30.4,209,7.416979621381154,11.399999999999977,5294.128164025424,6353.599999999999
1,298.8,308.6,35.1,52,7.377133712833954,9.800000000000011,5873.7101207106925,1825.2
1,298.5,309.5,40.2,114,7.31455283232408,11.0,6318.810967871295,4582.8
1,297.3,308.4,44.4,34,7.27931883541462,11.099999999999966,6737.208277476384,1509.6
0,298.6,309.4,33.2,147,7.4377951216719325,10.799999999999955,5903.429587213652,4880.400000000001
0,298.0,307.8,57.3,147,7.234898420314831,9.800000000000011,8316.612568142114,8423.1
0,297.2,308.4,25.2,117,7.51425465281641,11.199999999999989,4837.173040585276,2948.4
0,300.8,311.7,39.4,18,7.299797366758161,10.899999999999977,6102.292402185886,709.1999999999999
0,299.1,308.2,56.1,110,7.207118856207756,9.099999999999966,7919.2010974630075,6171.0
0,300.2,309.5,35.3,80,7.3395376954076745,9.300000000000011,5689.078720459221,2824.0
0,298.3,308.4,43.1,177,7.25063551189868,10.099999999999966,6354.897395485528,7628.7
1,299.0,309.7,40.7,212,7.306531398939505,10.699999999999989,6346.258015688157,8628.400000000001
0,301.5,310.6,50.7,206,7.231287004327616,9.100000000000023,7332.131678286682,10444.2
1,301.7,310.7,41.1,89,7.274479558773871,9.0,6206.34195087278,3657.9
0,300.0,309.5,22.7,49,7.533693709848633,9.5,4442.871746633222,1112.3
0,301.5,310.8,49.7,5,7.257002707092073,9.300000000000011,7374.878282326528,248.5
0,301.4,311.0,32.6,155,7.399398083331354,9.600000000000023,5578.253803616085,5053.0
0,299.4,309.1,22.1,55,7.579678823090456,9.700000000000045,4529.09799299875,1215.5
1,302.2,310.8,47.0,3,7.260522598089852,8.600000000000023,6998.840113667341,141.0
0,300.3,311.8,48.0,119,7.215975002651466,11.5,6836.10561421139,5712.0
0,300.2,311.6,37.7,71,7.340186835320115,11.400000000000034,6079.8195427372075,2676.7000000000003
1,300.7,310.6,42.4,218,7.249925536717988,9.900000000000034,6247.245487222519,9243.199999999999
1,300.8,310.9,38.7,66,7.323170717943469,10.099999999999966,6135.718948020081,2554.2000000000003
0,301.5,310.7,51.1,22,7.261927092702751,9.199999999999989,7620.079588939212,1124.2
1,299.6,309.4,30.3,80,7.404279118037268,9.799999999999955,5210.080088566384,2424.0
0,297.6,308.7,46.7,150,7.2868764117507,11.099999999999966,7140.0023435686435,7005.0
0,301.4,310.9,38.8,162,7.254884810077338,9.5,5745.260869080917,6285.599999999999
0,301.3,310.8,55.2,88,7.264730177929867,9.5,8254.597529160254,4857.6
0,301.3,310.4,51.4,199,7.254884810077338,9.099999999999966,7610.9899141948235,10228.6
2,301.8,310.5,38.6,141,7.2991214627108,8.699999999999989,5974.345805380685,5442.6
0,303.0,312.7,48.8,120,7.216709486709457,9.699999999999989,6955.1510318314195,5856.0
1,297.6,308.6,39.7,166,7.31986492980897,11.0,6273.477785879994,6590.200000000001
1,300.3,311.2,25.6,139,7.486613313139955,10.899999999999977,4779.912278485846,3558.4
0,298.1,307.7,34.1,138,7.409136443920128,9.599999999999966,5892.057021807657,4705.8
0,297.2,308.0,43.7,162,7.29641326877392,10.800000000000011,6745.397362326742,7079.400000000001
1,302.6,312.0,45.7,91,7.218176838403408,9.399999999999977,6522.899298624,4158.7
0,300.2,310.1,47.9,201,7.239214973779806,9.900000000000034,6982.3781681625305,9627.9
0,299.5,309.4,41.5,183,7.355001921105257,9.899999999999977,6792.594555959171,7594.5
1,300.1,311.4,40.6,98,7.329749689041512,11.299999999999955,6479.472016175877,3978.8
0,301.1,310.7,45.3,8,7.270312886079025,9.599999999999966,6812.103846337964,362.4
0,301.1,312.3,35.3,65,7.289610521451167,11.199999999999989,5411.83316877992,2294.5
1,297.6,308.6,48.2,46,7.275864600546533,11.0,7288.578732132415,2217.2000000000003
0,300.3,309.2,31.4,43,7.370230641807081,8.899999999999977,5218.373893171861,1350.2
0,298.8,308.6,45.7,97,7.266827347520591,9.800000000000011,6848.326409633855,4432.900000000001
0,301.4,311.3,33.3,46,7.423568444259167,9.900000000000034,5837.518973341337,1531.8
0,297.7,309.6,47.9,18,7.300472814267799,11.900000000000034,7423.79287994292,862.1999999999999
0,301.5,310.5,39.0,204,7.336936913707618,9.0,6269.048140238431,7956.0
0,300.7,311.8,34.1,17,7.38025578842646,11.100000000000023,5724.222670277379,579.7
0,301.1,310.5,52.4,171,7.1891677384203225,9.399999999999977,7265.205282789707,8960.4
2,298.1,307.6,37.1,84,7.341483852363161,9.5,5990.82869483652,3116.4
0,299.5,310.7,45.7,106,7.271703706887368,11.199999999999989,6881.826259296634,4844.200000000001
2,299.2,308.8,39.1,188,7.273092595999522,9.600000000000023,5896.141092257324,7350.8
2,301.1,311.6,53.4,0,7.257002707092073,10.5,7923.913486443392,0.0
0,297.6,308.5,42.6,116,7.2813856635702825,10.899999999999977,6477.461396877579,4941.6
0,298.8,309.1,54.4,165,7.229113877793302,10.300000000000011,7850.127946986078,8976.0
0,297.1,307.9,39.4,171,7.30854279753919,10.799999999999955,6155.929860758176,6737.4
1,299.4,309.1,47.3,59,7.257002707092073,9.700000000000045,7018.747339115588,2790.7
0,299.0,309.0,31.8,25,7.3427791893318455,10.0,5141.656200571199,795.0
0,299.2,308.4,29.0,199,7.419380582918692,9.199999999999989,5062.467121749712,5771.0
0,298.3,309.0,45.4,98,7.25063551189868,10.699999999999989,6694.021850465035,4449.2
0,299.9,309.2,50.8,61,7.195937226475569,9.300000000000011,7091.244825584929,3098.7999999999997
0,300.1,309.4,39.7,42,7.358193752733032,9.299999999999955,6518.762868296773,1667.4
0,298.4,309.0,52.7,95,7.29641326877392,10.600000000000023,8134.609633744149,5006.5
1,298.0,309.2,42.9,101,7.271703706887368,11.199999999999989,6460.182637282835,4332.9
0,304.1,313.4,43.7,111,7.24422751560335,9.299999999999955,6402.178364922057,4850.700000000001
0,298.0,309.1,23.5,122,7.508238774678663,11.100000000000023,4483.785754958472,2867.0
0,301.8,310.6,31.9,126,7.409136443920128,8.800000000000011,5511.924310723292,4019.3999999999996
2,297.1,308.2,30.3,128,7.490529402060711,11.099999999999966,5679.6853584249875,3878.4
0,299.8,309.1,42.1,191,7.364547014255642,9.300000000000011,6956.931267668453,8041.1
0,300.0,311.4,33.6,5,7.372118028337787,11.399999999999977,5594.548197512703,168.0
0,300.5,310.6,49.6,10,7.221835825288449,10.100000000000023,7105.52860018325,496.0
1,298.3,308.9,25.4,46,7.4067107301776405,10.599999999999966,4378.165409944783,1168.3999999999999
1,302.3,311.4,41.3,62,7.257707677160043,9.099999999999966,6132.7449069746835,2560.6
0,297.9,307.8,38.5,123,7.338888133838879,9.900000000000034,6200.770859900414,4735.5
0,298.2,308.7,20.5,36,7.596894438144544,10.5,4274.189165086474,738.0
1,297.2,308.1,41.3,147,7.349230824613334,10.900000000000034,6720.934827530787,6071.099999999999
0,297.4,308.4,34.6,65,7.38025578842646,11.0,5808.155554005786,2249.0
0,296.8,308.3,45.9,182,7.317876198626496,11.5,7238.79496054853,8353.8
0,298.2,308.3,49.9,47,7.297091005160418,10.100000000000023,7707.635776194758,2345.2999999999997
0,298.0,308.7,34.3,191,7.396335293800808,10.699999999999989,5851.184901384453,6551.299999999999
2,299.6,309.1,32.3,194,7.396948602621014,9.5,5513.390387294967,6266.2
1,295.7,306.3,44.3,37,7.288244401020124,10.600000000000023,6782.342491932956,1639.1
2,299.8,310.2,36.6,191,7.338238150065589,10.399999999999977,5890.926048452366,6990.6
0,301.0,310.9,25.7,192,7.501082124259871,9.899999999999977,4868.557551194638,4934.4
0,300.5,310.0,44.5,152,7.254177846456518,9.5,6584.621122291527,6764.0
1,302.1,311.0,60.3,207,7.20934025660291,8.899999999999977,8531.026266749617,12482.099999999999
1,298.7,310.1,56.8,72,7.221835825288449,11.400000000000034,8136.97630020985,4089.6
1,300.7,309.8,38.8,173,7.307202314764738,9.100000000000023,6054.05848297777,6712.4
0,300.7,311.7,46.1,15,7.2868764117507,11.0,7048.2678380838215,691.5
2,297.7,307.3,38.6,19,7.323170717943469,9.600000000000023,6119.864377094965,733.4
0,303.3,311.2,27.3,27,7.475339236566737,7.899999999999977,5040.151341933713,737.1
0,300.6,310.2,41.9,19,7.349873704738337,9.599999999999966,6822.963284943872,796.1
0,297.8,308.9,58.1,108,7.1569563646156364,11.099999999999966,7799.967184283763,6274.8
0,296.7,307.8,39.4,236,7.317212408359839,11.100000000000023,6209.567319330465,9298.4
0,301.6,310.9,43.6,15,7.334981878871814,9.299999999999955,6994.776987168699,654.0
0,302.6,311.0,68.0,114,7.158513997329321,8.399999999999977,9143.291259007734,7752.0
1,296.3,307.2,68.3,24,7.1853870155804165,10.899999999999977,9433.961883293374,1639.1999999999998
0,298.5,308.0,59.5,27,7.233455418621439,9.5,8623.462394593742,1606.5
1,303.0,312.3,29.5,109,7.423568444259167,9.300000000000011,5171.375667074159,3215.5
1,302.6,310.5,20.2,40,7.583756300707112,7.899999999999977,4156.641239964655,808.0
0,302.5,312.0,51.3,190,7.232733136177615,9.5,7429.64671425411,9747.0
1,301.7,310.8,31.6,137,7.421775793644647,9.100000000000023,5529.580061436467,4329.2
0,297.8,307.8,48.3,27,7.253470382684528,10.0,7141.845411258749,1304.1
0,302.4,311.1,44.8,195,7.278628942320682,8.700000000000045,6793.212402514377,8736.0
1,297.2,308.5,45.8,109,7.262628600974241,11.300000000000011,6834.534817884593,4992.2
0,296.9,308.3,38.2,175,7.349873704738337,11.400000000000034,6220.45817386291,6685.000000000001
0,297.3,308.5,34.3,74,7.343426229147367,11.199999999999989,5549.466342933691,2538.2
1,297.9,308.9,44.0,72,7.344719054149673,11.0,7128.064291485001,3168.0
1,297.9,308.8,49.0,51,7.293017679772782,10.900000000000034,7537.83269326823,2499.0
0,300.4,309.2,29.0,52,7.469083884921234,8.800000000000011,5320.601318119674,1508.0
0,300.3,311.6,44.9,69,7.323830566202317,11.300000000000011,7123.404262382176,3098.1
1,301.2,310.7,42.8,168,7.240649694255466,9.5,6247.9156936552845,7190.4
1,303.0,312.3,38.8,114,7.302496423727326,9.300000000000011,6025.61659748727,4423.2
1,302.4,310.9,41.6,124,7.293017679772782,8.5,6399.466123264457,5158.400000000001
0,298.8,309.1,39.2,104,7.272398392570047,10.300000000000011,5907.115722593864,4076.8
1,301.5,310.6,37.4,37,7.3613754289773485,9.100000000000023,6160.684137640608,1383.8
1,297.2,307.9,30.4,82,7.431299675155903,10.699999999999989,5370.531697360727,2492.7999999999997
0,299.1,308.2,34.9,119,7.309212365692763,9.099999999999966,5456.496144338456,4153.099999999999
1,297.7,309.7,30.2,168,7.427144133408616,12.0,5313.061495751058,5073.599999999999
0,298.9,310.2,30.2,214,7.436617265234227,11.300000000000011,5363.662081424878,6462.8
0,299.3,309.1,24.7,187,7.493317248862145,9.800000000000011,4642.907422862795,4618.9
0,301.4,310.4,40.9,190,7.342131730584722,9.0,6608.727609920072,7771.0
1,295.7,306.2,42.5,121,7.261225091971921,10.5,6333.188990249224,5142.5
0,300.3,311.4,38.5,101,7.3310603052186325,11.099999999999966,6152.390333035132,3888.5
2,297.7,308.5,29.9,210,7.450660796211539,10.800000000000011,5385.527566293862,6279.0
0,303.0,311.2,32.6,63,7.403670290012373,8.199999999999989,5602.150851734391,2053.8
1,298.0,307.6,43.4,113,7.366445148327599,9.600000000000023,7185.387885437503,4904.2
0,298.7,309.0,30.1,154,7.433666540166168,10.300000000000011,5330.141287811076,4635.400000000001
0,300.2,309.8,49.3,16,7.257707677160043,9.600000000000023,7320.685809052104,788.8
0,299.5,309.2,47.3,20,7.2399325913204695,9.699999999999989,6899.869473103751,946.0
1,300.7,310.1,52.6,167,7.221105098182496,9.400000000000034,7529.79021607504,8784.2
0,301.1,311.1,53.1,188,7.23561914106675,10.0,7712.578548636406,9982.800000000001
1,298.4,310.2,32.0,80,7.453561871643373,11.800000000000011,5780.530482605219,2560.0
1,301.5,310.4,36.8,50,7.374001859350161,8.899999999999977,6138.923372526742,1839.9999999999998
0,300.5,311.9,21.7,56,7.543273346705446,11.399999999999977,4288.054060664316,1215.2
0,295.7,306.5,26.2,97,7.460490305825338,10.800000000000011,4765.733223642644,2541.4
1,300.1,311.3,33.8,38,7.409136443920128,11.199999999999989,5840.220743023426,1284.3999999999999
1,302.6,311.1,43.0,88,7.327123292259293,8.5,6844.483194620963,3784.0
0,300.4,309.4,51.6,153,7.253470382684528,9.0,7629.797582214316,7894.8
1,297.7,308.2,25.6,174,7.450660796211539,10.5,4611.020257428859,4454.400000000001
0,300.2,311.6,28.8,149,7.421775793644647,11.400000000000034,5039.617271182603,4291.2
2,302.9,311.0,58.3,123,7.2813856635702825,8.100000000000023,8864.69482248739,7170.9
1,300.3,311.8,32.1,11,7.373374309910049,11.5,5351.5145898309975,353.1
0,302.3,311.8,37.8,59,7.356279876550748,9.5,6194.906553613711,2230.2
2,298.9,308.6,31.0,180,7.392647520721623,9.700000000000045,5268.7650393354415,5580.0
2,301.8,310.8,37.6,204,7.293697720601438,9.0,5788.070304973835,7670.400000000001
1,297.4,308.4,25.0,210,7.489970898834801,11.0,4683.5910477267835,5250.0
1,298.1,308.3,33.7,185,7.427144133408616,10.199999999999989,5928.8136558546585,6234.500000000001
0,301.5,310.5,15.8,191,7.739794458408701,9.0,3800.5521846557644,3017.8
1,298.0,307.6,44.4,163,7.286191714702382,9.600000000000023,6783.703848749512,7237.2
0,302.5,311.0,38.4,188,7.3453648404168685,8.5,6224.87734752896,7219.2
1,300.7,310.8,44.0,97,7.317876198626496,10.100000000000023,6939.149853249135,4268.0
1,297.4,308.6,29.1,163,7.332369205929062,11.200000000000045,4656.342967444648,4743.3
1,303.9,313.1,47.2,71,7.302496423727326,9.200000000000045,7330.131530963897,3351.2000000000003
2,302.3,310.9,48.4,130,7.220373836723949,8.599999999999966,6923.483777883234,6292.0
2,303.8,312.5,28.0,170,7.412160334945205,8.699999999999989,4852.713452245034,4760.0
0,297.6,309.4,40.2,231,7.307872780763706,11.799999999999955,6276.7136263131915,9286.2
0,297.3,308.3,43.2,63,7.252762418053187,11.0,6383.213617269886,2721.6000000000004
1,299.6,310.1,29.6,73,7.4067107301776405,10.5,5102.114021038016,2160.8
1,299.8,311.3,41.2,105,7.325148957955575,11.5,6545.026582880784,4326.0
2,301.3,310.4,38.4,65,7.338888133838879,9.099999999999966,6184.66496156301,2496.0
1,299.7,310.3,47.7,35,7.265429723253953,10.600000000000023,7138.044084147906,1669.5
2,303.0,312.5,30.0,89,7.4377951216719325,9.5,5334.424325795469,2670.0
0,302.3,311.6,49.1,119,7.243512974665482,9.300000000000011,7188.152486972663,5842.900000000001
2,300.9,310.7,40.6,207,7.247080584585756,9.800000000000011,5965.025747175036,8404.2
0,303.7,312.6,38.8,182,7.3914152346753585,8.900000000000034,6586.328054299977,7061.599999999999
0,301.9,310.9,54.8,99,7.22983877815125,9.0,7913.588118588593,5425.2
0,300.6,309.4,36.0,98,7.350516171833998,8.799999999999955,5865.981802782862,3528.0
1,300.7,310.6,54.5,19,7.2078598714324755,9.900000000000034,7699.048756274946,1035.5
1,303.0,311.1,43.0,108,7.307202314764738,8.100000000000023,6709.394710516602,4644.0
0,303.9,313.2,46.5,9,7.2399325913204695,9.300000000000011,6783.169777998402,418.5
0,300.0,310.1,40.9,60,7.290292882446597,10.100000000000023,6274.650647137334,2454.0
0,298.1,308.7,29.1,161,7.428927194802272,10.599999999999966,5128.681422911874,4685.1
0,298.3,308.3,43.8,176,7.275864600546533,10.0,6623.231296004144,7708.799999999999
0,301.0,312.2,33.0,109,7.379008127628304,11.199999999999989,5532.658822236985,3597.0
0,300.9,311.0,51.2,136,7.232010331664759,10.100000000000023,7409.802320658934,6963.200000000001
2,297.3,308.2,31.4,9,7.4109518755836366,10.899999999999977,5435.395113681844,282.59999999999997
0,299.4,310.9,27.8,10,7.468513271496337,11.5,5097.527295763774,278.0
0,298.0,308.5,28.3,196,7.417580402414544,10.5,4931.378932290922,5546.8
2,303.4,311.9,33.2,210,7.336285660021297,8.5,5333.251464538129,6972.000000000001
0,299.2,310.1,37.7,10,7.336285660021297,10.900000000000034,6056.13193412914,377.0
0,297.2,307.9,20.3,186,7.595889917718538,10.699999999999989,4228.238136539967,3775.8
0,302.2,311.5,32.4,81,7.3453648404168685,9.300000000000011,5252.240261977559,2624.4
1,300.1,308.9,38.4,31,7.3453648404168685,8.799999999999955,6224.87734752896,1190.3999999999999
0,298.5,309.6,53.6,122,7.259819610363186,11.100000000000023,7976.042980541959,6539.2
0,299.3,308.9,60.3,163,7.227662498728654,9.599999999999966,8688.891297592505,9828.9
0,298.3,308.0,37.8,101,7.364547014255642,9.699999999999989,6246.365841279513,3817.7999999999997
2,298.8,308.6,49.4,150,7.27931883541462,9.800000000000011,7495.902903318319,7410.0
1,302.0,311.2,30.7,189,7.3938782901077555,9.199999999999989,5224.206783532027,5802.3
0,301.4,310.5,43.5,98,7.306531398939505,9.100000000000023,6782.855618733042,4263.0
0,300.5,310.7,33.5,121,7.382124365737512,10.199999999999989,5634.0275451928155,4053.5
1,300.0,311.4,46.1,7,7.233455418621439,11.399999999999977,6681.371704046581,322.7
1,297.6,308.6,53.4,175,7.237778191923443,11.0,7772.928543511865,9345.0
0,300.6,309.5,23.0,242,7.532623618788788,8.899999999999977,4496.771004593311,5566.0
0,299.2,308.9,39.1,117,7.266128779556451,9.699999999999989,5855.195668005538,4574.7
0,296.8,307.9,49.0,140,7.224753405767971,11.099999999999966,7040.099697184488,6860.0
0,302.5,312.2,38.7,30,7.362010551259734,9.699999999999989,6378.878219407931,1161.0
0,299.6,310.2,51.2,40,7.195937226475569,10.599999999999966,7147.081399014733,2048.0
0,298.2,309.0,34.1,91,7.404887575616125,10.800000000000011,5867.060416260594,3103.1
0,302.6,311.6,34.7,182,7.3632795869630385,9.0,5726.830192179858,6315.400000000001
0,299.6,309.2,45.9,133,7.262628600974241,9.599999999999966,6849.457382989145,6104.7
1,300.8,311.9,44.3,214,7.213031659834869,11.099999999999966,6290.599465842057,9480.199999999999
1,297.3,308.8,44.1,150,7.293017679772782,11.5,6784.049423941407,6615.0
1,297.4,308.3,44.0,18,7.275864600546533,10.900000000000034,6653.474361282702,792.0
1,297.6,308.7,51.5,4,7.25063551189868,11.099999999999966,7593.438883236769,206.0
0,302.7,310.4,42.7,33,7.306531398939505,7.699999999999989,6658.113446434504,1409.1000000000001
0,297.5,309.2,28.0,30,7.447751280047908,11.699999999999989,5028.642640846062,840.0
1,303.0,312.6,42.9,94,7.239214973779806,9.600000000000023,6253.528672529698,4032.6
2,302.2,310.9,35.9,61,7.328437352895162,8.699999999999989,5721.866475787186,2189.9
0,298.0,308.3,32.7,0,7.416378479192928,10.300000000000011,5691.246419390198,0.0
1,300.4,309.8,43.4,198,7.266128779556451,9.400000000000034,6499.117442236326,8593.199999999999
2,299.2,308.5,47.5,147,7.202661196523238,9.300000000000011,6675.360790102712,6982.5
1,300.2,311.6,55.8,82,7.255591274253665,11.400000000000034,8268.357704982976,4575.599999999999
1,300.1,311.3,26.6,42,7.466799475018602,11.199999999999989,4869.133509847797,1117.2
0,302.3,312.0,52.2,165,7.2115567333138015,9.699999999999989,7401.46662815141,8613.0
0,302.2,311.5,30.6,39,7.370860166536716,9.300000000000011,5088.626116578604,1193.4
0,295.9,306.6,41.0,109,7.253470382684528,10.700000000000045,6062.436063387344,4469.0
0,301.9,310.6,38.8,22,7.288244401020124,8.700000000000045,5940.290941015773,853.5999999999999
1,302.0,310.8,46.3,17,7.27655640271871,8.800000000000011,7006.118136648157,787.0999999999999
1,302.5,310.2,30.5,90,7.468513271496337,7.699999999999989,5592.61088204299,2745.0
2,298.9,308.5,54.0,6,7.255591274253665,9.600000000000023,8001.636488693203,324.0
0,298.5,308.4,26.0,8,7.458186157340487,9.899999999999977,4718.4627261816295,208.0
0,297.3,308.2,41.0,16,7.307202314764738,10.899999999999977,6397.329840260016,656.0
0,301.4,310.7,27.9,170,7.442492722794441,9.300000000000011,4984.388072332494,4743.0
0,297.7,309.1,36.8,172,7.354362330421477,11.400000000000034,6019.459075886235,6329.599999999999
0,304.1,313.1,30.9,9,7.346655163176539,9.0,5015.552671456105,278.09999999999997
0,300.1,309.0,58.2,114,7.181591944611865,8.899999999999977,8008.422328824958,6634.8
0,300.1,309.4,39.7,24,7.352441100243583,9.299999999999955,6481.346499792518,952.8000000000001
1,303.4,311.5,36.4,114,7.353081920515432,8.100000000000023,5946.40657471476,4149.599999999999
0,302.6,311.0,60.0,93,7.222566018822171,8.399999999999977,8601.680685528854,5580.0
1,300.0,309.9,28.1,114,7.409741954080923,9.899999999999977,4858.274071241888,3203.4
0,300.5,309.8,48.8,200,7.273786317844895,9.300000000000011,7363.976955818571,9760.0
0,297.6,308.4,40.3,195,7.2868764117507,10.799999999999955,6161.500951730542,7858.499999999999
0,300.4,311.8,32.3,7,7.400620577371135,11.400000000000034,5533.685075837157,226.09999999999997
0,301.6,310.5,49.4,104,7.242797922793756,8.899999999999977,7226.898796366935,5137.599999999999
0,300.0,309.4,20.0,55,7.606387389772652,9.399999999999977,4209.734155810323,1100.0
0,302.2,311.7,44.6,178,7.305860032684009,9.5,6949.705604565197,7938.8
1,300.4,311.2,56.1,177,7.220373836723949,10.800000000000011,8024.94710618284,9929.7
0,300.4,312.0,34.9,115,7.397561535524052,11.600000000000023,5960.847428945761,4013.5
2,297.5,309.4,45.3,129,7.221835825288449,11.899999999999977,6489.525112667363,5843.7
0,300.2,311.7,30.5,176,7.38025578842646,11.5,5119.905907432845,5368.0
0,296.8,307.8,39.4,122,7.300472814267799,11.0,6106.4183605376,4806.8
0,299.5,310.8,38.2,74,7.360103972989152,11.300000000000011,6284.462888192045,2826.8
1,302.2,311.5,44.5,113,7.27931883541462,9.300000000000011,6752.382169993222,5028.5
1,299.0,310.2,32.3,64,7.4133673356952405,11.199999999999989,5604.716485734822,2067.2
1,301.4,311.0,36.5,91,7.304515946460155,9.600000000000023,5679.894797935226,3321.5
1,299.5,310.7,49.5,0,7.21890970761906,11.199999999999989,7070.468426169187,0.0
0,302.9,312.4,49.5,155,7.261927092702751,9.5,7381.486098874579,7672.5
0,301.1,311.0,51.1,190,7.229113877793302,9.899999999999977,7373.925332554938,9709.0
1,300.5,309.8,48.5,110,7.256297239690681,9.300000000000011,7191.733902597755,5335.0
0,302.2,311.4,26.9,33,7.470224135899966,9.199999999999989,4940.95031790886,887.6999999999999
0,297.8,308.3,47.3,160,7.312553498102598,10.5,7419.960136905541,7568.0
0,298.9,310.0,31.2,76,7.3987862754199485,11.100000000000023,5335.429635444618,2371.2
0,297.4,308.6,24.6,79,7.507141079727608,11.200000000000045,4688.512876217407,1943.4
1,299.7,310.9,37.2,203,7.390798521735676,11.199999999999989,6310.831322531177,7551.6
1,297.5,309.2,40.0,206,7.333676395657684,11.699999999999989,6408.849013323178,8240.0
0,302.2,311.1,53.7,140,7.240649694255466,8.900000000000034,7839.0904847964675,7518.0
0,301.1,310.5,38.7,91,7.333023014386481,9.399999999999977,6196.5087658670445,3521.7000000000003
0,300.5,310.6,20.3,208,7.576097340623111,10.100000000000023,4145.331506411732,4222.400000000001
0,302.3,311.8,35.2,152,7.381501894506707,9.5,5916.247285240299,5350.400000000001
1,298.3,309.2,28.3,130,7.486613313139955,10.899999999999977,5284.0436516074005,3679.0
1,299.2,310.5,33.5,35,7.3453648404168685,11.300000000000011,5430.5570609953165,1172.5
1,298.4,308.7,60.7,119,7.259819610363186,10.300000000000011,9032.571061919718,7223.3
0,302.4,311.0,59.4,179,7.183870715062453,8.600000000000023,8192.20549905996,10632.6
1,300.7,309.4,35.0,52,7.371489295214277,8.699999999999989,5823.989180979879,1820.0
0,301.0,310.5,33.2,77,7.379008127628304,9.5,5566.1900878263,2556.4
1,299.0,310.3,28.0,178,7.510977752014095,11.300000000000011,5357.043792901315,4984.0
0,302.4,310.2,62.4,106,7.205635176410364,7.800000000000011,8795.454120402272,6614.4
1,301.0,311.6,55.0,9,7.171656822768514,10.600000000000023,7493.222077587256,495.0
1,297.4,308.9,59.1,201,7.207118856207756,11.5,8342.687787166911,11879.1
0,298.0,307.8,51.7,140,7.254884810077338,9.800000000000011,7655.412034316583,7238.0
0,301.3,310.4,46.7,90,7.205635176410364,9.099999999999966,6582.495311262598,4203.0
1,304.1,313.4,42.4,105,7.325807502595773,9.299999999999955,6740.0985427176865,4452.0
0,300.7,310.2,54.8,50,7.207118856207756,9.5,7735.690198591315,2740.0
1,297.3,308.3,27.4,121,7.437206366871292,11.0,4869.238229602916,3315.3999999999996
0,296.8,307.6,36.5,179,7.344719054149673,10.800000000000011,5913.053332709149,6533.5
0,299.1,309.4,44.2,82,7.272398392570047,10.299999999999955,6660.574360679816,3624.4
1,301.1,310.9,45.1,12,7.242082359256962,9.799999999999955,6593.113894431732,541.2
1,303.3,311.8,44.9,61,7.273786317844895,8.5,6775.462404021595,2738.9
2,300.2,311.0,27.5,151,7.48324441607385,10.800000000000011,5117.3926333099735,4152.5
0,300.0,311.4,49.6,101,7.232733136177615,11.399999999999977,7183.440097992278,5009.6
0,299.0,310.4,34.3,48,7.316548177182976,11.399999999999977,5402.198951308912,1646.3999999999999
2,298.8,309.8,38.8,65,7.355001921105257,11.0,6350.666717378695,2522.0
0,298.3,308.9,30.7,174,7.4360278163518485,10.599999999999966,5449.249537284175,5341.8
1,301.4,310.7,34.3,101,7.388946097618437,9.300000000000011,5808.082250177202,3464.2999999999997
1,302.5,312.0,25.3,203,7.510430556378006,9.5,4837.822303067019,5135.900000000001
0,296.1,307.2,30.8,18,7.38770923908104,11.099999999999966,5208.970059162117,554.4
1,300.6,312.0,39.8,94,7.307202314764738,11.399999999999977,6210.090918106063,3741.2
1,303.5,313.0,46.1,89,7.30854279753919,9.5,7202.7504208363425,4102.900000000001
0,301.3,311.3,49.8,16,7.268920128193722,10.0,7478.372816311286,796.8
2,304.0,313.2,68.6,161,7.148345743900068,9.199999999999989,9130.578280736207,11044.599999999999
2,298.0,307.5,27.8,26,7.428927194802272,9.5,4899.56507068557,722.8000000000001
0,298.0,308.9,37.7,49,7.382746449738912,10.899999999999977,6344.331172193956,1847.3000000000002
0,299.9,310.3,29.1,152,7.40184157874383,10.400000000000034,4991.550903582679,4423.2
0,297.5,308.9,43.0,15,7.2909747781429814,11.399999999999977,6601.3239232331125,645.0
0,298.6,309.8,20.1,142,7.519149957669823,11.199999999999989,3877.165157501308,2854.2000000000003
0,300.9,310.5,40.1,79,7.359467638255621,9.600000000000023,6592.8416230684215,3167.9
1,300.5,311.8,34.4,2,7.400620577371135,11.300000000000011,5893.46026652626,68.8
0,302.5,310.4,48.2,117,7.255591274253665,7.899999999999977,7142.201458426156,5639.400000000001
0,299.0,310.2,28.8,49,7.428333194190806,11.199999999999989,5072.792489604511,1411.2
0,297.2,307.9,58.1,184,7.198931240688173,10.699999999999989,8134.599161768634,10690.4
0,302.7,310.6,34.3,0,7.355641102974253,7.900000000000034,5617.712207345173,0.0
0,298.4,308.2,47.0,214,7.294377299288821,9.800000000000011,7240.009709707918,10058.0
2,297.2,307.9,37.2,151,7.280008252884188,10.699999999999989,5648.583591154449,5617.200000000001
0,301.3,310.4,41.5,197,7.273092595999522,9.099999999999966,6258.052565950868,8175.5
1,299.0,308.3,47.2,35,7.228388451573604,9.300000000000011,6806.197652149216,1652.0
0,303.0,311.2,41.9,98,7.251344983372214,8.199999999999989,6182.350654974865,4106.2
0,298.8,309.1,45.4,113,7.217443431696533,10.300000000000011,6475.325113873137,5130.2
0,299.3,309.1,52.1,27,7.24422751560335,9.800000000000011,7632.80303918625,1406.7
0,301.2,310.7,32.4,98,7.424761761823209,9.5,5686.534030409813,3175.2
1,298.8,309.7,44.8,31,7.278628942320682,10.899999999999977,6793.212402514377,1388.8
0,299.5,309.9,51.7,58,7.246368080102461,10.399999999999977,7590.443898240348,2998.6000000000004
0,302.3,311.7,38.6,143,7.385230923066573,9.399999999999977,6511.956084213995,5519.8
0,297.9,309.0,29.0,26,7.396335293800808,11.100000000000023,4947.065951607847,754.0
1,302.2,311.3,21.9,101,7.566311014772463,9.100000000000023,4428.483252279781,2211.8999999999996
1,301.5,310.7,47.1,115,7.215239978730097,9.199999999999989,6702.99633347879,5416.5
1,297.4,308.3,28.9,166,7.4815557019095165,10.900000000000034,5368.835237327789,4797.4
1,299.4,310.9,40.1,7,7.295735072749282,11.5,6185.51319157948,280.7
0,298.7,309.8,31.8,217,7.371489295214277,11.100000000000023,5291.510170147433,6900.6
2,299.7,310.3,40.4,19,7.288244401020124,10.600000000000023,6185.251392191681,767.6
0,300.0,309.7,61.9,80,7.190676034332207,9.699999999999989,8595.334668368601,4952.0
2,298.1,309.3,51.0,72,7.195187320178709,11.199999999999989,7113.822404788727,3672.0
1,303.6,312.3,22.3,116,7.557994958530806,8.699999999999989,4472.004782507511,2586.8
1,301.3,310.7,40.7,178,7.334981878871814,9.399999999999977,6529.528059123074,7244.6
2,297.6,308.6,39.8,19,7.300472814267799,11.0,6168.412455568438,756.1999999999999
0,298.4,309.0,15.1,89,7.742835955430749,10.600000000000023,3643.242168515011,1343.8999999999999
0,297.9,307.7,55.2,87,7.1770187659099,9.800000000000011,7560.933871247627,4802.400000000001
0,300.3,311.3,60.5,112,7.195187320178709,11.0,8438.946186072902,6776.0
0,297.5,308.2,33.6,115,7.384610383176974,10.699999999999989,5664.9198729531145,3864.0
1,298.1,308.7,49.6,158,7.217443431696533,10.599999999999966,7074.364001059639,7836.8
1,301.5,310.7,21.3,152,7.534762657037537,9.199999999999989,4173.323096955217,3237.6
1,297.4,308.6,41.2,197,7.2813856635702825,11.200000000000045,6264.587078670335,8116.400000000001
0,300.5,310.7,39.4,159,7.305860032684009,10.199999999999989,6139.426027351317,6264.599999999999
0,297.1,308.2,42.6,194,7.24422751560335,11.099999999999966,6241.025133768412,8264.4
0,301.7,311.0,44.8,134,7.315883504509785,9.300000000000011,7051.241879129218,6003.2
2,302.7,312.1,32.5,148,7.38025578842646,9.400000000000034,5455.637442346475,4810.0
0,303.6,312.9,57.8,27,7.231287004327616,9.299999999999955,8358.919349210457,1560.6
0,300.7,311.1,43.0,148,7.273092595999522,10.400000000000034,6484.247237009333,6364.0
1,301.8,310.7,52.0,88,7.259116128097101,8.899999999999977,7732.506718035676,4576.0
0,299.4,309.1,35.9,68,7.421177528595393,9.700000000000045,6278.263478688962,2441.2
1,300.0,311.4,23.3,2,7.5310163320779155,11.399999999999977,4548.104628552967,46.6
0,303.8,312.8,58.7,156,7.256297239690681,9.0,8704.222269742026,9157.2
2,298.6,309.8,55.9,152,7.154615356913663,11.199999999999989,7487.054084010707,8496.8
0,299.3,308.7,40.5,213,7.3031700512368,9.399999999999977,6293.866722201791,8626.5
0,297.8,307.5,40.0,159,7.236339342754344,9.699999999999989,5814.04080424351,6360.0
1,299.7,311.2,43.9,126,7.353081920515432,11.5,7171.627709614779,5531.4
0,299.7,309.3,37.2,4,7.344072850573066,9.600000000000023,6022.558780637776,148.8
0,297.9,307.7,34.7,74,7.357556200910353,9.800000000000011,5694.126212655989,2567.8
1,297.2,308.3,27.5,38,7.492760300922379,11.100000000000023,5166.349118828414,1045.0
0,297.0,307.9,39.2,151,7.299797366758161,10.899999999999977,6071.316298621491,5919.200000000001
0,301.6,310.1,48.2,77,7.190676034332207,8.5,6692.974652913838,3711.4
1,301.1,311.1,42.5,185,7.233455418621439,10.0,6159.615996138387,7862.5
0,300.0,311.4,41.2,22,7.305188215393037,11.399999999999977,6415.592965552885,906.4000000000001
0,301.6,310.9,34.1,56,7.392647520721623,9.299999999999955,5795.6415432689855,1909.6000000000001
2,296.8,307.8,30.5,117,7.395107546562485,11.0,5196.560768180437,3568.5
0,300.1,309.0,54.8,29,7.247792581767846,8.899999999999977,8057.054183102527,1589.1999999999998
0,302.3,310.1,29.7,34,7.4109518755836366,7.800000000000011,5141.122129820089,1009.8
0,297.4,308.3,43.0,113,7.266827347520591,10.900000000000034,6443.720691778025,4859.0
0,301.3,310.6,41.8,176,7.333023014386481,9.300000000000011,6692.8699331587195,7356.799999999999
0,299.2,308.5,43.2,158,7.307202314764738,9.300000000000011,6740.601197542261,6825.6
1,300.4,309.7,42.2,133,7.305860032684009,9.300000000000011,6575.730415081868,5612.6
1,297.9,308.8,32.1,59,7.3796321526095525,10.900000000000034,5385.1296312244085,1893.9
1,300.1,311.4,52.1,94,7.237778191923443,11.299999999999955,7583.699946010641,4897.400000000001
2,297.6,309.0,25.2,24,7.542213463193403,11.399999999999977,4974.397807694078,604.8
0,297.7,308.9,26.3,24,7.463363045520021,11.199999999999989,4797.693692905164,631.2
0,297.8,307.3,24.0,178,7.528331766707247,9.5,4672.176594418741,4272.0
0,300.0,311.5,28.3,94,7.502738210754851,11.5,5369.9871546341055,2660.2000000000003
1,298.4,308.2,41.0,191,7.368339686311381,9.800000000000011,6800.919776491184,7831.0
0,303.8,312.8,35.8,143,7.4067107301776405,9.0,6170.800065985167,5119.4
0,300.7,311.0,38.3,99,7.311218384419629,10.300000000000011,6000.106865140122,3791.7
0,295.6,306.2,42.5,58,7.261927092702751,10.599999999999966,6337.63957984181,2465.0
0,298.8,308.7,35.2,47,7.400009517162692,9.899999999999977,6026.831346646659,1654.4
0,301.6,309.9,43.7,102,7.242797922793756,8.299999999999955,6393.025858324598,4457.400000000001
1,298.8,308.5,28.5,140,7.445417556701687,9.699999999999989,5106.501778777529,3990.0
0,300.4,310.4,46.3,48,7.304515946460155,10.0,7204.907647791807,2222.3999999999996
0,303.2,311.5,37.9,0,7.322510433997394,8.300000000000011,6004.913501900114,0.0
1,301.4,310.4,44.7,173,7.348587530927593,9.0,7269.551152627174,7733.1
0,301.0,310.9,21.6,168,7.508238774678663,9.899999999999977,4121.266906685234,3628.8
1,297.3,308.5,49.3,176,7.329749689041512,11.199999999999989,7867.930305356421,8676.8
0,297.4,308.5,42.8,68,7.288244401020124,11.100000000000023,6552.692068955543,2910.3999999999996
2,302.3,311.8,25.0,43,7.498315870766981,9.5,4722.860955896656,1075.0
0,299.4,309.0,32.2,178,7.3864708488298945,9.600000000000023,5438.997473257961,5731.6
0,303.4,312.8,50.8,94,7.215975002651466,9.400000000000034,7234.878441707055,4775.2
0,297.2,308.5,35.8,95,7.362010551259734,11.300000000000011,5900.874425188732,3400.9999999999995
1,298.3,309.5,36.9,131,7.353081920515432,11.199999999999989,6028.087983708095,4833.9
1,302.4,311.8,42.1,105,7.282073658093465,9.400000000000034,6405.843556351244,4420.5
0,300.5,310.8,26.3,125,7.455298485683291,10.300000000000011,4759.135879070106,3287.5
0,303.3,311.3,47.4,18,7.2399325913204695,8.0,6914.45693499192,853.1999999999999
0,303.5,313.0,41.0,56,7.290292882446597,9.5,6289.992091262364,2296.0
0,300.6,310.2,34.1,3,7.392031567514591,9.599999999999966,5792.070599619406,102.30000000000001
0,298.3,307.9,39.9,143,7.269616749608169,9.599999999999966,5995.8866590088,5705.7
0,301.9,310.5,21.8,177,7.545918151209323,8.600000000000023,4319.229131763439,3858.6
0,304.3,313.3,24.9,39,7.4821189235521155,9.0,4628.351376901162,971.0999999999999
1,301.1,310.5,30.7,76,7.4067107301776405,9.399999999999977,5291.719609657672,2333.2
2,296.7,308.1,46.3,203,7.332369205929062,11.400000000000034,7408.545683597497,9398.9
1,302.3,311.7,42.5,56,7.282073658093465,9.399999999999977,6466.70667802679,2380.0
0,298.7,308.5,46.4,48,7.226936018493289,9.800000000000011,6681.120376634292,2227.2
0,302.1,311.2,48.0,13,7.257002707092073,9.099999999999966,7122.618864218779,624.0
2,297.4,308.4,46.2,150,7.305188215393037,11.0,7194.184344867555,6930.0
0,303.6,311.9,50.1,84,7.295735072749282,8.299999999999955,7728.035184492069,4208.400000000001
0,299.4,310.6,53.1,10,7.257707677160043,11.200000000000045,7884.957737538879,531.0
0,303.6,312.0,23.3,103,7.510977752014095,8.399999999999977,4457.825727664309,2399.9
2,298.3,309.0,25.9,181,7.508787170634276,10.699999999999989,4944.41654180332,4687.9
0,298.1,307.8,33.0,130,7.382124365737512,9.699999999999989,5549.937581831729,4290.0
0,302.3,311.2,53.5,59,7.234898420314831,8.899999999999977,7765.074561877891,3156.5
0,302.4,310.1,52.3,141,7.257707677160043,7.7000000000000455,7766.163647331136,7374.299999999999
0,302.0,309.9,57.6,197,7.1770187659099,7.899999999999977,7889.670126519263,11347.2
0,302.2,310.8,56.6,76,7.208600337960199,8.600000000000023,8001.636488693203,4301.6
1,297.4,308.6,31.0,89,7.404887575616125,11.200000000000045,5333.6912875096305,2759.0
2,298.9,310.1,44.3,156,7.285506548522785,11.200000000000045,6763.786151325751,6910.799999999999
0,301.8,310.8,38.6,38,7.3632795869630385,9.0,6370.479695047335,1466.8
0,298.8,308.6,35.5,175,7.374001859350161,9.800000000000011,5922.059231649439,6212.5
0,300.6,311.9,38.2,41,7.288927694521257,11.299999999999955,5852.431066470379,1566.2
0,299.0,310.3,24.4,180,7.5652752818989315,11.300000000000011,4928.907546070098,4392.0
1,300.6,310.7,52.9,0,7.200424892944957,10.099999999999966,7417.624886366373,0.0
0,302.2,311.0,23.2,70,7.513709247839705,8.800000000000011,4450.840919997827,1624.0
0,303.4,312.8,53.4,98,7.227662498728654,9.400000000000034,7694.640054584408,5233.2
0,300.4,311.5,29.7,103,7.4413203897176174,11.100000000000023,5299.7411428998375,3059.1
1,302.6,311.6,39.0,184,7.325807502595773,9.0,6199.618942594098,7176.0
1,303.4,312.7,55.3,31,7.213768308118642,9.300000000000011,7858.39033566502,1714.3
0,300.6,310.1,50.0,130,7.168579897264035,9.5,6791.076119509937,6500.0
1,297.2,308.3,37.8,3,7.364547014255642,11.100000000000023,6246.365841279513,113.39999999999999
1,300.8,310.7,44.7,205,7.22402480828583,9.899999999999977,6417.614056826694,9163.5
1,302.2,311.1,58.6,102,7.268920128193722,8.900000000000034,8799.852350117299,5977.2
0,301.9,311.0,54.9,128,7.162397497355718,9.100000000000023,7410.608662773354,7027.2
1,301.1,310.9,37.9,126,7.347943823148687,9.799999999999955,6159.699771942483,4775.4
0,303.7,312.4,59.3,137,7.183111701743281,8.699999999999989,8172.204025832105,8124.099999999999
1,303.5,312.7,49.1,42,7.259116128097101,9.199999999999989,7301.270766452918,2062.2000000000003
1,300.6,310.2,52.3,23,7.1180162044653335,9.599999999999966,6752.947656670868,1202.8999999999999
0,300.2,310.3,59.5,40,7.0925737159746784,10.100000000000023,7489.452166402947,2380.0
0,296.9,308.0,34.5,84,7.3277805384216315,11.100000000000023,5495.1167900265855,2898.0
0,298.0,308.0,37.0,49,7.329749689041512,10.0,5904.937551687375,1813.0
0,297.4,308.3,28.8,33,7.452402451223638,10.900000000000034,5196.445576449805,950.4
1,302.4,311.8,39.9,101,7.3395376954076745,9.400000000000034,6430.43175485334,4029.8999999999996
1,303.5,312.9,23.3,100,7.5411524551363085,9.399999999999977,4594.464064144441,2330.0
0,298.9,308.9,47.5,9,7.280008252884188,10.0,7212.573133866567,427.5
1,300.2,309.5,51.5,189,7.268920128193722,9.300000000000011,7733.658635341993,9733.5
0,299.2,308.8,31.1,181,7.381501894506707,9.600000000000023,5227.138936675377,5629.1
0,302.5,310.8,36.9,158,7.363913501405819,8.300000000000011,6093.778686094658,5830.2
0,301.9,310.4,34.1,155,7.325807502595773,8.5,5420.6924600630455,5285.5
2,300.4,311.5,29.0,137,7.416378479192928,11.100000000000023,5047.2827572573615,3973.0
0,304.1,313.1,36.3,86,7.350516171833998,9.0,5914.864984472719,3121.7999999999997
0,300.3,311.8,19.6,12,7.60339933974067,11.5,4113.224429492045,235.20000000000002
0,303.7,312.4,38.6,107,7.336936913707618,8.699999999999989,6204.750210594961,4130.2
1,298.1,309.2,45.8,80,7.2868764117507,11.099999999999966,7002.40058534141,3664.0
0,301.9,311.2,29.1,23,7.4133673356952405,9.300000000000011,5049.450456188339,669.3000000000001
2,302.2,311.4,35.4,70,7.3938782901077555,9.199999999999989,6024.003913258429,2478.0
0,303.9,313.2,37.4,7,7.313220387090301,9.300000000000011,5870.861743371437,261.8
0,297.8,307.3,44.5,3,7.271703706887368,9.5,6701.121849862148,133.5
2,301.1,312.2,42.6,52,7.307872780763706,11.099999999999966,6651.442798033381,2215.2000000000003
0,298.9,308.9,47.6,15,7.260522598089852,10.0,7088.187008735435,714.0
0,298.8,308.7,33.6,71,7.307202314764738,9.899999999999977,5242.689820310647,2385.6
0,299.2,310.3,38.9,160,7.288927694521257,11.100000000000023,5959.674567688422,6224.0
1,298.1,307.8,57.2,191,7.183111701743281,9.699999999999989,7882.8005105834145,10925.2
2,299.2,310.6,48.4,153,7.268920128193722,11.400000000000034,7268.1374359330575,7405.2
1,301.6,310.7,20.7,178,7.607381425639791,9.099999999999966,4361.410249125638,3684.6
0,297.5,308.6,53.6,137,7.13966033596492,11.100000000000023,7072.3533817613425,7343.2
0,299.9,309.2,34.8,16,7.413970290190444,9.300000000000011,6042.162318796178,556.8
0,298.5,308.3,24.7,27,7.502186486602924,9.800000000000011,4684.292670086085,666.9
1,297.5,308.1,44.8,5,7.293017679772782,10.600000000000023,6891.732748130953,224.0
0,300.4,309.6,38.5,124,7.329093736246592,9.200000000000045,6140.2952013188105,4774.0
1,301.0,311.0,46.9,113,7.319202458767849,10.0,7406.32562478896,5299.7
1,302.2,311.1,32.8,77,7.403061091090091,8.900000000000034,5633.085067396738,2525.6
1,298.4,309.3,53.6,5,7.237778191923443,10.900000000000034,7802.040635435132,268.0
1,301.4,310.6,37.4,74,7.289610521451167,9.200000000000045,5733.783583919802,2767.6
2,303.5,312.0,52.9,80,7.242797922793756,8.5,7738.926039024512,4232.0
0,300.2,310.1,51.1,41,7.273092595999522,9.900000000000034,7705.698460725045,2095.1
0,298.1,307.7,27.6,145,7.417580402414544,9.599999999999966,4809.4013615275435,4002.0
0,299.0,310.1,19.3,15,7.617759576608505,11.100000000000023,4108.878559654579,289.5
0,302.3,311.0,31.1,3,7.4133673356952405,8.699999999999989,5396.491724654891,93.30000000000001
0,303.5,312.6,39.0,21,7.311218384419629,9.100000000000023,6109.76939270143,819.0
0,299.7,309.2,57.4,138,7.205635176410364,9.5,8090.690168446961,7921.2
0,298.3,308.3,45.5,63,7.2813856635702825,10.0,6918.415341735443,2866.5
1,298.2,308.4,39.9,134,7.32052696227274,10.199999999999989,6309.260526204381,5346.599999999999
2,298.8,309.9,44.6,66,7.2909747781429814,11.099999999999966,6846.954580841786,2943.6
1,300.6,310.6,52.8,75,7.2640301428995295,10.0,7890.172781343837,3960.0
0,299.1,308.9,27.2,110,7.427144133408616,9.799999999999955,4785.273929947973,2992.0
0,301.3,310.3,55.7,125,7.258412150595307,9.0,8276.871421074206,6962.5
0,297.5,309.4,24.3,110,7.501082124259871,11.899999999999977,4603.344299378588,2673.0
1,301.7,310.5,35.9,121,7.3938782901077555,8.800000000000011,6109.088714293152,4343.9
1,298.7,309.7,50.5,34,7.217443431696533,11.0,7202.729476885318,1717.0
2,303.5,311.6,47.0,80,7.2909747781429814,8.100000000000023,7215.400567254797,3760.0
1,300.8,310.8,35.5,79,7.346010209913293,10.0,5758.486974152531,2804.5
0,297.8,308.8,49.6,101,7.259819610363186,11.0,7380.815892441812,5009.6
0,298.5,309.0,44.8,217,7.285506548522785,10.5,6840.126852807984,9721.599999999999
1,299.1,310.2,48.4,101,7.284134806195205,11.099999999999966,7379.643031184472,4888.4
0,300.4,311.8,30.8,196,7.432483807917119,11.400000000000034,5447.6473250308445,6036.8
0,302.1,311.3,24.4,200,7.472500744737558,9.199999999999989,4491.9748398088295,4880.0
2,304.0,313.0,30.4,171,7.43955930913332,9.0,5415.100425139654,5198.4
1,300.8,310.9,28.1,63,7.425953657077541,10.099999999999966,4937.724949451173,1770.3000000000002
2,301.0,310.6,50.6,106,7.220373836723949,9.600000000000023,7238.187585968836,5363.6
0,299.4,309.3,31.8,40,7.3758821482150125,9.900000000000034,5314.820787637069,1272.0
0,300.7,312.1,44.0,155,7.312553498102598,11.400000000000034,6902.288499447015,6820.0
1,300.8,312.0,45.0,183,7.280008252884188,11.199999999999989,6832.9640215578,8235.0
0,296.7,307.8,34.6,238,7.4067107301776405,11.100000000000023,5963.957605672816,8234.800000000001
0,299.6,310.9,65.2,209,7.114769448366463,11.299999999999955,8391.277753542434,13626.800000000001
2,298.9,310.6,33.0,221,7.38770923908104,11.700000000000045,5581.039349102268,7293.0
0,302.0,310.4,35.6,117,7.385230923066573,8.399999999999977,6005.84550772068,4165.2
0,300.9,310.8,37.0,5,7.301822342137932,9.900000000000034,5742.203052231424,185.0
1,300.5,309.8,42.3,121,7.295735072749282,9.300000000000011,6524.868030020249,5118.299999999999
2,298.0,308.7,36.3,5,7.315883504509785,10.699999999999989,5713.394647598005,181.5
0,298.0,308.7,49.3,52,7.275172319452771,10.699999999999989,7449.752907237084,2563.6
0,300.2,309.8,29.6,13,7.409136443920128,9.600000000000023,5114.512840044184,384.8
0,302.6,311.7,27.1,30,7.480992162869525,9.099999999999966,5031.606209915949,813.0
1,297.6,307.1,39.1,39,7.3310603052186325,9.5,6248.271740822693,1524.9
0,300.3,310.6,24.4,88,7.499423290592229,10.300000000000011,4614.622617004975,2147.2
1,301.9,311.5,40.8,150,7.30854279753919,9.600000000000023,6374.66848525212,6120.0
0,300.6,310.4,42.6,114,7.2456550675945355,9.799999999999955,6249.947256904606,4856.400000000001
2,299.1,310.6,28.0,168,7.491087593534876,11.5,5251.486279740698,4704.0
1,300.8,311.2,31.9,178,7.399398083331354,10.399999999999977,5458.475347710218,5678.2
1,299.2,308.8,52.5,193,7.181591944611865,9.600000000000023,7224.09230692973,10132.5
0,298.7,309.8,35.5,0,7.333676395657684,11.100000000000023,5687.85349932432,0.0
0,297.5,308.8,49.8,177,7.257002707092073,11.300000000000011,7389.717071626983,8814.6
0,299.2,308.5,45.2,222,7.27655640271871,9.300000000000011,6839.666085885458,10034.400000000001
0,300.4,311.1,54.1,193,7.2485040723706105,10.700000000000045,7959.800946522901,10441.300000000001
1,297.5,308.3,38.2,74,7.3277805384216315,10.800000000000011,6084.448155913496,2826.8
0,302.2,311.5,38.3,35,7.306531398939505,9.300000000000011,5972.03149879254,1340.5
0,300.3,310.3,51.6,50,7.302496423727326,10.0,8013.4488770707,2580.0
1,300.2,309.4,27.8,208,7.469083884921234,9.199999999999989,5100.4385049561015,5782.400000000001
1,303.4,312.7,49.9,28,7.3632795869630385,9.300000000000011,8235.412870022332,1397.2
0,300.3,311.7,53.3,113,7.2196420401307355,11.399999999999977,7618.833423853286,6022.9
0,304.2,313.4,44.0,41,7.307202314764738,9.199999999999989,6865.427145644895,1804.0
0,298.9,310.3,54.0,95,7.21890970761906,11.400000000000034,7713.238283093659,5130.0
0,300.9,310.6,35.4,186,7.377133712833954,9.700000000000045,5923.9127713150565,6584.4
0,298.8,308.4,47.3,10,7.2456550675945355,9.599999999999966,6939.495428441029,473.0
0,300.1,309.7,35.8,160,7.379008127628304,9.599999999999966,6002.096540487395,5728.0
1,299.3,308.4,42.3,0,7.271703706887368,9.099999999999966,6369.830432565593,0.0
0,298.8,309.9,40.3,126,7.304515946460155,11.099999999999966,6271.22631114492,5077.799999999999
0,301.5,310.7,47.3,77,7.2909747781429814,9.199999999999989,7261.456315556423,3642.1
0,302.5,311.9,59.8,119,7.143617602704121,9.399999999999977,7921.735315536902,7116.2
1,301.8,310.7,35.8,82,7.290292882446597,8.899999999999977,5492.236996760796,2935.6
0,300.9,310.7,57.5,16,7.253470382684528,9.800000000000011,8502.196918165177,920.0
0,300.3,310.4,37.5,219,7.309212365692763,10.099999999999966,5862.997289761952,8212.5
0,300.7,311.1,13.4,170,7.8156105320351905,10.400000000000034,3477.240412699327,2278.0
1,297.0,308.2,30.7,124,7.440146680662688,11.199999999999989,5471.753812659391,3806.7999999999997
1,301.8,311.5,49.0,136,7.256297239690681,9.699999999999989,7265.875489222474,6664.0
0,303.0,311.1,40.7,179,7.330405211844402,8.100000000000023,6499.693400889483,7285.3
0,303.1,311.3,52.6,172,7.198183577101943,8.199999999999989,7359.034183376924,9047.2
0,297.9,307.6,42.4,180,7.316548177182976,9.700000000000045,6677.936896078656,7632.0
1,303.0,312.7,46.8,99,7.2633296174768365,9.699999999999989,6988.661353469709,4633.2
0,297.1,308.0,42.8,169,7.291656209174461,10.899999999999977,6575.10209655115,7233.2
0,302.1,311.2,50.3,11,7.277938572945661,9.099999999999966,7621.933128604828,553.3
0,300.8,311.7,43.5,227,7.242797922793756,10.899999999999977,6363.767158744164,9874.5
1,300.6,309.6,50.0,70,7.2196420401307355,9.0,7147.123286916779,3500.0
2,298.1,307.7,56.2,113,7.227662498728654,9.599999999999966,8098.104327109433,6350.6
1,298.2,309.1,45.8,157,7.252762418053187,10.900000000000034,6767.388510901868,7190.599999999999
1,301.1,311.2,35.0,208,7.3727463664043285,10.099999999999966,5831.319563838254,7280.0
1,301.4,310.7,46.5,101,7.293697720601438,9.300000000000011,7158.118861204343,4696.5
0,299.5,310.8,54.9,72,7.213031659834869,11.300000000000011,7795.799338029999,3952.7999999999997
0,302.6,310.2,21.5,18,7.562161631225652,7.599999999999966,4329.585915544773,387.0
1,300.1,309.7,57.3,48,7.207118856207756,9.599999999999966,8088.595773344568,2750.3999999999996
0,298.6,310.0,39.0,4,7.325148957955575,11.399999999999977,6195.534872144432,156.0
0,299.8,309.4,40.9,2,7.300472814267799,9.599999999999966,6338.896216903245,81.8
0,301.0,310.6,33.4,12,7.403670290012373,9.600000000000023,5739.62694625548,400.79999999999995
1,299.1,308.5,35.6,2,7.370230641807081,9.399999999999977,5916.372948946442,71.2
1,303.3,311.5,36.6,47,7.358830898342354,8.199999999999989,6013.573825648511,1720.2
0,302.2,310.6,50.0,132,7.234898420314831,8.400000000000034,7257.079029792422,6600.0
1,300.3,309.9,29.0,177,7.385230923066573,9.599999999999966,4892.402239435385,5133.0
1,302.6,311.0,39.0,122,7.371489295214277,8.399999999999977,6489.587944520436,4758.0
1,298.7,309.6,46.8,162,7.283448228756631,10.900000000000034,7130.787005118112,7581.599999999999
0,300.7,310.3,36.0,14,7.373374309910049,9.600000000000023,6001.698605417941,504.0
2,300.6,309.8,22.5,157,7.5569505720129,9.199999999999989,4507.400059737956,3532.5
1,298.5,307.9,33.1,146,7.403061091090091,9.399999999999977,5684.607186915611,4832.6
1,297.5,308.4,54.8,145,7.222566018822171,10.899999999999977,7856.201692783019,7946.0
0,300.5,309.7,24.6,143,7.518607216815252,9.199999999999989,4742.611101712224,3517.8
0,299.8,311.1,35.1,179,7.38025578842646,11.300000000000011,5892.088437734193,6282.900000000001
0,299.7,309.3,44.1,60,7.259116128097101,9.600000000000023,6557.760505103334,2646.0
1,299.2,308.4,42.5,54,7.231287004327616,9.199999999999989,6146.26422736063,2295.0
0,301.7,310.1,12.6,10,7.899524472032198,8.400000000000034,3555.968724598287,126.0
0,301.6,310.1,26.3,14,7.43543801981455,8.5,4665.495474042106,368.2
0,297.0,308.3,59.0,135,7.24422751560335,11.300000000000011,8643.673307331837,7965.0
1,297.1,308.2,37.9,183,7.333023014386481,11.099999999999966,6068.415561404676,6935.7
0,298.2,309.0,38.3,121,7.307872780763706,10.800000000000011,5980.053032034706,4634.299999999999
2,297.6,309.0,26.4,41,7.459338895220296,11.399999999999977,4796.583663500896,1082.3999999999999
1,301.7,310.6,42.2,85,7.30854279753919,8.900000000000034,6593.407109746066,3587.0000000000005
0,302.3,311.8,42.8,215,7.362010551259734,9.5,7054.676687097143,9202.0
0,301.0,310.8,41.4,121,7.346010209913293,9.800000000000011,6715.531288166613,5009.4
2,302.0,310.5,43.2,148,7.286191714702382,8.5,6600.360501486012,6393.6
2,300.6,309.4,49.2,235,7.288927694521257,8.799999999999955,7537.686085611064,11562.0
0,299.0,310.1,59.5,46,7.217443431696533,11.100000000000023,8486.384235142106,2737.0
0,297.8,309.2,30.9,163,7.428927194802272,11.399999999999977,5445.919449071371,5036.7
2,300.6,310.0,42.4,90,7.258412150595307,9.399999999999977,6300.526898627401,3816.0
0,297.4,309.0,33.7,175,7.358193752733032,11.600000000000023,5533.559412131014,5897.500000000001
1,298.4,308.5,35.7,107,7.400620577371135,10.100000000000023,6116.178241714753,3819.9
0,300.7,311.8,58.4,189,7.198183577101943,11.100000000000023,8170.486621848144,11037.6
0,300.3,310.2,45.2,48,7.294377299288821,9.899999999999977,6962.732742102083,2169.6000000000004
2,296.1,306.9,32.6,33,7.340835554123275,10.799999999999955,5260.7644500443,1075.8
1,300.5,311.4,51.4,60,7.180069874302796,10.899999999999977,7061.965182053471,3084.0
0,303.4,311.7,25.8,161,7.492203042618741,8.300000000000011,4844.27303998239,4153.8
0,298.3,309.9,41.6,112,7.318539548567902,11.599999999999966,6565.007112157616,4659.2
0,301.5,310.5,28.7,106,7.400620577371135,9.0,4916.9276060844095,3042.2
1,301.1,311.2,53.0,165,7.249925536717988,10.099999999999966,7809.056859028148,8745.0
1,298.3,307.8,42.0,13,7.303843225277705,9.5,6531.37112681318,546.0
1,300.3,309.5,42.4,145,7.278628942320682,9.199999999999989,6429.290309522536,6148.0
1,298.8,308.8,40.5,63,7.273786317844895,10.0,6111.497268660904,2551.5
1,299.3,309.0,43.4,67,7.311218384419629,9.699999999999989,6799.076708801078,2907.7999999999997
0,298.1,307.7,48.7,159,7.254884810077338,9.599999999999966,7211.190833098987,7743.3
0,297.7,307.7,34.9,31,7.366445148327599,10.0,5778.111456261955,1081.8999999999999
0,297.3,308.5,54.2,179,7.284134806195205,11.199999999999989,8263.980419218975,9701.800000000001
0,297.3,308.6,55.2,156,7.234177179749849,11.300000000000011,8006.034718408229,8611.2
0,302.5,310.2,36.9,103,7.344719054149673,7.699999999999989,5977.853917177194,3800.7
0,297.3,308.1,26.1,154,7.47477218239787,10.800000000000011,4815.873042393938,4019.4
0,299.6,309.1,39.2,83,7.362010551259734,9.5,6461.2926666871035,3253.6000000000004
0,301.1,312.4,37.9,124,7.266128779556451,11.299999999999955,5675.496568220201,4699.599999999999
2,299.7,311.1,47.1,143,7.21081845347222,11.400000000000034,6673.402530681974,6735.3
0,299.1,308.4,47.9,67,7.2633296174768365,9.299999999999955,7152.924761350408,3209.2999999999997
2,300.1,311.6,37.9,37,7.371489295214277,11.5,6306.548284546783,1402.3
0,302.7,310.7,47.5,11,7.222566018822171,8.0,6809.663876043675,522.5
0,300.6,309.7,32.4,76,7.374001859350161,9.099999999999966,5404.921664942023,2462.4
0,297.4,308.5,37.8,211,7.310550158534422,11.100000000000023,5917.818081567092,7975.799999999999
2,296.4,307.5,38.0,62,7.350516171833998,11.100000000000023,6191.869680715244,2356.0
0,298.8,309.7,43.1,63,7.280008252884188,10.899999999999977,6544.4610962031375,2715.3
0,303.7,312.9,40.5,0,7.315218389752975,9.199999999999989,6370.207423684023,0.0
0,299.9,309.0,40.0,88,7.348587530927593,9.100000000000023,6505.191188033265,3520.0
1,302.6,312.1,42.0,181,7.27655640271871,9.5,6355.441938212151,7602.0
1,302.3,311.8,35.7,197,7.288927694521257,9.5,5469.418562120223,7032.900000000001
0,302.3,311.0,37.6,75,7.277247726631484,8.699999999999989,5693.571197953855,2820.0
0,299.3,309.0,30.6,154,7.45876269238096,9.699999999999989,5556.472094551195,4712.400000000001
0,303.7,313.0,44.1,40,7.284820912568604,9.300000000000011,6728.631729532083,1764.0
2,300.4,311.4,52.4,105,7.27655640271871,11.0,7929.170418150397,5502.0
0,297.4,307.9,33.4,176,7.382124365737512,10.5,5617.209552520598,5878.4
0,298.1,308.7,30.3,3,7.404279118037268,10.599999999999966,5210.080088566384,90.9
1,297.8,307.9,25.8,43,7.497207223203318,10.099999999999966,4868.588967121174,1109.4
0,301.0,309.9,41.8,19,7.318539548567902,8.899999999999977,6596.569646350681,794.1999999999999
0,299.0,310.4,46.2,168,7.2813856635702825,11.399999999999977,7024.852500839065,7761.6
0,301.2,311.2,29.6,211,7.400009517162692,10.0,5068.017268771054,6245.6
1,299.5,309.2,41.6,17,7.310550158534422,9.699999999999989,6512.731010401881,707.2
0,298.3,308.5,32.2,173,7.338888133838879,10.199999999999989,5186.099264643983,5570.6
0,297.9,309.0,37.5,54,7.332369205929062,11.100000000000023,6000.441968356505,2025.0
1,298.7,309.6,27.3,79,7.461065514354283,10.900000000000034,4968.680109064545,2156.7000000000003
1,299.0,308.4,47.5,163,7.336936913707618,9.399999999999977,7635.379145162192,7742.5
1,300.7,310.2,44.1,28,7.2254814727822945,9.5,6340.707868666816,1234.8
0,298.7,310.2,43.7,34,7.330405211844402,11.5,6978.786280561927,1485.8000000000002
0,297.9,308.5,45.1,70,7.29505641646263,10.600000000000023,6952.0513270798765,3157.0
1,303.0,311.2,41.4,100,7.23561914106675,8.199999999999989,6013.196834530078,4140.0
0,297.4,308.5,16.9,176,7.650168700845001,11.100000000000023,3716.504109196725,2974.3999999999996
0,300.9,312.1,46.0,166,7.288244401020124,11.200000000000045,7042.61297130736,7636.0
0,301.9,310.4,51.7,153,7.223295679562314,8.5,7417.195535370382,7910.1
1,300.0,309.1,45.7,11,7.288927694521257,9.100000000000023,7001.468579520846,502.70000000000005
1,299.9,310.1,56.3,179,7.217443431696533,10.200000000000045,8029.9736544285815,10077.699999999999
0,300.5,309.8,42.5,117,7.318539548567902,9.300000000000011,6707.03851602641,4972.5
0,299.6,310.2,44.0,79,7.321849713788356,10.599999999999966,6966.795868600726,3476.0
0,302.3,310.1,46.0,184,7.305188215393037,7.800000000000011,7163.040689694968,8464.0
0,300.3,309.6,39.6,85,7.358193752733032,9.300000000000011,6502.34281069401,3366.0
2,299.0,310.2,31.5,0,7.4645098346365275,11.199999999999989,5752.884467253629,0.0
0,300.8,310.6,52.9,165,7.233455418621439,9.800000000000011,7666.910263428722,8728.5
0,299.3,310.9,32.4,5,7.4205789054108005,11.599999999999966,5662.783589948674,162.0
0,299.2,310.3,48.9,238,7.210079628170788,11.100000000000023,6923.316226275043,11638.199999999999
0,302.9,312.4,33.8,202,7.4377951216719325,9.5,6010.11807372956,6827.599999999999
0,301.7,310.5,13.7,149,7.81035268372429,8.800000000000011,3536.43849026847,2041.3
0,299.0,308.7,22.8,96,7.545918151209323,9.699999999999989,4517.358908449835,2188.8
0,297.2,308.6,52.4,37,7.271008538280992,11.400000000000034,7885.271896804237,1938.8
0,298.1,307.9,35.6,55,7.364547014255642,9.799999999999955,5882.820739406103,1958.0
0,297.2,308.6,23.6,103,7.5310163320779155,11.400000000000034,4606.663915615882,2430.8
0,299.0,310.1,37.4,56,7.288927694521257,11.100000000000023,5729.867065078329,2094.4
0,300.9,310.9,26.4,40,7.4673710669175595,10.0,4835.288084993122,1056.0
0,299.7,311.1,31.4,141,7.38025578842646,11.400000000000034,5270.985098143979,4427.4
0,299.2,308.5,53.4,100,7.229113877793302,9.300000000000011,7705.824124431188,5340.0
2,302.6,311.0,51.0,106,7.271703706887368,8.399999999999977,7679.9374009656085,5406.0
1,300.5,309.8,55.9,143,7.223295679562314,9.300000000000011,8019.753006328903,7993.7
1,301.5,310.5,60.5,139,7.1770187659099,9.0,8286.893101639156,8409.5
0,300.8,309.7,20.7,5,7.599901959208498,8.899999999999977,4328.894765160983,103.5
0,295.7,306.2,52.0,101,7.242797922793756,10.5,7607.261890912564,5252.0
1,298.0,307.5,43.6,101,7.2640301428995295,9.5,6515.369948230897,4403.6
0,299.0,308.4,52.6,188,7.213031659834869,9.399999999999977,7469.199365762804,9888.800000000001
0,301.2,311.1,39.7,20,7.346655163176539,9.900000000000034,6443.930131288264,794.0
2,299.3,308.8,45.4,191,7.242797922793756,9.5,6641.724804758277,8671.4
0,299.5,310.9,38.5,162,7.311218384419629,11.399999999999977,6031.439015871924,6237.0
1,297.1,308.4,23.5,155,7.53955882930103,11.299999999999955,4626.518781186569,3642.5
2,300.1,309.3,45.8,163,7.278628942320682,9.199999999999989,6944.846607927644,7465.4
0,302.2,311.0,34.2,185,7.349873704738337,8.800000000000011,5569.101297018627,6327.000000000001
2,301.9,311.0,63.6,111,7.198183577101943,9.100000000000023,8897.995704615445,7059.6
0,296.8,307.6,37.6,126,7.370860166536716,10.800000000000011,6252.690914488741,4737.6
2,299.0,310.0,44.9,221,7.285506548522785,11.0,6855.39499310443,9922.9
0,301.3,310.0,54.8,186,7.20414929203594,8.699999999999989,7712.735628269085,10192.8
0,303.6,312.5,31.4,180,7.444833273892193,8.899999999999977,5622.822531395012,5652.0
1,298.5,309.7,60.8,96,7.2115567333138015,11.199999999999989,8620.865344666776,5836.799999999999
0,299.9,311.0,27.6,177,7.466227556215481,11.100000000000023,5049.293376555659,4885.2
0,300.8,311.9,41.1,171,7.254884810077338,11.099999999999966,6085.830456681075,7028.1
2,299.2,310.7,29.4,23,7.400620577371135,11.5,5036.852669647444,676.1999999999999
0,298.7,309.7,59.1,125,7.165493475060845,11.0,8002.296223150458,7387.5
1,297.4,308.2,51.9,117,7.2456550675945355,10.800000000000011,7614.3723622851885,6072.3
1,297.8,309.2,61.2,12,7.16703787691222,11.399999999999977,8299.459472253515,734.4000000000001
1,299.8,309.4,47.4,57,7.272398392570047,9.599999999999966,7142.7878890548245,2701.7999999999997
0,300.2,311.6,27.0,22,7.510977752014095,11.400000000000034,5165.720800297697,594.0
0,297.8,307.8,34.3,53,7.355001921105257,10.0,5614.1203197445675,1817.8999999999999
1,300.7,311.0,53.9,150,7.19668657083435,10.300000000000011,7529.622664466848,8085.0
2,298.2,308.4,51.8,76,7.243512974665482,10.199999999999989,7583.42767464733,3936.7999999999997
1,299.7,310.4,44.5,105,7.252053951852814,10.699999999999989,6570.641034983053,4672.5
2,298.3,308.1,12.8,84,7.877397186353287,9.800000000000011,3533.3283135414163,1075.2
0,297.8,309.0,64.2,0,7.247080584585756,11.199999999999989,9432.380614991067,0.0
0,299.6,310.9,26.3,166,7.5251007461258,11.299999999999955,5103.4020740259875,4365.8
2,302.2,311.1,50.6,101,7.2633296174768365,8.900000000000034,7556.1167625121225,5110.6
0,301.7,311.3,45.9,85,7.259819610363186,9.600000000000023,6830.230835949177,3901.5
0,301.5,310.9,32.3,11,7.365812837209472,9.399999999999977,5344.267982776716,355.29999999999995
2,299.3,308.8,35.5,180,7.400620577371135,9.5,6081.9139378396,6390.0
2,300.7,310.5,43.1,134,7.29776828253138,9.800000000000011,6661.810053790228,5775.400000000001
0,300.6,309.6,57.4,119,7.1631723908466425,9.0,7754.078987590327,6830.599999999999
2,303.1,312.8,41.9,115,7.269616749608169,9.699999999999989,6296.432356202224,4818.5
0,298.7,309.8,33.4,2,7.3395376954076745,11.100000000000023,5382.867684513823,66.8
1,302.2,311.2,33.2,74,7.395107546562485,9.0,5656.584180445591,2456.8
0,297.1,308.4,31.9,2,7.367708572374371,11.299999999999955,5288.106778106044,63.8
0,299.8,311.2,46.2,146,7.222566018822171,11.399999999999977,6623.294127857218,6745.200000000001
0,301.4,310.8,38.0,168,7.307202314764738,9.400000000000034,5929.2325348751365,6384.0
0,300.0,311.0,33.6,181,7.401231264413015,11.0,5759.92163479767,6081.6
0,298.9,309.9,46.5,75,7.2196420401307355,11.0,6646.824656832605,3487.5
1,300.6,310.0,55.2,90,7.242797922793756,9.399999999999977,8075.401084199491,4968.0
0,301.6,310.7,33.8,196,7.40184157874383,9.099999999999966,5797.746410346891,6624.799999999999
1,300.6,310.2,38.7,16,7.334981878871814,9.599999999999966,6208.666729436437,619.2
0,302.7,311.0,29.8,150,7.43543801981455,8.300000000000011,5286.378902146569,4470.0
2,303.6,312.6,42.0,110,7.270312886079025,9.0,6315.85787077692,4620.0
0,300.5,311.8,38.9,214,7.329749689041512,11.300000000000011,6208.164074611862,8324.6
1,297.1,308.4,53.4,199,7.267525427828172,11.299999999999955,8007.794010294238,10626.6
2,299.9,309.5,38.5,148,7.344719054149673,9.600000000000023,6237.056255049376,5698.0
2,300.7,312.3,27.3,81,7.421177528595393,11.600000000000023,4774.278355660408,2211.3
1,300.7,309.7,44.7,76,7.269616749608169,9.0,6717.196332273017,3397.2000000000003
0,301.4,310.7,36.5,121,7.388327859577107,9.300000000000011,6176.7900359780115,4416.5
0,301.9,310.3,44.0,65,7.243512974665482,8.400000000000034,6441.5215769205115,2860.0
1,299.2,308.4,38.0,98,7.338888133838879,9.199999999999989,6120.241368213396,3724.0
1,303.6,312.8,43.2,23,7.244941546337007,9.199999999999989,6333.450789637022,993.6
0,300.3,309.9,31.7,180,7.379008127628304,9.599999999999966,5314.705595906436,5706.0
0,299.8,310.8,51.9,154,7.251344983372214,11.0,7657.8520046108715,7992.599999999999
0,302.7,312.1,39.8,153,7.37650812632622,9.400000000000034,6656.050467258646,6089.4
0,301.4,311.1,22.7,131,7.577121930876679,9.700000000000045,4640.174237254172,2973.7
1,296.7,307.6,34.7,150,7.344719054149673,10.900000000000034,5621.450702602944,5205.0
1,302.6,310.2,31.0,100,7.397561535524052,7.599999999999966,5294.735538605117,3100.0
1,302.4,311.1,45.7,200,7.300472814267799,8.700000000000045,7082.825357273308,9140.0
0,299.5,310.0,43.1,90,7.301147805856032,10.5,6684.377161018516,3879.0
0,301.3,311.1,42.0,221,7.254177846456518,9.800000000000011,6214.698587331329,9282.0
0,298.8,308.7,48.5,70,7.27655640271871,9.899999999999977,7339.022238173556,3395.0
0,297.4,308.5,33.8,132,7.404887575616125,11.100000000000023,5815.444048962113,4461.599999999999
1,297.8,308.5,44.7,88,7.2909747781429814,10.699999999999989,6862.3064969423285,3933.6000000000004
1,304.3,313.5,42.0,2,7.330405211844402,9.199999999999989,6707.300315414209,84.0
1,299.9,309.3,52.8,0,7.237059026124737,9.400000000000034,7680.063064671751,0.0
0,302.4,311.0,33.1,161,7.384610383176974,8.600000000000023,5580.620470081789,5329.1
0,296.6,307.7,37.7,110,7.350516171833998,11.099999999999966,6142.986499025386,4147.0
1,300.4,309.3,40.3,166,7.291656209174461,8.900000000000034,6191.042394649798,6689.799999999999
0,300.3,311.4,37.0,114,7.294377299288821,11.099999999999966,5699.582111897723,4218.0
0,297.9,308.8,31.7,94,7.427738840532894,10.900000000000034,5580.274894889893,2979.7999999999997
0,302.6,312.4,33.0,15,7.395721608602045,9.799999999999955,5625.964124048603,495.0
0,301.2,310.5,40.0,55,7.344072850573066,9.300000000000011,6475.86965659976,2200.0
1,298.7,310.1,31.9,51,7.434847875211999,11.400000000000034,5655.568398820928,1626.8999999999999
0,299.3,309.1,37.2,149,7.311218384419629,9.800000000000011,5827.78003611521,5542.8
0,301.3,310.6,53.6,94,7.23561914106675,9.300000000000011,7785.201698811889,5038.400000000001
1,301.7,310.9,62.7,36,7.170888478512505,9.199999999999989,8535.707239803469,2257.2000000000003
0,303.6,312.9,45.3,29,7.280008252884188,9.299999999999955,6878.5171150348515,1313.6999999999998
0,302.8,312.1,52.1,79,7.273786317844895,9.300000000000011,7861.95080733909,4115.900000000001
1,297.5,308.2,13.8,29,7.803435056952168,10.699999999999989,3537.6846553543946,400.20000000000005
1,300.7,310.7,46.7,36,7.228388451573604,10.0,6734.09810074933,1681.2
0,298.4,308.0,47.6,130,7.2305631534092925,9.600000000000023,6878.8312743002125,6188.0
2,299.4,308.6,41.8,166,7.341483852363161,9.200000000000045,6749.774648090742,6938.799999999999
0,297.7,309.7,41.0,176,7.312553498102598,12.0,6431.677919939264,7216.0
0,296.9,308.1,48.7,215,7.260522598089852,11.200000000000045,7251.989649693606,10470.5
0,301.2,311.0,39.3,217,7.3427791893318455,9.800000000000011,6354.310964856859,8528.099999999999
1,303.6,312.0,37.9,98,7.269616749608169,8.399999999999977,5695.340961815376,3714.2
2,300.4,311.8,13.5,5,7.822845290279774,11.400000000000034,3528.6368685120556,67.5
0,297.4,309.3,24.8,81,7.473069088032197,11.900000000000034,4568.210821535942,2008.8
1,298.3,310.1,49.6,75,7.237059026124737,11.800000000000011,7214.604697115888,3720.0
0,301.3,310.6,48.0,104,7.285506548522785,9.300000000000011,7328.7073422942685,4992.0
0,302.4,311.9,37.9,192,7.340835554123275,9.5,6116.042106033096,7276.799999999999
0,300.0,311.4,39.0,92,7.29776828253138,11.399999999999977,6028.087983708095,3588.0
2,301.7,311.0,19.3,180,7.6093665379542115,9.300000000000011,4074.520007999818,3474.0
0,299.1,310.4,46.1,176,7.317212408359839,11.299999999999955,7265.508970079555,8113.6
1,296.8,307.5,39.2,13,7.275172319452771,10.699999999999989,5923.5357801966275,509.6
0,300.4,310.8,37.6,151,7.327123292259293,10.400000000000034,5984.943444598796,5677.6
1,300.5,309.3,30.5,34,7.364547014255642,8.800000000000011,5040.057094154105,1037.0
1,303.5,312.3,33.3,71,7.342131730584722,8.800000000000011,5380.699985582845,2364.2999999999997
2,299.3,310.4,44.9,162,7.2399325913204695,11.099999999999966,6549.770387787705,7273.8
2,302.3,311.5,38.2,47,7.3310603052186325,9.199999999999989,6104.4496291413525,1795.4
0,299.7,309.2,35.1,177,7.397561535524052,9.5,5995.007013065794,6212.7
0,298.5,309.5,38.6,126,7.365180126021013,11.0,6382.606242690191,4863.6
0,301.4,310.0,25.6,30,7.482681828154651,8.600000000000023,4761.146498368404,768.0
0,300.7,309.7,52.4,163,7.318539548567902,9.0,8269.38395858315,8541.199999999999
0,301.9,310.9,39.0,214,7.357556200910353,9.0,6399.738394627768,8346.0
1,301.0,310.4,46.1,145,7.325148957955575,9.399999999999977,7323.439938611751,6684.5
2,297.2,308.5,33.3,207,7.4109518755836366,11.300000000000011,5764.28844858616,6893.099999999999
1,303.4,312.0,28.4,200,7.466799475018602,8.600000000000023,5198.623747356294,5680.0
0,301.1,310.1,39.6,215,7.284820912568604,9.0,6042.0366550900335,8514.0
0,303.3,312.7,63.8,100,7.141245122350491,9.399999999999977,8431.573915312478,6380.0
0,300.0,309.4,44.5,181,7.241366283322318,9.399999999999977,6500.740598440679,8054.5
1,299.5,309.2,35.9,22,7.372118028337787,9.699999999999989,5977.508341985298,789.8
1,300.5,311.8,42.0,182,7.3727463664043285,11.300000000000011,6997.583476605905,7644.0
0,297.2,308.3,23.8,61,7.493873886783559,11.100000000000023,4476.224988638834,1451.8
1,301.1,311.3,30.7,28,7.411556287811163,10.199999999999989,5317.438781515059,859.6
0,302.4,312.0,32.5,169,7.3914152346753585,9.600000000000023,5516.898499091476,5492.5
0,300.4,311.6,23.5,49,7.504391559161238,11.200000000000045,4466.559355241288,1151.5
0,297.1,307.8,50.6,94,7.282761179605593,10.699999999999989,7704.483711565657,4756.400000000001
1,300.5,309.9,27.0,107,7.459338895220296,9.399999999999977,4905.596928580462,2889.0
1,298.8,308.5,33.2,0,7.363913501405819,9.699999999999989,5482.749386946955,0.0
0,300.0,309.6,44.6,98,7.323170717943469,9.600000000000023,7071.138632601954,4370.8
0,298.0,309.2,39.8,87,7.285506548522785,11.199999999999989,6076.719837985664,3462.6
2,298.0,309.1,36.4,65,7.351158226430694,11.100000000000023,5934.971177455694,2366.0
2,299.0,310.0,34.3,132,7.358830898342354,11.0,5635.671645348194,4527.599999999999
0,298.2,308.1,62.3,149,7.22983877815125,9.900000000000034,8996.652185913674,9282.699999999999
1,299.9,309.2,49.8,182,7.21081845347222,9.300000000000011,7055.954268109603,9063.6
0,303.3,311.5,35.2,10,7.379008127628304,8.199999999999989,5901.50274371945,352.0
1,300.8,310.5,35.8,54,7.321188556739478,9.699999999999989,5664.689489491851,1933.1999999999998
0,300.9,311.1,39.3,91,7.294377299288821,10.200000000000045,6053.880459394067,3576.2999999999997
0,302.7,310.7,43.7,13,7.2682230211595655,8.0,6557.770977078846,568.1
1,302.5,312.0,29.1,46,7.404279118037268,9.5,5003.740283078607,1338.6000000000001
0,302.8,312.1,51.4,54,7.257707677160043,9.300000000000011,7632.5202958474265,2775.6
2,300.1,309.3,38.2,158,7.327123292259293,9.199999999999989,6080.447861267926,6035.6
0,298.2,307.9,67.3,67,7.1808311990445555,9.699999999999989,9253.550689173224,4509.099999999999
2,300.6,310.6,26.2,78,7.5126175446745105,10.0,5020.893378967207,2043.6
1,297.4,308.4,52.6,15,7.201170883281678,11.0,7381.0672198541,789.0
0,302.5,311.5,29.5,133,7.438971592395862,9.0,5251.695719250937,3923.5
0,301.2,312.4,59.0,95,7.229113877793302,11.199999999999989,8513.925530738577,5605.0
1,303.7,313.1,18.1,185,7.664346632098617,9.400000000000034,4037.260719128243,3348.5000000000005
1,297.0,308.1,34.9,93,7.3613754289773485,11.100000000000023,5748.873700632546,3245.7
2,298.3,307.9,39.2,176,7.259116128097101,9.599999999999966,5829.1204489807415,6899.200000000001
0,300.3,311.5,28.8,56,7.419380582918692,11.199999999999989,5027.5535553928175,1612.8
0,303.0,311.1,20.2,137,7.591357046698551,8.100000000000023,4188.371325765912,2767.4
0,298.4,308.3,59.1,22,7.1846291527173145,9.900000000000034,8157.019661339754,1300.2
0,303.4,311.7,32.2,166,7.422971251049421,8.300000000000011,5641.316040149143,5345.200000000001
1,298.6,308.4,28.2,161,7.483806687665835,9.799999999999955,5250.606633797693,4540.2
0,298.4,308.1,44.0,92,7.241366283322318,9.700000000000045,6427.698569244716,4048.0
0,298.6,309.4,37.8,54,7.330405211844402,10.799999999999955,6036.5702838727875,2041.1999999999998
1,297.0,307.9,24.2,97,7.5406215286571525,10.899999999999977,4769.398415071832,2347.4
0,300.0,309.1,28.2,108,7.491087593534876,9.100000000000023,5288.99689602456,3045.6
1,302.2,311.2,43.0,91,7.228388451573604,9.0,6200.561420390175,3913.0
0,297.4,308.9,28.8,174,7.443663683115591,11.5,5151.206642238112,5011.2
0,302.6,311.0,37.2,95,7.317876198626496,8.399999999999977,5866.735785019724,3534.0000000000005
1,300.7,311.6,62.5,36,7.207118856207756,10.900000000000034,8822.639368831336,2250.0
0,298.9,308.9,24.9,35,7.5126175446745105,10.0,4771.765081537536,871.5
0,298.8,308.9,46.7,204,7.22983877815125,10.099999999999966,6743.878925877506,9526.800000000001
0,300.5,310.0,45.1,86,7.3277805384216315,9.5,7183.471513918812,3878.6
0,296.7,308.0,32.2,39,7.365812837209472,11.300000000000011,5327.722261467811,1255.8000000000002
0,298.0,308.8,36.1,73,7.366445148327599,10.800000000000011,5976.7857756749745,2635.3
1,296.1,307.1,53.3,22,7.208600337960199,11.0,7535.109979635118,1172.6
2,299.6,309.1,41.3,0,7.370860166536716,9.5,6867.982307669814,0.0
2,297.3,308.8,42.4,139,7.258412150595307,11.5,6300.526898627401,5893.599999999999
0,298.9,309.8,49.9,21,7.237778191923443,10.900000000000034,7263.466934854721,1047.8999999999999
2,300.6,310.6,39.6,3,7.258412150595307,10.0,5884.4543675859695,118.80000000000001
0,301.8,310.5,34.1,93,7.3453648404168685,8.699999999999989,5527.820769550457,3171.3
0,298.5,308.9,27.8,113,7.485491608030754,10.399999999999977,5184.86357153357,3141.4
2,300.7,310.8,40.1,142,7.325807502595773,10.100000000000023,6374.479989692906,5694.2
1,301.3,311.1,43.0,137,7.271703706887368,9.800000000000011,6475.241338069042,5891.0
0,300.8,311.1,41.1,176,7.300472814267799,10.300000000000011,6369.893264418664,7233.6
0,303.8,313.0,59.9,205,7.2196420401307355,9.199999999999989,8562.2536977263,12279.5
0,298.6,309.8,32.6,201,7.3537223303996315,11.199999999999989,5329.041730382319,6552.6
0,298.0,308.0,54.7,65,7.2456550675945355,10.0,8025.16701766859,3555.5
0,300.4,309.6,48.1,26,7.1853870155804165,9.200000000000045,6643.829671836183,1250.6000000000001
1,302.3,310.8,28.4,215,7.451241684987676,8.5,5118.324639130539,6106.0
1,301.1,310.7,12.2,100,7.877397186353287,9.599999999999966,3367.703548844162,1220.0
1,300.3,309.5,31.4,32,7.418180822726788,9.199999999999989,5474.853517410932,1004.8
0,301.6,311.1,49.2,104,7.189922170745808,9.5,6826.680836250621,5116.8
1,298.5,308.7,33.3,41,7.38770923908104,10.199999999999989,5631.776070457742,1365.3
0,303.4,311.8,61.0,215,7.175489713624222,8.400000000000034,8342.604011362815,13115.0
0,297.2,307.9,24.6,142,7.509883061154913,10.699999999999989,4701.393406097125,3493.2000000000003
1,297.0,308.1,45.3,196,7.218176838403408,11.100000000000023,6465.80608813276,8878.8
0,301.1,310.4,73.6,49,7.180069874302796,9.299999999999955,10112.074657570729,3606.3999999999996
0,298.5,309.6,26.9,130,7.529406457837013,11.100000000000023,5242.365189069776,3497.0
0,301.4,310.8,50.4,90,7.298445101508147,9.400000000000034,7795.422346911568,4536.0
1,297.6,308.4,46.0,51,7.318539548567902,10.799999999999955,7259.382864405055,2346.0
1,302.9,312.4,46.0,206,7.259819610363186,9.5,6845.111513151681,9476.0
2,297.9,307.6,36.0,161,7.309212365692763,9.700000000000045,5628.477398171474,5796.0
0,301.4,310.9,45.4,177,7.273092595999522,9.5,6846.158710702877,8035.8
0,301.0,310.9,37.3,6,7.323830566202317,9.899999999999977,5917.661001934413,223.79999999999998
1,301.0,310.9,17.9,178,7.6246189861593985,9.899999999999977,3837.067963265989,3186.2
0,300.4,311.7,51.2,174,7.275864600546533,11.300000000000011,7742.224711310781,8908.800000000001
2,297.7,309.6,32.2,210,7.437206366871292,11.900000000000034,5722.243466905618,6762.000000000001
0,300.7,310.9,31.0,73,7.452402451223638,10.199999999999989,5593.396280206388,2263.0
1,297.6,309.3,41.3,17,7.255591274253665,11.699999999999989,6119.770129315357,702.0999999999999
0,300.6,310.1,45.8,62,7.198931240688173,9.5,6412.472316850317,2839.6
0,298.8,308.6,41.2,40,7.336936913707618,9.800000000000011,6622.686753277523,1648.0
0,304.2,313.4,42.5,175,7.268920128193722,9.199999999999989,6382.145475767665,7437.5
0,298.9,310.2,57.2,183,7.173958319756794,11.300000000000011,7810.92087066928,10467.6
0,301.2,311.7,48.3,204,7.288927694521257,10.5,7399.801584045007,9853.199999999999
0,297.9,307.6,40.5,118,7.323830566202317,9.700000000000045,6425.342374754525,4779.0
0,300.8,310.8,29.2,149,7.399398083331354,10.0,4996.472732073303,4350.8
1,301.4,310.7,37.7,40,7.286191714702382,9.300000000000011,5760.036826528302,1508.0
0,298.5,309.2,33.7,182,7.316548177182976,10.699999999999989,5307.699844288933,6133.400000000001
1,301.0,309.6,32.7,138,7.370860166536716,8.600000000000023,5437.845555951645,4512.6
0,301.6,310.8,35.4,148,7.336936913707618,9.199999999999989,5690.366773447192,5239.2
0,303.0,311.3,16.5,148,7.693937325509272,8.300000000000011,3790.959855086803,2442.0
0,300.9,310.5,16.1,85,7.735870319952567,9.600000000000023,3857.5406753918837,1368.5000000000002
0,297.0,307.6,37.4,98,7.362645270417825,10.600000000000023,6168.517175323559,3665.2
0,300.7,311.9,38.8,9,7.303843225277705,11.199999999999989,6033.742850484557,349.2
1,302.7,312.0,31.0,81,7.410347097821024,9.300000000000011,5362.908099188016,2511.0
0,300.0,309.6,38.8,27,7.311218384419629,9.600000000000023,6078.437241969627,1047.6
0,298.0,307.6,41.6,33,7.31986492980897,9.600000000000023,6573.719795783571,1372.8
1,298.6,308.4,42.4,169,7.238496840894365,9.799999999999955,6176.203605349342,7165.599999999999
0,301.2,309.9,40.9,21,7.323830566202317,8.699999999999989,6488.802546357038,858.9
2,297.3,308.6,37.6,147,7.313220387090301,11.300000000000011,5902.256725956312,5527.2
1,300.3,311.7,28.3,193,7.452402451223638,11.399999999999977,5106.2295074142185,5461.900000000001
1,301.7,310.6,45.2,185,7.257002707092073,8.900000000000034,6707.1327638060175,8362.0
0,301.7,310.7,33.3,220,7.381501894506707,9.0,5596.904392002895,7325.999999999999
0,298.9,310.2,42.8,138,7.335633981927201,11.300000000000011,6870.914460813164,5906.4
0,298.5,309.4,44.5,162,7.21890970761906,10.899999999999977,6356.279696253108,7209.0
0,300.4,311.6,76.6,3,7.0909098220799835,11.200000000000045,9625.839890599125,229.79999999999998
1,297.0,307.9,34.7,57,7.309212365692763,10.899999999999977,5425.226825459727,1977.9
0,300.4,311.4,31.7,133,7.455298485683291,11.0,5736.296858042675,4216.099999999999
0,301.5,310.6,42.3,83,7.2485040723706105,9.100000000000023,6223.65212639406,3510.8999999999996
1,300.9,310.8,26.2,191,7.490529402060711,9.900000000000034,4911.147075601804,5004.2
0,302.3,311.0,31.0,190,7.383989457978509,8.699999999999989,5223.316665613509,5890.0
0,299.5,309.2,41.5,175,7.313220387090301,9.699999999999989,6514.458886361354,7262.5
0,300.8,310.7,33.4,142,7.369600720526409,9.899999999999977,5547.256756100665,4742.8
0,297.6,308.7,42.3,27,7.347943823148687,11.099999999999966,6874.810035703615,1142.1
0,298.6,310.1,33.9,24,7.335633981927201,11.5,5442.149537887062,813.5999999999999
1,300.6,309.4,45.2,73,7.180069874302796,8.799999999999955,6210.132806008111,3299.6000000000004
1,302.5,310.3,41.8,160,7.305860032684009,7.800000000000011,6513.401216834646,6688.0
0,300.2,309.8,45.6,175,7.3310603052186325,9.600000000000023,7286.986991854598,7980.0
0,300.7,309.5,30.3,64,7.4342573821331355,8.800000000000011,5368.730517572669,1939.2
0,301.1,310.1,36.6,28,7.340186835320115,9.0,5902.424277564503,1024.8
0,302.2,311.1,47.0,61,7.257707677160043,8.900000000000034,6979.152799704846,2867.0
0,302.0,311.1,55.7,157,7.2254814727822945,9.100000000000023,8008.558464506613,8744.9
1,303.7,312.9,41.3,32,7.334981878871814,9.199999999999989,6625.786458029064,1321.6
0,303.4,311.8,53.0,208,7.2456550675945355,8.400000000000034,7775.755976900096,11024.0
1,299.0,308.7,35.4,199,7.390798521735676,9.699999999999989,6005.468516602248,7044.599999999999
1,300.3,309.2,47.6,45,7.21890970761906,8.899999999999977,6799.076708801078,2142.0
1,298.3,307.7,43.8,111,7.272398392570047,9.399999999999977,6600.297669632939,4861.799999999999
2,302.0,310.6,54.7,196,7.205635176410364,8.600000000000023,7710.117634391095,10721.2
0,301.8,310.9,24.7,31,7.549609165154532,9.099999999999966,4911.911529814177,765.6999999999999
0,299.3,309.0,47.3,25,7.260522598089852,9.699999999999989,7043.513561201387,1182.5
0,300.8,310.6,34.5,153,7.347299700743164,9.800000000000011,5603.501736575436,5278.5
0,299.7,311.1,30.6,148,7.43307534889858,11.400000000000034,5415.477416258086,4528.8
0,301.0,312.2,28.8,138,7.482681828154651,11.199999999999989,5356.289810664453,3974.4
1,301.3,310.8,54.2,49,7.224753405767971,9.5,7787.212318110189,2655.8
0,298.6,309.4,40.2,173,7.277938572945661,10.799999999999955,6091.485323457537,6954.6
0,300.7,309.5,44.3,55,7.291656209174461,8.800000000000011,6805.5379176919605,2436.5
0,301.6,310.6,49.4,164,7.238496840894365,9.0,7195.859860949469,8101.599999999999
1,303.9,313.4,49.1,171,7.289610521451167,9.5,7527.507325413431,8396.1
1,298.7,310.1,50.7,53,7.317876198626496,11.400000000000034,7995.793126357527,2687.1000000000004
2,295.9,306.5,33.2,55,7.374629015218945,10.600000000000023,5541.853216736491,1826.0000000000002
2,297.4,308.7,37.6,118,7.265429723253953,11.300000000000011,5626.634330481368,4436.8
1,299.0,310.3,33.3,177,7.367077059881012,11.300000000000011,5516.699531556748,5894.099999999999
0,301.6,310.9,34.1,44,7.404887575616125,9.299999999999955,5867.060416260594,1500.4
1,298.7,309.9,18.2,205,7.642044402873258,11.199999999999989,3969.9887484393735,3731.0
0,301.4,310.6,46.1,70,7.231287004327616,9.200000000000045,6666.888961913531,3227.0
2,300.0,309.0,31.8,103,7.392031567514591,9.0,5401.403081170003,3275.4
2,297.5,308.7,39.2,74,7.256297239690681,11.199999999999989,5812.70039137798,2900.8
0,299.1,308.5,46.8,190,7.3395376954076745,9.399999999999977,7542.461306444519,8892.0
0,302.3,311.2,22.9,55,7.55171221535131,8.899999999999977,4563.550792433117,1259.5
0,297.6,308.7,37.9,79,7.392031567514591,11.099999999999966,6437.52128227494,2994.1
0,298.8,309.7,44.0,136,7.333023014386481,10.899999999999977,7045.126245430231,5984.0
0,298.0,308.4,42.0,15,7.29505641646263,10.399999999999977,6474.194140517845,630.0
1,300.3,311.6,62.8,118,7.173958319756794,11.300000000000011,8575.626410455083,7410.4
1,303.4,311.6,50.0,163,7.277247726631484,8.200000000000045,7571.238295151402,8150.0
0,302.4,311.2,47.9,154,7.280008252884188,8.800000000000011,7273.31059183597,7376.599999999999
0,297.5,308.4,42.8,209,7.321188556739478,10.899999999999977,6772.310339392493,8945.199999999999
0,297.4,308.5,61.5,61,7.24422751560335,11.100000000000023,9009.930650862849,3751.5
0,301.0,310.8,34.9,196,7.351799869057777,9.800000000000011,5694.052908827404,6840.4
0,298.6,309.6,62.5,9,7.21081845347222,11.0,8855.364292306229,562.5
1,303.5,312.8,45.7,89,7.226936018493289,9.300000000000011,6580.32761233162,4067.3
0,297.5,308.7,44.3,201,7.265429723253953,11.199999999999989,6629.252681923525,8904.3
0,298.3,308.5,41.2,105,7.362645270417825,10.199999999999989,6795.264909714723,4326.0
1,296.1,307.1,36.0,169,7.303843225277705,11.0,5598.318108697012,6084.0
1,298.1,308.8,41.8,93,7.268920128193722,10.699999999999989,6277.02778557855,3887.3999999999996
0,298.0,308.2,44.1,204,7.274479558773871,10.199999999999989,6659.359611520428,8996.4
0,300.5,311.0,18.9,9,7.637716432664798,10.5,4104.867793033495,170.1
0,298.9,309.6,39.8,202,7.367708572374371,10.700000000000045,6597.700619705973,8039.599999999999
0,298.8,309.5,32.8,157,7.406103381237015,10.699999999999989,5650.259107236362,5149.599999999999
2,301.2,310.5,43.6,78,7.317212408359839,9.300000000000011,6871.500891441835,3400.8
2,299.8,309.7,47.4,148,7.221835825288449,9.899999999999977,6790.364025175121,7015.2
1,299.1,310.2,28.1,17,7.445417556701687,11.099999999999966,5034.831578373633,477.70000000000005
1,298.9,309.9,37.1,70,7.31455283232408,11.0,5831.539475324007,2597.0
0,297.8,308.4,28.4,179,7.430114138561801,10.599999999999966,5011.259161496199,5083.599999999999
0,298.4,308.1,57.8,92,7.221105098182496,9.700000000000045,8274.180123367629,5317.599999999999
1,299.8,311.1,44.3,167,7.2813856635702825,11.300000000000011,6735.951640414947,7398.099999999999
0,304.0,313.3,54.6,102,7.166265974133638,9.300000000000011,7398.70202661625,5569.2
0,298.3,309.1,40.1,31,7.29505641646263,10.800000000000011,6181.313929399181,1243.1000000000001
0,297.5,308.4,39.5,96,7.306531398939505,10.899999999999977,6159.144757240349,3792.0
1,301.1,310.6,48.8,103,7.1785454837637,9.5,6694.52450528961,5026.4
0,301.0,312.1,49.9,48,7.228388451573604,11.100000000000023,7195.535229708598,2395.2
0,299.5,310.0,48.9,56,7.253470382684528,10.5,7230.563987796125,2738.4
1,297.1,308.4,38.2,150,7.367708572374371,11.299999999999955,6332.466423938899,5730.0
0,301.0,312.0,36.8,31,7.277938572945661,11.0,5576.285072219835,1140.8
0,301.9,310.8,37.6,83,7.340186835320115,8.900000000000034,6063.69270044878,3120.8
0,298.0,308.2,52.9,218,7.2196420401307355,10.199999999999989,7561.656437557952,11532.199999999999
0,298.2,308.1,42.5,154,7.334981878871814,9.900000000000034,6818.303255841048,6545.0
1,300.1,309.6,52.1,147,7.227662498728654,9.5,7507.31735662636,7658.7
0,299.1,308.8,53.6,207,7.1929342212158,9.699999999999989,7459.648924095893,11095.2
1,299.0,309.0,35.3,47,7.362645270417825,10.0,5822.156585265284,1659.1
0,301.5,310.6,28.0,220,7.365180126021013,9.100000000000023,4629.869813350398,6160.0
0,300.7,310.8,41.3,69,7.336285660021297,10.100000000000023,6634.4363098019485,2849.7
0,296.3,307.2,35.0,192,7.4067107301776405,10.899999999999977,6032.9050924436,6720.0
0,301.5,310.9,40.6,0,7.280697195384741,9.399999999999977,6169.1036059522285,0.0
0,299.0,310.3,34.4,83,7.368339686311381,11.300000000000011,5706.137568568212,2855.2
0,298.3,307.9,41.2,149,7.318539548567902,9.599999999999966,6501.882043771485,6138.8
2,303.3,311.3,39.5,38,7.315218389752975,8.0,6212.918351494293,1501.0
0,299.6,311.0,31.0,122,7.443663683115591,11.399999999999977,5544.7015940757465,3782.0
0,299.5,309.3,40.4,138,7.298445101508147,9.800000000000011,6248.711563794193,5575.2
0,300.2,310.3,50.9,34,7.27655640271871,10.100000000000023,7702.190348928535,1730.6
0,301.9,310.9,34.5,46,7.388327859577107,9.0,5838.3357874312715,1587.0
0,297.4,308.1,25.9,8,7.4673710669175595,10.700000000000045,4743.710659140979,207.2
0,297.7,308.4,38.6,72,7.32052696227274,10.699999999999989,6103.695646904489,2779.2000000000003
1,300.7,309.6,49.8,165,7.259819610363186,8.900000000000034,7410.577246846819,8217.0
0,297.7,309.7,37.7,196,7.3727463664043285,12.0,6281.1642159057765,7389.200000000001
0,297.5,308.6,28.9,0,7.3914152346753585,11.100000000000023,4905.795896115189,0.0
1,297.4,308.7,50.3,152,7.262628600974241,11.300000000000011,7506.050247589412,7645.599999999999
0,298.9,310.1,42.6,164,7.295735072749282,11.200000000000045,6571.143689807627,6986.400000000001
0,301.4,310.7,30.7,92,7.424165281042028,9.300000000000011,5384.951607640704,2824.4
0,302.5,311.9,44.9,94,7.327123292259293,9.399999999999977,7146.91384740654,4220.599999999999
0,300.8,310.6,36.2,144,7.418780882750794,9.800000000000011,6315.564655462586,5212.8
1,299.5,310.8,40.2,156,7.318539548567902,11.300000000000011,6344.069372806158,6271.200000000001
0,300.7,311.8,41.9,207,7.2991214627108,11.100000000000023,6485.105939001313,8673.3
1,299.0,308.7,40.2,30,7.313886831633462,9.699999999999989,6314.601233715485,1206.0
2,297.6,308.2,18.5,144,7.6362696033793735,10.599999999999966,4012.180337777085,2664.0
0,301.7,311.0,28.7,19,7.438971592395862,9.300000000000011,5109.2768522882,545.3
0,298.2,307.9,34.1,190,7.347299700743164,9.699999999999989,5538.533600499199,6479.0
0,303.3,311.8,62.0,42,7.182352111885263,8.5,8537.801634905862,2604.0
1,301.1,311.0,46.6,30,7.254177846456518,9.899999999999977,6895.356051658094,1398.0
0,301.2,310.9,37.9,164,7.37650812632622,9.699999999999989,6338.299314299063,6215.599999999999
2,300.9,310.7,30.7,200,7.4127640174265625,9.800000000000011,5323.868574479407,6140.0
0,297.4,309.4,35.4,51,7.390798521735676,12.0,6005.468516602248,1805.3999999999999
0,300.0,310.0,41.8,69,7.304515946460155,10.0,6504.646645306642,2884.2
1,298.9,310.0,36.6,129,7.305188215393037,11.100000000000023,5699.288896583388,4721.400000000001
1,303.7,312.4,32.3,206,7.404279118037268,8.699999999999989,5553.979764379346,6653.799999999999
2,298.8,309.8,48.2,164,7.271008538280992,11.0,7253.246286755044,7904.8
0,300.5,311.0,28.3,13,7.473069088032197,10.5,5212.9179939301275,367.90000000000003
0,301.2,310.9,53.3,66,7.256297239690681,9.699999999999989,7903.493134195059,3517.7999999999997
0,300.3,309.2,51.4,48,7.288244401020124,8.899999999999977,7869.354494026049,2467.2
0,297.3,308.6,37.7,155,7.369600720526409,11.300000000000011,6261.424542065722,5843.5
0,298.5,310.0,41.2,19,7.30854279753919,11.5,6437.1652351075345,782.8000000000001
0,299.1,309.0,43.0,40,7.280008252884188,9.899999999999977,6529.276731710787,1720.0
1,302.2,311.2,41.9,166,7.294377299288821,9.0,6454.391634824718,6955.4
1,301.4,310.7,42.0,168,7.226936018493289,9.300000000000011,6047.565858160351,7056.0
1,298.3,308.9,46.1,5,7.218176838403408,10.599999999999966,6579.992509115238,230.5
0,298.6,309.2,19.6,40,7.618742377670413,10.599999999999966,4176.85215270275,784.0
0,302.6,311.9,46.9,82,7.242797922793756,9.299999999999955,6861.165051611523,3845.7999999999997
2,297.7,309.7,51.1,191,7.273092595999522,12.0,7705.698460725045,9760.1
0,298.0,308.3,34.7,213,7.3427791893318455,10.300000000000011,5610.5493760949885,7391.1
1,298.2,307.9,36.6,105,7.333023014386481,9.699999999999989,5860.264104153329,3843.0
0,302.7,312.2,51.8,174,7.222566018822171,9.5,7426.117658506577,9013.199999999999
2,301.1,311.0,52.8,194,7.200424892944957,9.899999999999977,7403.60291115585,10243.199999999999
1,301.9,309.7,35.9,204,7.335633981927201,7.800000000000011,5763.220307083939,7323.599999999999
0,303.6,312.4,46.0,128,7.257707677160043,8.799999999999955,6830.660186945168,5888.0
0,302.8,312.5,43.4,68,7.288244401020124,9.699999999999989,6644.552238146509,2951.2
0,303.8,312.9,23.7,16,7.506591780070841,9.099999999999966,4514.500059135068,379.2
0,302.0,310.8,23.4,188,7.551186867296149,8.800000000000011,4660.741197159673,4399.2
1,298.8,309.6,33.3,170,7.434847875211999,10.800000000000011,5903.775162405546,5660.999999999999
1,300.8,312.6,35.6,114,7.370860166536716,11.800000000000011,5920.100972228703,4058.4
0,298.4,308.7,35.0,99,7.370860166536716,10.300000000000011,5820.32398955069,3465.0
0,299.3,309.1,38.0,151,7.309212365692763,9.800000000000011,5941.170586958778,5738.0
0,300.7,311.2,51.4,61,7.284820912568604,10.5,7842.441516960296,3135.4
1,298.4,309.2,46.4,128,7.254884810077338,10.800000000000011,6870.621245498829,5939.2
1,299.4,308.7,60.5,104,7.162397497355718,9.300000000000011,8166.517743129106,6292.0
1,298.6,309.5,36.7,182,7.358193752733032,10.899999999999977,6026.161140213893,6679.400000000001
0,302.1,310.6,47.6,93,7.286191714702382,8.5,7272.61944145218,4426.8
0,299.9,309.2,25.6,115,7.474204806496124,9.300000000000011,4720.934112402454,2944.0
0,299.3,310.4,32.6,177,7.396335293800808,11.099999999999966,5561.18448353158,5770.2
0,298.6,309.6,35.7,23,7.385230923066573,11.0,6022.715860270457,821.1
1,297.5,308.7,38.0,123,7.344072850573066,11.199999999999989,6152.076173769771,4674.0
1,301.7,309.9,40.9,106,7.335633981927201,8.199999999999989,6565.897230076131,4335.4
1,300.8,311.9,29.0,113,7.474204806496124,11.099999999999966,5347.933174205905,3277.0
2,299.0,310.2,38.0,68,7.401231264413015,11.199999999999989,6514.197086973555,2584.0
0,301.5,310.1,42.2,52,7.340835554123275,8.600000000000023,6809.946619382499,2194.4
0,300.4,309.9,36.5,72,7.357556200910353,9.5,5989.498753946501,2628.0
1,297.2,308.7,38.1,88,7.243512974665482,11.5,5577.772092742534,3352.8
1,301.6,310.8,49.5,140,7.203405521083095,9.199999999999989,6961.612240722301,6930.0
2,302.7,311.5,35.0,164,7.350516171833998,8.800000000000011,5703.037863816671,5740.0
0,303.5,312.1,55.7,114,7.190676034332207,8.600000000000023,7734.412617578855,6349.8
1,300.6,309.7,42.6,23,7.264730177929867,9.099999999999966,6370.3959192432385,979.8000000000001
0,300.4,309.6,54.5,122,7.22983877815125,9.200000000000045,7870.26555589559,6649.0
0,298.0,308.8,33.7,212,7.384610383176974,10.800000000000011,5681.77975352738,7144.400000000001
0,300.3,311.7,27.8,178,7.428333194190806,11.399999999999977,4896.653861493243,4948.400000000001
0,301.6,310.7,39.5,24,7.3098814858247865,9.099999999999966,6179.826908876482,948.0
0,299.5,310.0,52.7,92,7.2078598714324755,10.5,7444.768246893388,4848.400000000001
1,300.3,309.6,46.6,95,7.31986492980897,9.300000000000011,7363.830348161403,4427.0
1,299.6,309.4,62.1,83,7.157735484249907,9.799999999999955,8343.47318533031,5154.3
0,298.9,310.2,32.5,63,7.441906728051625,11.300000000000011,5802.783430568147,2047.5
0,301.4,310.4,28.9,94,7.402451520818244,9.0,4960.2711127284365,2716.6
0,302.6,312.0,32.2,70,7.423568444259167,9.399999999999977,5644.688016263997,2254.0
1,300.5,312.0,54.1,27,7.232010331664759,11.5,7829.498155227506,1460.7
1,300.8,311.0,36.6,109,7.365812837209472,10.199999999999989,6055.733999059686,3989.4
0,296.8,307.8,36.4,126,7.3613754289773485,11.0,5995.9599628373835,4586.4
0,298.2,308.3,16.8,139,7.7039102096163115,10.100000000000023,3898.59081939879,2335.2000000000003
0,297.0,307.6,42.4,124,7.322510433997394,10.600000000000023,6717.897954632318,5257.599999999999
0,302.3,311.7,43.2,128,7.3427791893318455,9.399999999999977,6984.891442285403,5529.6
0,298.3,310.0,44.7,73,7.318539548567902,11.699999999999989,7054.226392150131,3263.1000000000004
0,302.5,310.4,20.3,50,7.584773077612199,7.899999999999977,4181.470293903526,1015.0
1,300.9,310.5,43.2,27,7.275864600546533,9.600000000000023,6532.502100168472,1166.4
0,297.3,308.1,36.9,206,7.404279118037268,10.800000000000011,6344.94901874916,7601.4
1,301.4,310.9,39.3,174,7.351158226430694,9.5,6407.8122877474925,6838.2
0,302.5,310.2,34.8,150,7.355001921105257,7.699999999999989,5695.958808370582,5220.0
0,303.4,311.9,44.6,78,7.268920128193722,8.5,6697.4985463350085,3478.8
1,299.3,308.5,60.6,44,7.174724309836376,9.199999999999989,8281.552394128053,2666.4
2,301.0,310.9,22.0,42,7.558516743045645,9.899999999999977,4414.147117803898,924.0
0,300.0,309.6,46.4,150,7.3310603052186325,9.600000000000023,7414.8288689046785,6960.0
0,296.8,307.9,48.8,31,7.278628942320682,11.099999999999966,7399.749224167446,1512.8
0,298.3,308.5,52.7,151,7.256297239690681,10.199999999999989,7814.523230245396,7957.700000000001
1,298.5,308.7,48.5,33,7.206377291472252,10.199999999999989,6841.289242089813,1600.5
1,301.0,309.7,58.4,162,7.161622002939187,8.699999999999989,7876.936204296711,9460.8
0,299.9,309.2,34.6,105,7.393263094763838,9.300000000000011,5884.24492807573,3633.0
0,301.8,310.8,43.4,29,7.344072850573066,9.0,7026.318577410739,1258.6
0,301.5,310.9,8.0,15,7.923348211930154,9.399999999999977,2312.212193042088,120.0
1,298.5,309.3,42.4,173,7.290292882446597,10.800000000000011,6504.7723090127865,7335.2
0,298.6,309.6,28.4,90,7.447751280047908,11.0,5100.480392858149,2556.0
0,300.4,311.4,23.9,131,7.5688956634069955,11.0,4845.424957288706,3130.8999999999996
1,300.5,310.0,37.0,181,7.365812837209472,9.5,6121.91688429531,6697.0
0,302.6,312.2,43.0,208,7.327123292259293,9.599999999999966,6844.483194620963,8944.0
0,296.5,307.3,37.2,164,7.356918242356021,10.800000000000011,6100.470278446804,6100.8
0,302.6,311.0,42.8,148,7.327123292259293,8.399999999999977,6812.648389064587,6334.4
0,302.2,311.5,31.2,172,7.4645098346365275,9.300000000000011,5698.095091375022,5366.4
0,298.4,307.9,45.3,23,7.277247726631484,9.5,6859.541895407169,1041.8999999999999
1,297.5,308.0,45.8,148,7.265429723253953,10.5,6853.719477022517,6778.4
0,300.6,310.1,49.9,19,7.303843225277705,9.5,7759.890933999469,948.1
0,302.0,310.1,50.4,172,7.251344983372214,8.100000000000023,7436.526802165471,8668.8
1,300.2,309.9,31.2,176,7.358830898342354,9.699999999999989,5126.325228421681,5491.2
1,300.5,312.0,60.8,146,7.142036574706803,11.5,8041.471883540721,8876.8
0,300.5,309.8,54.0,129,7.221105098182496,9.300000000000011,7730.202883423045,6966.0
0,299.8,309.1,30.3,200,7.419979923661835,9.300000000000011,5292.578311649652,6060.0
1,297.6,308.4,51.9,218,7.238496840894365,10.799999999999955,7560.022809378086,11314.199999999999
0,297.4,308.4,50.4,70,7.2633296174768365,11.0,7526.2506883519945,3528.0
2,298.0,308.0,39.6,51,7.327123292259293,10.0,6303.2915001625615,2019.6000000000001
2,297.1,308.2,42.2,199,7.331714969726466,11.099999999999966,6748.078188057803,8397.800000000001
0,299.9,311.3,45.7,153,7.328437352895162,11.400000000000034,7283.824455249984,6992.1
0,301.8,311.0,32.5,195,7.409741954080923,9.199999999999989,5619.000260333144,6337.5
0,300.7,309.8,48.4,151,7.249215057114389,9.100000000000023,7126.221223794894,7308.4
0,297.7,307.2,43.0,197,7.239214973779806,9.5,6268.105662442355,8471.0
0,300.5,310.4,33.1,71,7.440146680662688,9.899999999999977,5899.513068372177,2350.1
2,303.4,312.3,42.1,62,7.328437352895162,8.900000000000034,6710.043972998344,2610.2000000000003
0,299.8,309.2,25.9,63,7.473637108496206,9.399999999999977,4773.545317374571,1631.6999999999998
1,300.7,310.3,29.8,6,7.414572881350589,9.600000000000023,5177.156197556764,178.8
0,300.7,311.8,47.0,119,7.259116128097101,11.100000000000023,6988.996456686093,5593.0
0,302.4,311.3,38.2,120,7.315883504509785,8.900000000000034,6012.4428522932185,4584.0
1,298.1,308.0,18.4,45,7.6638772587034705,9.899999999999977,4102.249799155504,827.9999999999999
0,300.2,311.6,50.9,215,7.187657164114956,11.400000000000034,7046.571378050882,10943.5
1,299.4,309.1,50.0,134,7.273092595999522,9.700000000000045,7539.822368615503,6700.0
1,297.9,309.1,37.3,30,7.305860032684009,11.200000000000045,5812.197736553404,1119.0
2,300.8,310.5,40.1,220,7.352441100243583,9.699999999999989,6546.649739085138,8822.0
1,298.3,308.8,50.4,13,7.238496840894365,10.5,7341.525040320917,655.1999999999999
0,298.2,308.0,38.2,59,7.338888133838879,9.800000000000011,6152.453164888204,2253.8
0,297.2,307.9,75.4,172,7.190676034332207,10.699999999999989,10469.923004765631,12968.800000000001
0,301.2,310.7,21.3,44,7.5766097669730375,9.5,4351.765559679117,937.2
1,303.3,311.8,40.6,205,7.337587743538596,8.5,6530.491480870175,8323.0
2,303.6,312.7,46.2,57,7.247080584585756,9.099999999999966,6787.787919199179,2633.4
1,297.1,308.1,37.7,210,7.317876198626496,11.0,5945.589760624828,7917.000000000001
0,297.6,309.3,34.3,8,7.342131730584722,11.699999999999989,5542.282567732481,274.4
0,303.7,312.4,51.0,152,7.207118856207756,8.699999999999989,7199.27372496637,7752.0
0,298.7,309.0,35.1,152,7.356279876550748,10.300000000000011,5752.41322835559,5335.2
2,297.9,308.4,34.5,191,7.401231264413015,10.5,5914.205250015465,6589.5
0,298.2,307.7,44.5,89,7.286191714702382,9.5,6798.98246102147,3960.5
0,299.7,309.2,46.1,173,7.252762418053187,9.5,6811.716383244021,7975.3
0,299.1,310.6,26.0,90,7.493873886783559,11.5,4889.993685067633,2340.0
2,302.2,311.8,62.4,31,7.193685818395112,9.600000000000023,8690.901916890803,1934.3999999999999
1,298.2,308.8,40.4,20,7.394493107219038,10.600000000000023,6879.082601712498,808.0
0,300.5,310.5,60.9,73,7.251344983372214,10.0,8985.803219283278,4445.7
0,300.0,309.2,32.1,150,7.384610383176974,9.199999999999989,5412.021664339137,4815.0
2,299.2,310.1,36.1,5,7.341483852363161,10.900000000000034,5829.350832442005,180.5
0,301.8,310.6,43.8,70,7.328437352895162,8.800000000000011,6980.99586739495,3066.0
0,299.6,310.1,42.9,42,7.305188215393037,10.5,6680.314034519873,1801.8
2,301.4,310.7,44.4,96,7.337587743538596,9.300000000000011,7141.7197475526045,4262.4
0,301.5,310.7,27.9,135,7.430707082545968,9.199999999999989,4925.954448975724,3766.5
0,303.1,311.2,35.2,23,7.395721608602045,8.099999999999966,6001.028398985176,809.6
0,300.0,311.5,41.7,130,7.283448228756631,11.5,6353.714062252678,5421.0
1,297.9,307.7,42.8,125,7.331714969726466,9.800000000000011,6844.0224276984345,5350.0
2,302.2,311.1,30.6,105,7.395721608602045,8.900000000000034,5216.803096845068,3213.0
0,299.4,309.0,28.4,139,7.415175109613295,9.600000000000023,4936.90813536124,3947.6
0,302.8,312.4,46.2,70,7.239214973779806,9.599999999999966,6734.569339647368,3234.0
0,298.2,307.8,42.9,60,7.3277805384216315,9.600000000000023,6833.058269337406,2574.0
0,297.7,308.7,29.1,102,7.43543801981455,11.0,5162.202216525677,2968.2000000000003
1,302.9,312.3,25.0,180,7.501082124259871,9.400000000000034,4735.950925286614,4500.0
1,300.6,310.7,42.9,190,7.236339342754344,10.099999999999966,6235.558762551164,8151.0
0,300.8,309.6,45.8,47,7.312553498102598,8.800000000000011,7184.654847151665,2152.6
2,297.3,308.6,53.5,112,7.227662498728654,11.300000000000011,7709.049492888873,5992.0
0,304.0,313.2,37.8,127,7.38770923908104,9.199999999999989,6392.82689078987,4800.599999999999
0,301.9,310.8,43.2,62,7.330405211844402,8.900000000000034,6898.937467283186,2678.4
0,298.1,309.0,33.9,85,7.373374309910049,10.899999999999977,5651.599520101894,2881.5
0,299.9,311.4,28.9,160,7.3758821482150125,11.5,4830.135873041235,4624.0
1,295.6,306.3,45.5,53,7.2633296174768365,10.699999999999989,6794.531871428884,2411.5
0,298.8,310.6,39.1,211,7.3796321526095525,11.800000000000011,6559.4569651362735,8250.1
1,298.5,308.8,34.9,18,7.348587530927593,10.300000000000011,5675.779311559023,628.1999999999999
0,298.5,308.2,47.5,18,7.280697195384741,9.699999999999989,7217.54732223475,855.0
0,302.8,312.3,42.6,232,7.295735072749282,9.5,6571.143689807627,9883.2
2,300.4,311.4,50.7,122,7.2640301428995295,11.0,7576.359091176753,6185.400000000001
0,302.2,311.6,54.1,48,7.256297239690681,9.400000000000034,8022.11967279461,2596.8
0,298.2,308.8,31.5,30,7.418780882750794,10.600000000000023,5495.588028924626,945.0
1,301.1,310.5,60.7,100,7.177782416195197,9.399999999999977,8320.644278714222,6070.0
0,300.5,311.6,49.3,92,7.275864600546533,11.100000000000023,7454.915591164482,4535.599999999999
0,298.8,310.0,19.6,148,7.649216319820633,11.199999999999989,4306.160106324505,2900.8
2,300.4,311.6,30.8,203,7.447751280047908,11.200000000000045,5531.5069049306685,6252.400000000001
0,299.1,310.2,52.7,154,7.262628600974241,11.099999999999966,7864.191810098649,8115.8
0,303.7,313.1,49.1,188,7.212294468500341,9.400000000000034,6967.057667988525,9230.800000000001
1,300.8,311.2,40.1,87,7.305860032684009,10.399999999999977,6248.502124283955,3488.7000000000003
0,299.9,311.4,36.7,118,7.395107546562485,11.5,6252.9108259744935,4330.6
0,301.0,311.0,55.3,98,7.246368080102461,10.0,8118.985446280294,5419.4
1,301.3,311.4,23.2,215,7.516977224604321,10.099999999999966,4465.417909910483,4988.0
1,297.5,308.9,48.5,19,7.155396301896734,11.399999999999977,6501.002397828478,921.5
1,298.8,308.8,46.8,72,7.311886164077165,10.0,7336.624155781315,3369.6
0,299.4,309.3,41.5,30,7.330405211844402,9.900000000000034,6627.451502135468,1245.0
0,300.9,310.4,27.8,90,7.489412083508719,9.5,5205.242035879856,2502.0
1,299.6,309.0,26.1,146,7.459914766241105,9.399999999999977,4744.8102165697355,3810.6000000000004
2,300.0,309.4,38.5,37,7.312553498102598,9.399999999999977,6039.502437016138,1424.5
0,298.8,310.2,26.8,204,7.503840746698951,11.399999999999977,5090.971839093284,5467.2
0,298.6,309.4,48.2,136,7.273092595999522,10.799999999999955,7268.388763345346,6555.200000000001
0,299.8,309.5,28.5,23,7.372118028337787,9.699999999999989,4745.375703247381,655.5
2,300.4,309.5,50.7,131,7.344719054149673,9.100000000000023,8213.474081324763,6641.700000000001
1,298.5,309.4,37.5,94,7.3277805384216315,10.899999999999977,5972.953032637593,3525.0
0,298.4,309.5,15.3,98,7.675081857716334,11.100000000000023,3449.5629814212007,1499.4
0,303.7,312.7,22.4,166,7.595889917718538,9.0,4665.642081699273,3718.3999999999996
2,302.3,311.4,44.1,51,7.275172319452771,9.099999999999966,6663.977752721206,2249.1
1,304.2,313.4,54.8,44,7.252762418053187,9.199999999999989,8097.224681166428,2411.2
0,302.3,311.9,51.9,173,7.268920128193722,9.599999999999966,7793.72588687863,8978.699999999999
0,300.4,311.4,44.6,127,7.261927092702751,11.0,6650.793535551641,5664.2
0,298.2,307.8,46.9,117,7.265429723253953,9.600000000000023,7018.32846009511,5487.3
1,297.3,308.4,28.9,17,7.418180822726788,11.099999999999966,5038.957536725348,491.29999999999995
0,303.4,312.3,30.6,67,7.427144133408616,8.900000000000034,5383.43317119147,2050.2000000000003
0,298.5,309.8,40.9,157,7.292337176173877,11.300000000000011,6287.499761090517,6421.3
1,300.9,310.2,38.1,137,7.335633981927201,9.300000000000011,6116.398153200504,5219.7
1,298.7,309.1,49.5,200,7.261225091971921,10.400000000000034,7376.302470996155,9900.0
2,300.9,311.3,58.9,77,7.16703787691222,10.400000000000034,7987.551681629608,4535.3
1,297.5,308.6,44.9,198,7.29505641646263,11.100000000000023,6921.221831172648,8890.199999999999
0,299.4,310.5,46.3,173,7.224753405767971,11.100000000000023,6652.175836319219,8009.9
1,298.8,309.9,27.7,50,7.462789157412448,11.099999999999966,5050.183494474177,1385.0
0,303.8,312.9,34.6,14,7.3613754289773485,9.099999999999966,5699.4564481915795,484.40000000000003
1,300.9,312.0,41.4,193,7.277938572945661,11.100000000000023,6273.320706247314,7990.2
0,302.3,311.0,37.2,180,7.3537223303996315,8.699999999999989,6080.992403994547,6696.000000000001
1,301.0,310.6,27.3,14,7.4377951216719325,9.600000000000023,4854.326136473876,382.2
0,298.9,310.3,39.0,32,7.270312886079025,11.400000000000034,5864.725165721426,1248.0
0,300.1,310.5,36.0,109,7.334981878871814,10.399999999999977,5775.503934359475,3924.0
0,299.6,310.2,36.6,17,7.395107546562485,10.599999999999966,6235.8729218165245,622.2
0,302.5,310.2,50.6,148,7.1929342212158,7.699999999999989,7042.131260433809,7488.8
0,300.5,311.3,46.3,49,7.297091005160418,10.800000000000011,7151.573876509365,2268.7
0,300.5,310.5,34.5,63,7.4067107301776405,10.0,5946.72073398012,2173.5
0,299.0,310.0,38.0,168,7.31986492980897,11.0,6004.840198071531,6384.0
0,301.8,311.2,52.3,68,7.19668657083435,9.399999999999977,7306.1088191394465,3556.3999999999996
0,297.4,308.6,32.3,180,7.425953657077541,11.200000000000045,5675.747895632488,5813.999999999999
1,297.6,308.5,39.7,34,7.2909747781429814,10.899999999999977,6094.710691915223,1349.8000000000002
0,299.6,309.0,48.5,153,7.254177846456518,9.399999999999977,7176.4971782278435,7420.5
0,297.9,308.6,15.7,125,7.724446645633537,10.700000000000045,3718.954551466525,1962.5
0,303.1,312.8,44.1,109,7.290292882446597,9.699999999999989,6765.576859138299,4806.900000000001
0,303.4,312.2,32.7,195,7.4127640174265625,8.800000000000011,5670.700403435721,6376.500000000001
1,303.4,311.5,24.7,125,7.505492274737424,8.100000000000023,4699.812137794818,3087.5
0,301.0,311.7,31.3,150,7.421177528595393,10.699999999999989,5473.806319859736,4695.0
0,298.9,309.8,36.5,110,7.388327859577107,10.900000000000034,6176.7900359780115,4015.0
1,298.1,308.8,16.3,195,7.699389406256737,10.699999999999989,3765.492010641702,3178.5
0,302.2,311.5,52.4,157,7.205635176410364,9.300000000000011,7385.926216491652,8226.8
0,298.2,308.4,49.4,209,7.212294468500341,10.199999999999989,7009.626248444667,10324.6
2,300.9,309.5,43.4,126,7.293017679772782,8.600000000000023,6676.366099751861,5468.4
0,298.8,308.1,53.5,28,7.29505641646263,9.300000000000011,8246.890155183446,1498.0
1,304.1,313.2,18.9,45,7.615298339825815,9.099999999999966,4013.8244379324624,850.4999999999999
0,301.0,310.5,47.0,202,7.25063551189868,9.5,6929.934514798604,9494.0
0,295.6,306.3,32.7,56,7.400620577371135,10.699999999999989,5602.2136835874635,1831.2000000000003
0,297.2,307.9,35.8,140,7.365812837209472,10.699999999999989,5923.368228588435,5012.0
0,302.4,310.1,32.9,132,7.350516171833998,7.7000000000000455,5360.855591987671,4342.8
2,298.7,309.8,40.7,85,7.260522598089852,11.100000000000023,6060.697715452357,3459.5000000000005
0,301.0,311.0,25.8,174,7.498315870766981,10.0,4873.99250648535,4489.2
0,302.7,310.7,20.0,21,7.589841512182657,8.0,4140.619117431348,420.0
0,300.0,309.5,21.9,9,7.563200592358071,9.5,4414.723076457057,197.1
2,298.8,309.2,53.9,135,7.262628600974241,10.399999999999977,8043.2625913532665,7276.5
1,298.1,308.2,26.8,27,7.459914766241105,10.099999999999966,4872.065662991146,723.6
0,299.2,309.0,48.9,228,7.323830566202317,9.800000000000011,7758.005978407315,11149.199999999999
0,301.2,311.0,37.2,219,7.3758821482150125,9.800000000000011,6217.337525160345,8146.8
0,302.4,311.7,36.8,215,7.310550158534422,9.300000000000011,5761.262047663201,7911.999999999999
2,301.0,310.0,67.9,30,7.10085190894405,9.0,8617.891303621378,2037.0000000000002
0,300.0,310.2,29.7,64,7.424165281042028,10.199999999999989,5209.546017815274,1900.8
1,300.2,310.3,38.1,45,7.2991214627108,10.100000000000023,5896.957906347257,1714.5
0,298.2,308.2,50.2,43,7.270312886079025,10.0,7548.953931261938,2158.6
0,300.3,309.5,38.7,35,7.29641326877392,9.199999999999989,5973.612767094849,1354.5
0,300.2,310.1,30.5,43,7.408530566894626,9.900000000000034,5266.827723865728,1311.5
1,299.3,308.9,24.8,196,7.477604243197589,9.599999999999966,4588.9872209516825,4860.8
0,300.3,311.5,32.2,25,7.3453648404168685,11.199999999999989,5219.8190257925135,805.0000000000001
0,300.6,310.4,19.8,116,7.60489448081162,9.799999999999955,4161.416460798112,2296.8
0,302.4,311.7,26.9,112,7.451241684987676,9.300000000000011,4847.990591289137,3012.7999999999997
1,300.7,310.0,34.6,178,7.403670290012373,9.300000000000011,5945.841088037114,6158.8
0,301.6,311.1,29.2,111,7.427144133408616,9.5,5137.132307150029,3241.2
1,300.3,310.0,43.2,9,7.251344983372214,9.699999999999989,6374.165830427547,388.8
0,301.5,310.8,34.5,162,7.374001859350161,9.300000000000011,5755.240661743821,5589.0
0,297.9,308.5,34.3,61,7.326465613840322,10.600000000000023,5456.077265317977,2092.2999999999997
1,300.7,310.7,51.6,211,7.203405521083095,10.0,7256.953366086278,10887.6
0,303.4,311.9,31.6,202,7.4798641311650265,8.5,5860.494487614592,6383.200000000001
0,298.3,308.0,3.8,57,7.967973179662935,9.699999999999989,1148.4406104462848,216.6
0,299.5,310.0,50.4,85,7.22983877815125,10.5,7278.190532424545,4284.0
1,303.8,312.9,35.2,69,7.374629015218945,9.099999999999966,5875.6997960579665,2428.8
0,296.8,307.5,42.4,107,7.29641326877392,10.699999999999989,6544.7333675664495,4536.8
0,298.4,309.5,50.1,125,7.213768308118642,11.100000000000023,7119.4458556386535,6262.5
0,300.9,310.6,36.7,3,7.338888133838879,9.700000000000045,5910.864689827148,110.10000000000001
1,303.3,312.7,33.6,104,7.404279118037268,9.399999999999977,5777.514553657773,3494.4
0,296.9,307.8,49.1,163,7.262628600974241,10.900000000000034,7326.979466334794,8003.3
2,298.8,309.9,45.2,40,7.272398392570047,11.099999999999966,6811.266088297007,1808.0
1,299.7,310.5,39.3,131,7.30854279753919,10.800000000000011,6140.305673294322,5148.299999999999
0,301.0,311.4,39.5,75,7.2991214627108,10.399999999999977,6113.644023640857,2962.5
0,302.9,312.2,40.6,139,7.360103972989152,9.300000000000011,6679.298252895211,5643.400000000001
1,300.7,311.0,41.2,93,7.229113877793302,10.300000000000011,5945.317489261516,3831.6000000000004
1,299.1,308.8,41.0,209,7.307872780763706,9.699999999999989,6401.623350219921,8569.0
2,303.6,311.7,40.1,85,7.29776828253138,8.099999999999966,6198.110978120375,3408.5
0,298.6,310.0,48.0,42,7.19668657083435,11.399999999999977,6705.415359822055,2016.0
1,301.9,311.0,41.5,51,7.267525427828172,9.100000000000023,6223.28560725114,2116.5
1,297.7,308.8,45.6,190,7.236339342754344,11.100000000000023,6628.006516837602,8664.0
0,303.5,313.0,34.0,126,7.382124365737512,9.5,5718.117508553903,4284.0
0,297.0,307.7,28.5,186,7.4570320891223805,10.699999999999989,5166.192039195735,5301.0
0,301.1,310.7,49.1,0,7.227662498728654,9.599999999999966,7075.034207492406,0.0
0,300.9,312.4,52.5,125,7.21890970761906,11.5,7498.981664118835,6562.5
2,297.4,309.3,52.4,76,7.2196420401307355,11.900000000000034,7490.185204688784,3982.4
2,298.8,310.1,30.7,150,7.4413203897176174,11.300000000000011,5478.183605623738,4605.0
1,299.2,308.9,37.4,212,7.3613754289773485,9.699999999999989,6160.684137640608,7928.799999999999
2,299.1,310.6,48.0,148,7.195187320178709,11.5,6695.362263330567,7104.0
2,300.5,311.6,36.2,10,7.317876198626496,11.100000000000023,5709.027833809517,362.0
0,297.4,308.4,38.7,62,7.330405211844402,11.0,6180.298147774522,2399.4
0,301.1,311.3,35.6,34,7.392031567514591,10.199999999999989,6046.853763825538,1210.4
0,301.4,310.6,37.6,77,7.301147805856032,9.200000000000045,5831.382395691327,2895.2000000000003
1,297.2,308.5,31.6,197,7.385230923066573,11.300000000000011,5331.031405729592,6225.200000000001
1,299.5,309.2,40.9,169,7.311886164077165,9.699999999999989,6411.707862637944,6912.099999999999
0,301.7,310.7,55.0,194,7.1846291527173145,9.0,7591.135048624136,10670.0
2,298.2,307.9,39.7,181,7.307872780763706,9.699999999999989,6198.6450488714845,7185.700000000001
1,298.1,308.7,38.9,0,7.344719054149673,10.599999999999966,6301.856839517421,0.0
0,299.1,310.5,38.4,146,7.294377299288821,11.399999999999977,5915.24197559115,5606.4
0,299.7,309.2,64.8,71,7.190676034332207,9.5,8998.024014705741,4600.8
0,300.3,311.8,33.0,16,7.3453648404168685,11.5,5349.5039705327,528.0
0,301.5,310.6,20.2,124,7.5822291942764615,9.100000000000023,4150.295222804403,2504.7999999999997
1,302.2,311.3,47.0,98,7.226936018493289,9.100000000000023,6767.514174608012,4606.0
0,302.0,310.0,22.9,178,7.513709247839705,8.0,4393.286942584062,4076.2
1,298.7,310.2,33.3,36,7.377133712833954,11.5,5572.494217084502,1198.8
0,298.4,308.6,34.4,160,7.358830898342354,10.200000000000045,5652.102174926468,5504.0
1,301.4,310.7,32.3,5,7.4342573821331355,9.300000000000011,5723.102168897597,161.5
0,301.4,310.4,51.2,112,7.171656822768514,9.0,6975.508552226682,5734.400000000001
0,297.7,308.8,40.1,82,7.323830566202317,11.100000000000023,6361.882203152011,3288.2000000000003
0,297.8,307.5,48.6,109,7.238496840894365,9.699999999999989,7079.327717452313,5297.400000000001
0,302.6,310.8,36.4,160,7.304515946460155,8.199999999999989,5664.333442324444,5824.0
1,300.2,311.6,35.0,212,7.3833681469923835,11.400000000000034,5893.627818134452,7420.0
0,300.4,309.6,43.9,75,7.348587530927593,9.200000000000045,7139.447328866508,3292.5
0,299.4,309.2,40.8,73,7.358830898342354,9.800000000000011,6703.656067936044,2978.3999999999996
0,302.4,311.2,52.0,57,7.247792581767846,8.800000000000011,7645.379881776121,2964.0
0,297.9,307.7,37.7,15,7.338238150065589,9.800000000000011,6067.975738433174,565.5
1,301.4,310.3,29.1,166,7.384610383176974,8.900000000000034,4906.22524711118,4830.6
1,301.0,310.8,39.3,194,7.335633981927201,9.800000000000011,6309.0406147186295,7624.2
1,298.6,309.6,59.4,200,7.20414929203594,11.0,8360.15504232087,11880.0
2,301.3,311.0,59.3,134,7.201916317531627,9.699999999999989,8327.451062797001,7946.2
0,300.5,311.6,30.2,106,7.456454555176209,11.100000000000023,5471.188325981744,3201.2
0,298.6,309.9,38.6,36,7.350516171833998,11.299999999999955,6289.636044094958,1389.6000000000001
0,301.7,310.2,28.9,59,7.430707082545968,8.5,5102.51195610747,1705.1
2,301.9,310.8,42.7,85,7.283448228756631,8.900000000000034,6506.081305951782,3629.5000000000005
1,300.9,310.9,30.1,102,7.454719949364001,10.0,5443.6156144587385,3070.2000000000003
0,299.6,310.8,49.9,78,7.2399325913204695,11.199999999999989,7279.143482196135,3892.2
1,298.8,310.0,38.5,77,7.333023014386481,11.199999999999989,6164.485464751452,2964.5
1,302.7,311.8,30.0,12,7.455298485683291,9.100000000000023,5428.672105403162,360.0
0,302.3,311.2,40.6,66,7.346010209913293,8.899999999999977,6585.7625676223315,2679.6
0,298.8,309.1,49.1,128,7.306531398939505,10.300000000000011,7656.050824822813,6284.8
0,297.9,307.7,43.7,59,7.30854279753919,9.800000000000011,6827.769921703865,2578.3
0,301.2,310.0,37.6,32,7.389563953677635,8.800000000000011,6370.814798263717,1203.2
1,298.2,309.4,34.4,73,7.434847875211999,11.199999999999989,6098.794762364889,2511.2
2,299.7,309.2,49.6,132,7.292337176173877,9.5,7624.938585576764,6547.2
2,297.5,308.4,36.1,98,7.370230641807081,10.899999999999977,5999.468074633892,3537.8
0,298.3,308.8,30.4,33,7.406103381237015,10.5,5236.825514023945,1003.1999999999999
1,297.4,308.6,32.8,85,7.380879035564116,11.200000000000045,5509.431980551443,2787.9999999999995
1,300.3,311.7,36.8,0,7.277938572945661,11.399999999999977,5576.285072219835,0.0
0,297.6,309.0,45.4,64,7.305188215393037,11.399999999999977,7069.609724177208,2905.6
0,302.8,310.6,30.5,201,7.421775793644647,7.800000000000011,5337.09467955102,6130.5
0,299.2,308.5,51.1,98,7.23561914106675,9.300000000000011,7422.085947934469,5007.8
0,297.7,307.6,21.9,61,7.520234556474628,9.900000000000034,4228.960702850291,1335.8999999999999
0,300.3,309.2,26.4,169,7.4999765409521215,8.899999999999977,4995.634974032345,4461.599999999999
0,300.6,310.9,46.7,133,7.20414929203594,10.299999999999955,6572.714486134422,6211.1
0,301.7,309.8,39.3,114,7.307872780763706,8.100000000000023,6136.190186918119,4480.2
2,296.6,307.4,50.2,177,7.195937226475569,10.799999999999955,7007.489965440226,8885.4
0,297.6,308.3,27.7,13,7.463363045520021,10.699999999999989,5053.084231690991,360.09999999999997
1,302.4,310.1,36.6,97,7.327123292259293,7.7000000000000455,5825.769416816914,3550.2000000000003
2,302.2,310.0,43.6,38,7.292337176173877,7.800000000000011,6702.566982482801,1656.8
1,296.3,307.4,50.5,48,7.197435354096591,11.099999999999966,7059.944090779663,2424.0
1,300.4,309.6,30.3,161,7.387090235656757,9.200000000000045,5121.235848322866,4878.3
1,297.7,307.2,43.7,2,7.2485040723706105,9.5,6429.635884714432,87.4
0,300.8,311.4,57.6,43,7.183111701743281,10.599999999999966,7937.924989678403,2476.8
0,302.7,310.4,35.7,38,7.341483852363161,7.699999999999989,5764.759687484199,1356.6000000000001
0,298.1,307.6,42.9,171,7.312553498102598,9.5,6729.7312869608395,7335.9
0,300.8,311.7,31.4,219,7.364547014255642,10.899999999999977,5188.780090375046,6876.599999999999
1,300.5,309.7,43.3,9,7.237059026124737,9.199999999999989,6298.23353599028,389.7
0,297.5,308.7,26.2,164,7.474204806496124,11.199999999999989,4831.581005661887,4296.8
0,297.0,307.9,69.1,153,7.167809184316444,10.899999999999977,9378.031062083963,10572.3
0,300.1,311.4,47.7,73,7.257707677160043,11.299999999999955,7083.09762863662,3482.1000000000004
0,301.3,310.1,53.6,193,7.212294468500341,8.800000000000011,7605.586374830651,10344.800000000001
1,299.6,310.1,48.7,96,7.213768308118642,10.5,6920.499264862324,4675.200000000001
1,303.0,311.1,37.3,176,7.3310603052186325,8.100000000000023,5960.6275174600105,6564.799999999999
0,299.0,308.7,48.6,0,7.242082359256962,9.699999999999989,7104.774617946389,0.0
0,302.7,312.1,24.4,146,7.455298485683291,9.400000000000034,4415.319979061239,3562.3999999999996
0,301.4,311.3,42.3,48,7.242797922793756,9.900000000000034,6188.214961261566,2030.3999999999999
1,299.3,308.7,50.3,208,7.259116128097101,9.399999999999977,7479.713229176818,10462.4
1,301.2,310.9,50.8,118,7.215239978730097,9.699999999999989,7229.558678146975,5994.4
1,298.9,310.0,45.3,58,7.3537223303996315,11.100000000000023,7405.079459703037,2627.3999999999996
1,298.5,308.0,37.3,29,7.326465613840322,9.5,5933.285189398267,1081.6999999999998
0,300.7,310.5,47.4,192,7.337587743538596,9.800000000000011,7624.268379143997,9100.8
0,301.4,310.8,29.2,110,7.462214939768189,9.400000000000034,5320.601318119674,3212.0
0,298.4,309.4,46.3,121,7.2875606403097235,11.0,7083.694531240801,5602.299999999999
1,303.5,312.9,34.5,110,7.333676395657684,9.399999999999977,5527.632273991241,3795.0
0,300.9,310.5,40.5,57,7.3777589082278725,9.600000000000023,6781.598981671606,2308.5
0,298.2,308.0,44.1,166,7.313220387090301,9.800000000000011,6922.593659964717,7320.6
0,300.6,311.6,48.0,203,7.283448228756631,11.0,7313.627697557038,9744.0
0,300.5,311.5,31.2,57,7.443663683115591,11.0,5580.473862424622,1778.3999999999999
0,303.2,312.6,35.3,148,7.379008127628304,9.400000000000034,5918.268376514107,5224.4
0,300.3,310.4,29.2,39,7.422373700986824,10.099999999999966,5112.669772354077,1138.8
1,299.7,309.2,45.3,205,7.253470382684528,9.5,6698.25252857187,9286.5
1,300.5,311.9,27.5,209,7.456454555176209,11.399999999999977,4982.042349817813,5747.5
0,298.6,308.2,26.3,177,7.441906728051625,9.599999999999966,4695.790899198224,4655.1
1,297.5,309.4,39.3,112,7.301822342137932,11.899999999999977,6099.150809532297,4401.599999999999
2,301.2,310.7,27.3,35,7.466227556215481,9.5,4994.409752897445,955.5
2,301.6,310.5,27.1,35,7.488293515159428,8.899999999999977,5068.498979644605,948.5
0,299.7,311.2,23.7,183,7.515344571180436,11.5,4554.2097902764435,4337.099999999999
0,297.0,307.8,50.0,96,7.242082359256962,10.800000000000011,7309.4389073522525,4800.0
0,300.0,310.2,26.9,193,7.473637108496206,10.199999999999989,4957.852086385173,5191.7
0,300.8,311.7,32.2,12,7.412160334945205,10.899999999999977,5580.620470081789,386.40000000000003
0,302.0,310.5,60.6,90,7.142036574706803,8.5,8015.019673397495,5454.0
2,297.0,308.1,41.4,222,7.325148957955575,11.100000000000023,6576.798556584088,9190.8
1,299.2,308.6,35.4,64,7.397561535524052,9.400000000000034,6046.246389245844,2265.6
0,301.7,310.2,57.4,40,7.179307969504034,8.5,7880.3081804115645,2296.0
0,299.0,308.8,55.2,103,7.2485040723706105,9.800000000000011,8121.645328060335,5685.6
0,301.1,311.2,35.3,172,7.349873704738337,10.099999999999966,5748.2244381508035,6071.599999999999
1,301.5,310.7,39.4,17,7.282761179605593,9.199999999999989,5999.143443393021,669.8
0,301.8,310.3,27.3,29,7.476472381163905,8.5,5045.869040563247,791.7
0,297.7,308.9,27.2,193,7.447751280047908,11.199999999999989,4884.967136821889,5249.599999999999
0,298.1,307.7,29.1,109,7.441906728051625,9.599999999999966,5195.72301013948,3171.9
0,300.9,310.4,18.8,30,7.611842399580417,9.5,3978.8061518204495,564.0
2,302.8,311.0,43.5,47,7.270312886079025,8.199999999999989,6541.424223304667,2044.5
0,297.8,308.3,50.1,189,7.269616749608169,10.5,7528.66971469526,9468.9
1,301.0,310.4,30.9,177,7.418180822726788,9.399999999999977,5387.674321273816,5469.3
1,299.0,310.3,29.7,101,7.432483807917119,11.300000000000011,5253.088491994029,2999.7
0,301.0,310.9,28.5,197,7.503289630675082,9.899999999999977,5410.92210691038,5614.5
1,300.9,309.4,25.6,119,7.45298232946546,8.5,4621.743560353112,3046.4
1,302.9,311.0,40.7,52,7.246368080102461,8.100000000000023,5975.455834784954,2116.4
0,299.9,311.3,58.2,103,7.265429723253953,11.400000000000034,8709.31164984084,5994.6
0,297.9,307.9,43.6,89,7.2633296174768365,10.0,6510.804166907678,3880.4
1,299.7,309.6,42.7,163,7.298445101508147,9.900000000000034,6604.45504391119,6960.1
0,297.4,308.1,39.4,20,7.29641326877392,10.700000000000045,6081.662610427314,788.0
0,301.6,311.0,42.6,158,7.266827347520591,9.399999999999977,6383.779103947532,6730.8
2,299.8,310.6,44.6,116,7.261225091971921,10.800000000000011,6646.123034473303,5173.6
1,303.5,312.4,30.1,98,7.382124365737512,8.899999999999977,5062.215794337426,2949.8
1,297.8,309.4,58.7,129,7.112327444710911,11.599999999999966,7536.282840892459,7572.3
0,302.6,310.5,43.2,68,7.280008252884188,7.899999999999977,6559.6454606954885,2937.6000000000004
1,302.6,310.2,10.8,84,7.892452043520352,7.599999999999966,3026.484698762263,907.2
0,301.3,310.9,33.1,82,7.356918242356021,9.599999999999966,5428.1066187255165,2714.2000000000003
1,302.3,311.5,30.0,12,7.423568444259167,9.199999999999989,5259.026102109314,360.0
0,303.4,312.6,37.5,118,7.288244401020124,9.200000000000045,5741.260574435348,4425.0
1,298.9,310.5,38.5,27,7.330405211844402,11.600000000000023,6148.358622463024,1039.5
1,300.3,310.2,39.5,4,7.274479558773871,9.899999999999977,5964.732531860701,158.0
0,298.5,310.0,42.5,25,7.269616749608169,11.5,6386.596065360251,1062.5
1,303.7,313.0,54.4,2,7.1731917424865985,9.300000000000011,7422.871346097867,108.8
0,302.0,310.5,39.8,99,7.400009517162692,8.5,6814.4286249016195,3940.2
0,300.9,312.0,38.7,217,7.309212365692763,11.100000000000023,6050.613203034335,8397.900000000001
0,300.8,312.1,41.3,173,7.317212408359839,11.300000000000011,6509.013459095132,7144.9
1,298.7,309.5,38.8,116,7.313886831633462,10.800000000000011,6094.689747964198,4500.799999999999
1,304.0,313.1,42.8,101,7.280008252884188,9.100000000000023,6498.908002726085,4322.799999999999
1,297.6,309.0,45.6,179,7.2640301428995295,11.399999999999977,6814.240129342405,8162.400000000001
0,301.5,310.8,38.9,9,7.321849713788356,9.300000000000011,6159.2808929220055,350.09999999999997
1,301.2,310.9,45.2,68,7.261927092702751,9.699999999999989,6740.266094325879,3073.6000000000004
0,298.8,310.5,46.4,207,7.289610521451167,11.699999999999989,7113.5710773764395,9604.8
0,297.2,308.0,26.0,200,7.441906728051625,10.800000000000011,4642.226744454518,5200.0
0,299.2,308.9,50.8,195,7.202661196523238,9.699999999999989,7139.122697625637,9906.0
0,300.4,309.3,39.6,202,7.330405211844402,8.900000000000034,6324.026011676254,7999.200000000001
1,300.8,310.3,61.0,54,7.147559271189454,9.5,8112.639429120041,3294.0
0,300.7,309.6,26.0,195,7.501634457883413,8.900000000000034,4928.111675931189,5070.0
0,299.6,310.7,23.3,205,7.56164174558878,11.099999999999966,4689.622905621676,4776.5
0,300.4,309.6,56.9,170,7.234898420314831,9.200000000000045,8258.555935903776,9673.0
1,299.5,309.4,56.2,32,7.23561914106675,9.899999999999977,8162.842079724407,1798.4
0,297.5,308.4,38.1,106,7.380879035564116,10.899999999999977,6399.675562774695,4038.6000000000004
1,298.6,309.9,34.0,215,7.325148957955575,11.299999999999955,5401.235529561812,7310.0
1,301.8,311.0,49.5,168,7.2399325913204695,9.199999999999989,7220.793634643461,8316.0
1,298.9,308.2,49.2,11,7.192182058713246,9.300000000000011,6842.137472106284,541.2
0,303.7,312.8,38.3,61,7.342131730584722,9.100000000000023,6188.61289633102,2336.2999999999997
0,303.9,313.0,47.5,76,7.25063551189868,9.100000000000023,7003.657222402844,3610.0
1,302.5,310.4,35.6,176,7.365812837209472,7.899999999999977,5890.276785970623,6265.6
0,299.8,309.3,49.4,116,7.234898420314831,9.5,7169.994081434913,5730.4
1,303.3,311.8,33.3,72,7.367708572374371,8.5,5520.186699402233,2397.6
0,302.3,311.2,62.5,109,7.168579897264035,8.899999999999977,8488.845149387422,6812.5
0,300.1,309.4,23.6,26,7.527793987721444,9.299999999999955,4591.835598290937,613.6
0,302.3,311.6,34.3,139,7.418180822726788,9.300000000000011,5980.4928550062095,4767.7
0,298.0,307.8,37.7,119,7.282073658093465,9.800000000000011,5736.349217920235,4486.3
0,298.0,308.9,37.1,92,7.319202458767849,10.899999999999977,5858.735195728581,3413.2000000000003
0,297.1,308.5,44.4,207,7.188412736496954,11.399999999999977,6151.3640794349585,9190.8
0,301.5,310.9,39.0,160,7.3783837129967145,9.399999999999977,6534.51271946677,6240.0
0,299.8,310.0,53.8,167,7.216709486709457,10.199999999999989,7667.768965420704,8984.6
1,303.3,312.5,32.7,76,7.423568444259167,9.199999999999989,5732.338451299152,2485.2000000000003
0,298.5,308.0,48.1,32,7.247792581767846,9.5,7071.976390642912,1539.2
0,298.1,308.9,15.9,78,7.667158255319148,10.799999999999955,3556.5342112759326,1240.2
0,300.3,310.3,60.3,206,7.217443431696533,10.0,8600.486880320488,12421.8
0,301.0,310.4,43.6,173,7.29776828253138,9.399999999999977,6739.093233068537,7542.8
0,302.8,312.3,49.1,221,7.220373836723949,9.5,7023.616807728654,10851.1
1,298.6,309.1,43.2,206,7.305188215393037,10.5,6727.029517278753,8899.2
0,297.1,308.4,53.5,153,7.173958319756794,11.299999999999955,7305.668996167945,8185.5
0,300.5,310.5,36.6,54,7.323830566202317,10.0,5806.605701630015,1976.4
1,298.5,309.2,46.4,83,7.27931883541462,10.699999999999989,7040.686127813158,3851.2
0,302.9,311.2,36.9,71,7.399398083331354,8.300000000000011,6314.035747037838,2619.9
0,303.1,312.4,41.2,107,7.249925536717988,9.299999999999955,6070.436652678485,4408.400000000001
0,303.4,312.7,34.0,116,7.371489295214277,9.300000000000011,5657.58949009474,3944.0
0,297.8,307.8,37.9,33,7.3613754289773485,10.0,6243.046225042221,1250.7
0,297.5,308.7,45.0,19,7.282761179605593,11.199999999999989,6851.813577479339,855.0
0,300.8,310.2,40.0,155,7.323170717943469,9.399999999999977,6341.828370046595,6200.0
0,297.7,309.0,24.4,28,7.536363938404511,11.300000000000011,4788.373634699515,683.1999999999999
0,303.2,312.4,33.7,71,7.416979621381154,9.199999999999989,5868.819708146605,2392.7000000000003
0,297.7,309.2,58.6,170,7.2196420401307355,11.5,8376.428492266465,9962.0
0,297.1,308.1,30.3,206,7.470224135899966,11.0,5565.457049540462,6241.8
0,301.1,311.6,43.4,5,7.305860032684009,10.5,6762.718009823532,217.0
0,298.1,308.3,63.0,13,7.194436851100335,10.199999999999989,8781.065626048829,819.0
1,296.9,307.8,40.3,150,7.3427791893318455,10.900000000000034,6515.998266761613,6045.0
1,299.1,310.6,49.5,165,7.242797922793756,11.5,7241.528146157152,8167.5
0,301.0,311.5,31.8,195,7.352441100243583,10.5,5191.607523763277,6201.0
0,297.4,308.6,51.9,188,7.272398392570047,11.200000000000045,7820.9006633321815,9757.199999999999
1,302.1,311.5,31.6,23,7.400009517162692,9.399999999999977,5410.450868012342,726.8000000000001
0,300.0,310.2,36.4,66,7.304515946460155,10.199999999999989,5664.333442324444,2402.4
0,298.0,307.7,45.6,184,7.269616749608169,9.699999999999989,6852.4418960100575,8390.4
0,302.3,310.7,50.9,157,7.246368080102461,8.399999999999977,7472.990220898137,7991.3
2,301.4,311.1,41.4,144,7.27655640271871,9.700000000000045,6264.649910523406,5961.599999999999
1,300.0,311.3,32.1,55,7.396335293800808,11.300000000000011,5475.890242986617,1765.5
1,300.6,310.6,50.4,64,7.247080584585756,10.0,7404.859548217285,3225.6
1,297.6,308.5,40.9,90,7.347943823148687,10.899999999999977,6647.274951779618,3681.0
0,297.4,309.0,56.9,173,7.1891677384203225,11.600000000000023,7889.12558379264,9843.699999999999
1,302.5,311.4,35.0,157,7.400620577371135,8.899999999999977,5996.253178151718,5495.0
1,300.0,310.2,51.2,190,7.2399325913204695,10.199999999999989,7468.780486742327,9728.0
1,301.7,310.8,32.4,204,7.374629015218945,9.100000000000023,5408.314585007901,6609.599999999999
1,297.1,308.4,37.3,181,7.315218389752975,11.299999999999955,5866.882392676889,6751.299999999999
0,300.5,309.5,55.6,2,7.22983877815125,9.0,8029.114952436602,111.2
0,303.7,313.1,28.4,46,7.428927194802272,9.400000000000034,5005.311079405402,1306.3999999999999
1,299.7,310.5,41.2,126,7.307202314764738,10.800000000000011,6428.536327285675,5191.200000000001
0,298.7,309.9,29.5,42,7.409741954080923,11.199999999999989,5100.323313225469,1239.0
1,302.4,311.0,36.5,64,7.365812837209472,8.600000000000023,6039.188277750779,2336.0
2,297.8,307.3,35.8,190,7.349873704738337,9.5,5829.644047756339,6801.999999999999
0,300.7,311.0,36.9,174,7.3758821482150125,10.300000000000011,6167.1977064090515,6420.599999999999
2,298.8,309.8,44.2,35,7.32052696227274,11.0,6989.205896196332,1547.0
0,299.1,310.1,45.6,44,7.221105098182496,11.0,6527.726879335016,2006.4
0,297.5,308.5,55.6,128,7.226936018493289,11.0,8005.825278897988,7116.8
1,302.5,310.5,21.6,131,7.5595594960077,8.0,4338.413790901361,2829.6000000000004
0,297.1,308.4,29.5,100,7.434847875211999,11.299999999999955,5230.071089818727,2950.0
1,301.8,310.9,52.3,56,7.214504414151143,9.099999999999966,7437.553055765644,2928.7999999999997
0,302.4,310.4,23.9,129,7.531552381407289,8.0,4667.726004826154,3083.1
2,304.1,313.2,43.4,52,7.372118028337787,9.099999999999966,7226.291421787241,2256.7999999999997
0,299.9,309.5,39.4,18,7.280697195384741,9.600000000000023,5986.765568337877,709.1999999999999
1,302.5,311.5,52.7,139,7.214504414151143,9.0,7494.436826746643,7325.3
1,298.1,308.9,50.4,110,7.197435354096591,10.799999999999955,7045.964003471188,5544.0
2,298.8,310.5,55.8,202,7.166265974133638,11.699999999999989,7561.310862366057,11271.599999999999
1,300.5,311.1,61.3,202,7.167809184316444,10.600000000000023,8319.440001530345,12382.599999999999
1,302.5,312.0,43.5,184,7.270312886079025,9.5,6541.424223304667,8004.0
0,300.6,310.3,24.4,211,7.492760300922379,9.699999999999989,4583.960672705938,5148.4
1,303.6,311.9,36.0,95,7.388946097618437,8.299999999999955,6095.946385025634,3420.0
0,302.8,311.1,36.1,89,7.284134806195205,8.300000000000011,5504.237880697509,3212.9
0,300.5,309.8,21.4,164,7.570443252057374,9.300000000000011,4345.304350788235,3509.6
0,299.9,311.3,38.1,160,7.336936913707618,11.400000000000034,6124.377798540622,6096.0
2,296.4,307.3,37.4,75,7.340186835320115,10.900000000000034,6031.439015871924,2805.0
0,297.3,308.3,35.5,59,7.372118028337787,11.0,5910.906577729195,2094.5
2,300.6,309.4,28.0,36,7.433666540166168,8.799999999999955,4958.270965405652,1008.0
0,297.6,308.6,28.5,42,7.4645098346365275,11.0,5204.990708467569,1197.0
2,299.4,309.3,28.2,0,7.463936604468925,9.900000000000034,5147.248235494589,0.0
0,300.2,311.7,48.3,167,7.309212365692763,11.5,7551.540509213394,8066.099999999999
0,302.6,312.3,34.2,44,7.321849713788356,9.699999999999989,5415.100425139655,1504.8000000000002
1,297.5,308.5,42.2,22,7.311218384419629,11.0,6611.083804410266,928.4000000000001
0,296.9,307.8,38.1,135,7.351158226430694,10.900000000000034,6212.153897281921,5143.5
0,303.2,311.4,51.1,9,7.2078598714324755,8.199999999999989,7218.741127443114,459.90000000000003
1,301.2,310.0,31.6,173,7.3938782901077555,8.800000000000011,5377.359425394529,5466.8
1,300.2,309.7,43.0,137,7.254177846456518,9.5,6362.667601315408,5891.0
2,300.3,311.6,53.4,123,7.200424892944957,11.300000000000011,7487.734762418985,6568.2
2,301.9,311.0,29.9,13,7.422373700986824,9.100000000000023,5235.233773746128,388.7
1,297.5,308.3,37.2,103,7.392031567514591,10.800000000000011,6318.6224723120795,3831.6000000000004
1,302.3,310.7,33.9,119,7.352441100243583,8.399999999999977,5534.449530049531,4034.1
0,300.5,309.3,46.0,89,7.290292882446597,8.800000000000011,7057.064297513872,4094.0
1,301.8,309.6,49.0,214,7.270312886079025,7.800000000000011,7368.50084923974,10486.0
0,301.7,310.6,41.1,64,7.322510433997394,8.900000000000034,6511.924668287459,2630.4
1,301.2,309.9,50.8,15,7.284134806195205,8.699999999999989,7745.575743474611,762.0
0,298.9,308.7,51.7,64,7.271703706887368,9.800000000000011,7785.348306469058,3308.8
1,301.3,310.0,30.8,210,7.374001859350161,8.699999999999989,5138.011953093035,6468.0
0,300.9,310.8,39.9,51,7.360103972989152,9.900000000000034,6564.137938190121,2034.8999999999999
1,302.2,311.7,31.4,2,7.4109518755836366,9.5,5435.395113681844,62.8
0,297.4,308.6,48.1,88,7.277247726631484,11.200000000000045,7283.531239935649,4232.8
1,297.4,308.6,33.1,156,7.4133673356952405,11.200000000000045,5743.532993121444,5163.6
0,302.8,310.6,19.9,199,7.6093665379542115,7.800000000000011,4201.189023792558,3960.1
0,298.8,310.2,41.0,51,7.316548177182976,11.399999999999977,6457.438979698701,2091.0
2,298.5,309.4,21.0,59,7.60688453121963,10.899999999999977,4422.419978458352,1239.0
0,299.0,308.6,32.4,161,7.45876269238096,9.600000000000023,5883.323394230677,5216.4
0,302.6,310.5,28.2,2,7.466799475018602,7.899999999999977,5162.013720966461,56.4
0,302.9,312.2,55.1,50,7.221105098182496,9.300000000000011,7887.6699791964775,2755.0
1,298.1,307.9,55.1,42,7.228388451573604,9.799999999999955,7945.37056426741,2314.2000000000003
1,298.1,307.9,53.9,52,7.1731917424865985,9.799999999999955,7354.646425637408,2802.7999999999997
0,298.4,308.5,37.9,110,7.307202314764738,10.100000000000023,5913.6292913623065,4169.0
0,303.3,311.4,37.3,36,7.32052696227274,8.099999999999966,5898.130767604596,1342.8
2,302.4,311.2,40.8,204,7.317876198626496,8.800000000000011,6434.4844093764705,8323.199999999999
0,299.0,310.2,42.2,87,7.267525427828172,11.199999999999989,6328.256689783088,3671.4
0,295.9,306.7,40.9,107,7.344719054149673,10.800000000000011,6625.859761857649,4376.3
2,297.5,309.3,49.7,201,7.286191714702382,11.800000000000011,7593.470299163306,9989.7
0,297.3,308.3,37.7,45,7.326465613840322,11.0,5996.912912608973,1696.5000000000002
1,301.3,310.4,18.7,190,7.646831391430482,9.099999999999966,4098.636967603876,3553.0
0,297.3,308.1,28.4,54,7.475339236566737,10.800000000000011,5243.234363037269,1533.6
0,299.1,308.8,38.3,88,7.315218389752975,9.699999999999989,6024.171464866618,3370.3999999999996
0,303.3,312.6,34.6,102,7.392647520721623,9.300000000000011,5880.621624548589,3529.2000000000003
0,301.5,310.5,34.9,186,7.405495663199472,9.0,6008.358781843551,6491.4
0,298.1,307.9,32.0,7,7.418180822726788,9.799999999999955,5579.468552775473,224.0
0,298.1,307.8,28.2,76,7.474204806496124,9.699999999999989,5200.403983193328,2143.2
2,303.4,312.3,27.9,40,7.478734825567875,8.900000000000034,5168.453985906319,1116.0
0,300.3,309.6,44.7,179,7.292337176173877,9.300000000000011,6871.668443050027,8001.3
0,297.1,308.4,42.5,146,7.305860032684009,11.299999999999955,6622.477313767284,6205.0
0,299.4,308.9,34.1,176,7.367708572374371,9.5,5652.803797285771,6001.6
1,302.1,310.6,52.0,95,7.259819610363186,8.5,7737.9521453019,4940.0
0,300.6,310.4,47.7,120,7.284820912568604,9.799999999999955,7277.9077890857225,5724.0
0,299.5,310.8,52.4,112,7.157735484249907,11.300000000000011,7040.225360890631,5868.8
0,299.6,310.8,42.4,108,7.318539548567902,11.199999999999989,6691.257248929877,4579.2
0,299.4,309.2,35.7,75,7.350516171833998,9.800000000000011,5817.098621093005,2677.5
0,300.5,309.7,30.2,139,7.353081920515432,9.199999999999989,4933.5571031974105,4197.8
2,300.5,310.0,47.4,184,7.310550158534422,9.5,7420.75600704445,8721.6
1,300.5,311.6,36.5,4,7.363913501405819,11.100000000000023,6027.721464565177,146.0
0,302.5,311.5,35.1,131,7.309212365692763,9.0,5487.765463217187,4598.1
1,299.3,309.2,37.9,129,7.369600720526409,9.899999999999977,6294.641648389676,4889.099999999999
2,304.0,313.1,45.5,166,7.29505641646263,9.100000000000023,7013.710318894332,7553.0
0,303.7,312.2,34.9,92,7.3901814282264295,8.5,5916.990795501648,3210.7999999999997
1,302.2,310.8,46.8,49,7.25063551189868,8.600000000000023,6900.445431756907,2293.2
0,302.6,310.5,32.8,193,7.3758821482150125,7.899999999999977,5481.953516808046,6330.4
1,304.1,313.3,38.4,72,7.300472814267799,9.199999999999989,5951.433122960504,2764.7999999999997
1,297.4,308.4,29.5,59,7.424165281042028,11.0,5174.464899850189,1740.5
0,297.9,307.7,44.4,67,7.325148957955575,9.800000000000011,7053.37816213366,2974.7999999999997
1,300.3,311.9,30.8,48,7.425357887027151,11.599999999999966,5408.942903538619,1478.4
0,300.7,310.7,43.2,49,7.274479558773871,10.0,6523.454313326134,2116.8
0,298.0,307.6,48.7,138,7.280008252884188,9.600000000000023,7394.785507774775,6720.6
0,296.7,307.9,29.6,119,7.43307534889858,11.199999999999989,5238.501030105861,3522.4
0,299.0,308.9,31.9,42,7.392031567514591,9.899999999999977,5418.388625450411,1339.8
0,300.0,309.0,32.1,79,7.444248649496705,9.0,5744.810574133904,2535.9
0,297.8,308.4,32.1,183,7.385851078125209,10.599999999999966,5418.744672617819,5874.3
0,300.2,310.1,42.3,25,7.329093736246592,9.900000000000034,6746.35031209833,1057.5
0,302.2,311.4,32.1,41,7.383989457978509,9.199999999999989,5408.6601601997945,1316.1000000000001
0,297.3,308.3,45.9,64,7.242082359256962,11.0,6710.064916949367,2937.6
0,297.9,309.0,46.8,118,7.280008252884188,11.100000000000023,7106.282582420112,5522.4
1,301.7,310.7,31.3,78,7.395107546562485,9.0,5332.864001444186,2441.4
0,297.4,309.2,40.4,117,7.271008538280992,11.800000000000011,6079.484439520825,4726.8
1,300.9,310.7,43.0,133,7.259116128097101,9.800000000000011,6394.188247606425,5719.0
0,303.6,311.8,66.8,148,7.109062135687172,8.199999999999989,8548.231722515779,9886.4
0,297.6,309.2,33.1,155,7.385230923066573,11.599999999999966,5584.08669397625,5130.5
0,297.5,308.6,29.4,136,7.421775793644647,11.100000000000023,5144.609297665574,3998.3999999999996
2,301.0,310.4,44.9,86,7.321849713788356,9.399999999999977,7109.298511367559,3861.4
1,302.7,312.1,46.9,176,7.229113877793302,9.400000000000034,6767.849277824395,8254.4
0,303.8,312.8,40.0,154,7.315883504509785,9.0,6295.751677793945,6160.0
1,303.9,313.2,47.2,2,7.208600337960199,9.300000000000011,6672.742796224721,94.4
0,302.5,311.1,38.8,135,7.313220387090301,8.600000000000023,6090.626621465555,5238.0
2,300.6,311.7,36.7,17,7.313886831633462,11.099999999999966,5764.822519337271,623.9000000000001
0,302.0,310.5,30.9,146,7.409741954080923,8.5,5342.372555209051,4511.4
0,298.1,308.2,40.7,57,7.303843225277705,10.099999999999966,6329.209639554678,2319.9
1,303.3,312.1,30.0,80,7.434847875211999,8.800000000000011,5318.71636252752,2400.0
1,302.4,311.1,54.4,0,7.220373836723949,8.700000000000045,7781.7668908439655,0.0
0,302.9,312.2,37.8,92,7.322510433997394,9.300000000000011,5989.069402950509,3477.6
0,300.7,310.4,51.7,160,7.118826249062078,9.699999999999989,6680.88999317303,8272.0
2,298.3,308.0,30.8,2,7.401231264413015,9.699999999999989,5279.928165231197,61.6
0,302.0,310.4,43.4,167,7.278628942320682,8.399999999999977,6580.924514935803,7247.8
0,297.5,308.6,37.6,2,7.368970402194793,11.100000000000023,6240.878526111243,75.2
0,300.8,311.7,46.4,217,7.307202314764738,10.899999999999977,7239.904989952798,10068.8
0,301.9,310.4,23.4,163,7.541683099882111,8.5,4616.6332363032725,3814.2
2,303.5,311.5,33.5,73,7.396335293800808,8.0,5714.714116512512,2445.5
0,297.4,308.6,38.7,136,7.334981878871814,11.200000000000045,6208.666729436437,5263.200000000001
0,298.9,310.1,30.2,162,7.370230641807081,11.200000000000045,5018.945591521981,4892.4
1,298.4,308.7,31.7,117,7.368339686311381,10.300000000000011,5258.272119872452,3708.9
0,300.0,309.2,43.6,123,7.275864600546533,9.199999999999989,6592.988230725587,5362.8
2,297.9,309.2,34.7,5,7.363913501405819,11.300000000000011,5730.463967682511,173.5
0,300.4,310.1,33.5,191,7.387090235656757,9.700000000000045,5662.092439564884,6398.5
2,300.6,309.4,37.9,24,7.349873704738337,8.799999999999955,6171.606408099588,909.5999999999999
1,298.5,309.6,47.3,2,7.31986492980897,11.100000000000023,7474.445825494299,94.6
0,298.9,310.0,48.9,185,7.2813856635702825,11.100000000000023,7435.3958288101785,9046.5
1,297.5,308.5,30.3,26,7.416378479192928,11.0,5273.540260168898,787.8000000000001
1,301.7,311.0,55.8,39,7.179307969504034,9.300000000000011,7660.648022072566,2176.2
1,300.8,311.2,39.1,82,7.268920128193722,10.399999999999977,5871.573837706252,3206.2000000000003
2,300.0,309.6,32.3,89,7.396335293800808,9.600000000000023,5510.007939204601,2874.7
1,300.5,311.6,51.1,193,7.284134806195205,11.100000000000023,7791.317332510879,9862.300000000001
0,298.2,307.8,48.6,76,7.236339342754344,9.600000000000023,7064.059577155866,3693.6
0,297.5,308.6,36.0,141,7.3758821482150125,11.100000000000023,6016.778250155172,5076.0
0,301.1,310.8,27.5,101,7.45298232946546,9.699999999999989,4964.7635902230695,2777.5
1,300.4,311.8,33.1,209,7.348587530927593,11.400000000000034,5383.045708097527,6917.900000000001
2,300.6,310.5,51.2,58,7.282761179605593,9.899999999999977,7795.8412259320485,2969.6000000000004
0,298.3,309.9,43.9,116,7.288927694521257,11.599999999999966,6725.6995763887335,5092.4
1,298.5,308.0,49.2,149,7.218176838403408,9.5,7022.464890422337,7330.8
0,301.8,311.0,27.2,162,7.4798641311650265,9.199999999999989,5044.476267820155,4406.4
0,301.9,311.0,33.1,126,7.404279118037268,9.100000000000023,5691.539634704532,4170.6
1,297.6,308.7,46.6,54,7.297091005160418,11.099999999999966,7197.912368149815,2516.4
0,301.5,310.9,50.6,11,7.1846291527173145,9.399999999999977,6983.844244734205,556.6
0,300.4,310.8,49.3,142,7.242082359256962,10.400000000000034,7207.10676264932,7000.599999999999
0,300.4,311.2,28.9,171,7.422971251049421,10.800000000000011,5063.1687441090135,4941.9
0,299.0,310.2,43.5,159,7.335633981927201,11.199999999999989,6983.289230032071,6916.5
1,298.7,309.8,42.1,200,7.359467638255621,11.100000000000023,6921.661654144153,8420.0
0,303.3,311.3,33.7,14,7.373374309910049,8.0,5618.256750071795,471.80000000000007
0,299.7,310.8,36.0,190,7.371489295214277,11.100000000000023,5990.388871865018,6840.0
1,303.8,312.6,41.9,159,7.331714969726466,8.800000000000011,6700.106068237486,6662.099999999999
0,297.9,307.7,34.9,83,7.374001859350161,9.800000000000011,5821.968089706068,2896.7
2,299.2,308.4,53.2,59,7.236339342754344,9.199999999999989,7732.67426964387,3138.8
1,302.6,310.5,56.4,57,7.259116128097101,7.899999999999977,8386.79574802331,3214.7999999999997
0,302.2,311.6,35.9,152,7.343426229147367,9.400000000000034,5808.333577589489,5456.8
0,300.0,309.1,40.6,9,7.290292882446597,9.100000000000023,6228.626314762244,365.40000000000003
2,298.7,309.8,33.4,121,7.367077059881012,11.100000000000023,5533.2661968166785,4041.3999999999996
1,298.8,309.8,37.0,47,7.336285660021297,11.0,5943.683861081649,1739.0
1,302.2,311.0,47.4,161,7.29776828253138,8.800000000000011,7326.445395583684,7631.4
0,299.1,310.3,31.1,242,7.3901814282264295,11.199999999999989,5272.733918054478,7526.200000000001
1,298.0,309.0,55.9,79,7.2399325913204695,11.0,8154.3911954862515,4416.099999999999
0,300.9,310.9,34.0,181,7.379008127628304,10.0,5700.31515018356,6154.0
0,299.9,309.8,28.2,117,7.448333860897476,9.900000000000034,5067.5146139464805,3299.4
0,303.5,312.6,34.2,108,7.3796321526095525,9.100000000000023,5737.4278313979685,3693.6000000000004
0,298.5,308.8,29.6,13,7.421177528595393,10.300000000000011,5176.506935075022,384.8
1,299.6,308.9,27.8,161,7.430114138561801,9.299999999999955,4905.387489070224,4475.8
2,297.9,309.1,44.7,8,7.269616749608169,11.200000000000045,6717.196332273017,357.6
0,302.2,311.2,23.1,2,7.564757012905729,9.0,4663.882789813264,46.2
0,300.4,311.4,29.3,129,7.416378479192928,11.0,5099.496027160024,3779.7000000000003
0,298.9,308.2,23.8,26,7.511524648390866,9.300000000000011,4555.979554137966,618.8000000000001
0,299.1,310.4,31.0,129,7.4133673356952405,11.299999999999955,5379.139661231564,3999.0
0,302.5,310.2,32.2,64,7.369600720526409,7.699999999999989,5347.954118156929,2060.8
1,300.0,309.3,16.3,170,7.738052297689316,9.300000000000011,3913.995095376892,2771.0
0,297.2,308.7,38.5,86,7.31455283232408,11.5,6051.59756873246,3311.0
0,302.6,311.6,29.6,160,7.40184157874383,9.0,5077.316383025681,4736.0
1,300.0,311.4,24.1,213,7.491087593534876,11.399999999999977,4520.029262205387,5133.3
1,300.4,310.8,35.9,148,7.307872780763706,10.400000000000034,5605.3238603145155,5313.2
0,298.5,309.6,32.2,89,7.368970402194793,11.100000000000023,5344.582142042076,2865.8
1,298.8,309.8,46.7,59,7.298445101508147,11.0,7223.13935715814,2755.3
0,300.5,309.5,27.7,117,7.493317248862145,9.0,5206.823304182163,3240.9
1,298.0,308.5,33.0,24,7.368970402194793,10.5,5477.366791533804,792.0
0,297.2,308.6,23.0,30,7.4815557019095165,11.400000000000034,4272.775448392358,690.0
0,300.2,311.4,44.2,84,7.262628600974241,11.199999999999989,6595.77377621177,3712.8
0,300.8,310.7,39.4,175,7.330405211844402,9.899999999999977,6292.086486364758,6895.0
0,302.6,312.1,52.3,35,7.272398392570047,9.5,7881.177354379057,1830.5
1,301.7,310.6,22.1,99,7.537430036586509,8.900000000000034,4341.639159359046,2187.9
2,300.1,309.6,45.1,113,7.288927694521257,9.5,6909.545578476808,5096.3
2,300.7,309.6,48.5,7,7.237778191923443,8.900000000000034,7059.682291391863,339.5
0,300.7,312.3,24.0,60,7.549082710812286,11.600000000000023,4770.194285210741,1440.0
2,297.8,308.4,38.2,185,7.346655163176539,10.599999999999966,6200.456700635056,7067.000000000001
0,301.8,311.0,33.3,4,7.382124365737512,9.199999999999989,5600.391559848381,133.2
1,300.6,310.8,48.1,88,7.237059026124737,10.199999999999989,6996.421087324076,4232.8
1,297.0,307.9,46.2,165,7.254884810077338,10.899999999999977,6841.0064987509895,7623.000000000001
1,297.5,308.7,28.1,107,7.437206366871292,11.199999999999989,4993.634826709561,3006.7000000000003
0,297.4,308.2,49.7,41,7.246368080102461,10.800000000000011,7296.809704884822,2037.7
0,300.7,310.5,21.0,194,7.581209826196346,9.800000000000011,4310.265120725196,4074.0
1,303.0,311.2,35.7,207,7.387090235656757,8.199999999999989,6033.931346043773,7389.900000000001
1,301.4,310.5,52.5,201,7.310550158534422,9.100000000000023,8219.191779954295,10552.5
0,300.1,311.4,43.1,13,7.3031700512368,11.299999999999955,6697.917425355487,560.3000000000001
0,302.5,310.3,44.0,146,7.277247726631484,7.800000000000011,6662.689699733233,6424.0
1,297.3,309.0,39.5,168,7.350516171833998,11.699999999999989,6436.2855891645295,6636.0
1,299.7,308.9,35.4,82,7.347299700743164,9.199999999999989,5749.680042746968,2902.7999999999997
0,301.3,310.6,36.8,113,7.353081920515432,9.300000000000011,6011.7517019094275,4158.4
1,301.9,309.6,41.7,201,7.272398392570047,7.7000000000000455,6283.84504163684,8381.7
1,302.3,311.3,33.1,137,7.3938782901077555,9.0,5632.6138284987,4534.7
2,302.7,310.4,55.2,20,7.174724309836376,7.699999999999989,7543.592279799811,1104.0
1,300.8,312.4,25.1,136,7.502186486602924,11.599999999999966,4760.151660694767,3413.6000000000004
1,298.3,309.1,47.0,15,7.247792581767846,10.800000000000011,6910.247200836109,705.0
1,297.7,308.8,57.0,105,7.208600337960199,11.100000000000023,8058.185156457819,5985.0
0,300.3,311.8,46.0,182,7.254177846456518,11.5,6806.574643267646,8372.0
1,303.3,312.4,38.9,68,7.317212408359839,9.099999999999966,6130.765703602921,2645.2
0,298.1,307.9,33.3,40,7.4377951216719325,9.799999999999955,5921.211001632969,1332.0
0,298.0,309.0,32.4,90,7.426549072397305,11.0,5696.712790607443,2916.0
2,300.6,311.7,44.6,87,7.2640301428995295,11.099999999999966,6664.805038786651,3880.2000000000003
1,302.4,310.5,36.7,164,7.313886831633462,8.100000000000023,5764.822519337271,6018.8
0,298.2,308.1,58.3,35,7.175489713624222,9.900000000000034,7973.341210859871,2040.5
1,299.6,311.1,33.8,133,7.408530566894626,11.5,5836.68121530038,4495.4
0,297.4,309.2,38.8,26,7.264730177929867,11.800000000000011,5802.144640061916,1008.8
1,302.3,311.1,53.3,63,7.199678345691172,8.800000000000011,7468.131224260584,3357.8999999999996
0,303.8,313.1,25.8,211,7.533693709848633,9.300000000000011,5049.607535821018,5443.8
1,303.9,313.3,35.0,168,7.357556200910353,9.400000000000034,5743.3549695377405,5880.0
0,300.8,310.7,42.8,173,7.2875606403097235,9.899999999999977,6548.210063436421,7404.4
0,298.8,309.9,31.9,49,7.396335293800808,11.099999999999966,5441.772546768631,1563.1
0,300.0,309.5,38.8,87,7.317876198626496,9.5,6119.068506956055,3375.6
0,300.1,311.4,35.0,191,7.380879035564116,11.299999999999955,5878.967052417699,6685.0
0,301.3,310.6,47.5,42,7.280697195384741,9.300000000000011,7217.54732223475,1995.0
1,301.8,310.1,13.9,205,7.771910256435763,8.300000000000011,3452.694102099278,2849.5
0,299.0,308.6,22.3,102,7.5740450053721995,9.600000000000023,4544.397549221731,2274.6
2,298.9,310.1,62.7,161,7.220373836723949,11.200000000000045,8969.058530439645,10094.7
0,298.0,309.1,44.3,124,7.295735072749282,11.100000000000023,6833.372428602766,5493.2
0,300.4,310.6,48.7,24,7.233455418621439,10.200000000000045,7058.195270869164,1168.8000000000002
1,301.3,311.0,40.8,148,7.310550158534422,9.699999999999989,6387.4861832787665,6038.4
1,297.6,309.3,46.2,218,7.289610521451167,11.699999999999989,7082.909133077404,10071.6
2,303.6,312.4,45.6,9,7.270312886079025,8.799999999999955,6857.217116843513,410.40000000000003
0,301.4,310.8,36.9,97,7.342131730584722,9.400000000000034,5962.397281321531,3579.2999999999997
2,300.1,311.6,29.6,85,7.423568444259167,11.5,5188.90575408119,2516.0
0,302.8,312.4,39.7,239,7.329093736246592,9.599999999999966,6331.681025775501,9488.300000000001
1,301.6,310.8,32.0,58,7.417580402414544,9.199999999999989,5576.117520611644,1856.0
0,298.9,310.1,38.0,52,7.32052696227274,11.200000000000045,6008.819548766077,1976.0
0,298.2,309.0,43.8,171,7.201916317531627,10.800000000000011,6150.798592757313,7489.799999999999
0,297.9,308.9,40.6,45,7.2399325913204695,11.0,5922.509526596455,1827.0
0,298.5,309.3,40.1,131,7.359467638255621,10.800000000000011,6592.8416230684215,5253.1
1,301.5,310.5,44.1,184,7.253470382684528,9.0,6520.815375497119,8114.400000000001
0,298.6,309.8,45.7,144,7.317212408359839,11.199999999999989,7202.46767749752,6580.8
1,298.4,309.5,45.3,122,7.20414929203594,11.100000000000023,6375.6737949012695,5526.599999999999
0,297.4,308.1,57.4,66,7.207118856207756,10.700000000000045,8102.711996334699,3788.4
1,298.6,309.8,43.1,80,7.266128779556451,11.199999999999989,6454.192667289992,3448.0
1,302.5,312.1,47.6,37,7.282761179605593,9.600000000000023,7247.696139733701,1761.2
0,300.4,311.3,34.6,24,7.402451520818244,10.900000000000034,5938.594480982834,830.4000000000001
0,298.3,307.9,42.0,103,7.315218389752975,9.599999999999966,6606.1410319686165,4326.0
0,303.3,311.3,53.9,39,7.237059026124737,8.0,7840.064378519079,2102.1
0,299.6,309.2,26.5,167,7.446585099157725,9.599999999999966,4753.700923779395,4425.5
0,299.7,309.4,42.9,55,7.27655640271871,9.699999999999989,6491.629979745268,2359.5
0,297.0,307.7,39.4,126,7.315218389752975,10.699999999999989,6197.189444275321,4964.4
0,298.8,308.5,35.0,29,7.307202314764738,9.699999999999989,5461.135229490257,1015.0
1,302.7,312.1,32.1,188,7.355641102974253,9.400000000000034,5257.392473929448,6034.8
1,299.0,310.0,34.6,91,7.304515946460155,11.0,5384.229041330379,3148.6
0,301.5,310.5,39.1,48,7.350516171833998,9.0,6371.108013578053,1876.8000000000002
1,299.1,308.6,38.5,166,7.307872780763706,9.5,6011.280463011389,6391.0
2,300.7,312.1,43.1,159,7.307202314764738,11.400000000000034,6724.997954029431,6852.900000000001
0,297.0,307.9,47.7,191,7.270312886079025,10.899999999999977,7173.01001038236,9110.7
0,298.8,309.3,47.1,176,7.213768308118642,10.5,6693.131732546518,8289.6
0,297.5,308.2,56.5,189,7.191429330036379,10.699999999999989,7851.415999974051,10678.5
1,298.7,309.0,25.8,130,7.519692404116539,10.300000000000011,4979.36152408675,3354.0
1,302.3,310.9,30.4,218,7.444833273892193,8.599999999999966,5443.751750140394,6627.2
0,302.7,312.4,44.2,17,7.2682230211595655,9.699999999999989,6632.802681622082,751.4000000000001
0,300.8,312.4,23.8,127,7.509883061154913,11.599999999999966,4548.502563622422,3022.6
1,301.9,311.1,51.6,184,7.2305631534092925,9.200000000000045,7456.884322560734,9494.4
0,300.4,309.7,31.1,113,7.462214939768189,9.300000000000011,5666.80482854527,3514.3
0,298.3,308.0,56.9,81,7.216709486709457,9.699999999999989,8109.592084246062,4608.9
0,300.7,310.6,34.2,89,7.411556287811163,9.900000000000034,5923.66144390277,3043.8
2,299.3,309.0,40.6,123,7.262628600974241,9.699999999999989,6058.561432447916,4993.8
1,303.5,312.3,35.2,29,7.374001859350161,8.800000000000011,5872.013660677754,1020.8000000000001
0,300.5,309.5,38.5,108,7.341483852363161,9.0,6216.897702188841,4158.0
1,297.9,307.7,46.8,89,7.21890970761906,9.800000000000011,6684.806512014504,4165.2
1,296.9,307.8,24.6,91,7.511524648390866,10.900000000000034,4709.121724024956,2238.6
1,299.8,311.2,29.2,148,7.442492722794441,11.399999999999977,5216.635545236875,4321.599999999999
0,297.5,309.2,44.8,24,7.2633296174768365,11.699999999999989,6690.00061186844,1075.1999999999998
0,298.3,308.0,62.0,98,7.1252830915107115,9.699999999999989,8063.840023234281,6076.0
0,297.8,307.6,51.4,105,7.277247726631484,9.800000000000011,7783.232967415641,5397.0
1,299.6,310.9,29.8,206,7.396948602621014,11.299999999999955,5086.657385182354,6138.8
2,303.7,311.9,52.7,66,7.195187320178709,8.199999999999989,7350.949818281685,3478.2000000000003
0,300.4,309.5,29.2,215,7.445417556701687,9.100000000000023,5231.924629484345,6278.0
1,302.2,310.6,34.6,163,7.359467638255621,8.400000000000034,5688.586537610159,5639.8
0,300.7,311.1,13.8,163,7.798933310041217,10.400000000000034,3521.78819652723,2249.4
0,297.4,308.2,50.0,52,7.258412150595307,10.800000000000011,7429.866625739861,2600.0
1,300.8,311.1,32.1,116,7.367708572374371,10.300000000000011,5321.261052576928,3723.6000000000004
1,300.3,311.8,33.7,199,7.382746449738912,11.5,5671.192586284783,6706.3
0,298.2,308.7,45.1,49,7.249925536717988,10.5,6645.065364946595,2209.9
0,304.0,313.0,42.1,5,7.249925536717988,9.0,6203.0432785865105,210.5
2,299.2,310.5,48.9,30,7.1929342212158,11.300000000000011,6805.537917691961,1467.0
0,301.6,310.7,43.6,176,7.265429723253953,9.099999999999966,6524.5015108773305,7673.6
0,303.8,312.5,47.0,152,7.329093736246592,8.699999999999989,7495.944791220366,7144.0
0,300.8,311.3,41.4,75,7.288244401020124,10.5,6338.351674176623,3105.0
0,303.3,312.2,40.7,48,7.284820912568604,8.899999999999977,6209.871006620313,1953.6000000000001
0,297.6,308.5,37.1,121,7.362010551259734,10.899999999999977,6115.1519881145805,4489.1
0,302.4,311.1,42.8,163,7.356279876550748,8.700000000000045,7014.3386374250495,6976.4
0,298.3,308.5,36.1,168,7.3395376954076745,10.199999999999989,5818.009682962546,6064.8
0,297.7,309.1,39.3,56,7.355001921105257,11.400000000000034,6432.505206004708,2200.7999999999997
0,302.0,310.6,46.7,182,7.216709486709457,8.600000000000023,6655.851499723921,8499.4
0,298.5,309.6,45.1,115,7.288244401020124,11.100000000000023,6904.822717520911,5186.5
0,301.0,312.3,36.4,105,7.27655640271871,11.300000000000011,5508.049679783864,3822.0
1,296.9,307.4,37.9,27,7.3277805384216315,10.5,6036.664531652394,1023.3
1,297.6,308.8,31.6,79,7.428927194802272,11.199999999999989,5569.2897925778425,2496.4
0,298.9,310.1,48.0,181,7.274479558773871,11.200000000000045,7248.282570362371,8688.0
0,298.6,309.8,37.7,134,7.311218384419629,11.199999999999989,5906.110412944716,5051.8
1,301.4,311.2,47.6,52,7.268920128193722,9.800000000000011,7148.002932859785,2475.2000000000003
1,302.5,311.9,51.6,205,7.254884810077338,9.399999999999977,7640.604660942663,10578.0
0,301.5,310.4,34.0,55,7.342131730584722,8.899999999999977,5493.807793087591,1870.0
1,303.8,312.5,15.2,146,7.76004068088038,8.699999999999989,3731.0392112073337,2219.2
2,300.4,310.1,38.0,198,7.3031700512368,9.700000000000045,5905.356430707854,7524.0
0,302.8,312.5,28.4,66,7.43543801981455,9.699999999999989,5038.025530904783,1874.3999999999999
0,301.9,311.3,55.6,57,7.220373836723949,9.400000000000034,7953.423513436112,3169.2000000000003
1,303.6,311.8,34.7,94,7.414572881350589,8.199999999999989,6028.43355889999,3261.8
0,300.6,309.6,30.7,78,7.428333194190806,9.0,5407.455883015919,2394.6
1,298.9,309.3,32.5,55,7.398174092970465,10.400000000000034,5554.3358115467545,1787.5
0,302.4,312.0,36.4,12,7.343426229147367,9.600000000000023,5889.229588419426,436.79999999999995
0,297.6,308.9,47.7,209,7.27931883541462,11.299999999999955,7237.946730532061,9969.300000000001
2,296.3,307.2,42.0,196,7.261927092702751,10.899999999999977,6263.079114196612,8232.0
0,299.4,309.0,47.3,86,7.247792581767846,9.600000000000023,6954.35516169251,4067.7999999999997
0,302.2,311.5,34.0,19,7.388327859577107,9.300000000000011,5753.722225294586,646.0
1,303.3,311.3,46.1,41,7.356918242356021,8.0,7559.99139345155,1890.1000000000001
2,297.8,309.0,48.8,23,7.252053951852814,11.199999999999989,7205.55691027355,1122.3999999999999
0,300.1,310.5,44.3,121,7.240649694255466,10.399999999999977,6466.884701610493,5360.299999999999
0,296.9,307.8,35.0,102,7.360103972989152,10.900000000000034,5758.015735254492,3570.0
1,299.6,309.1,55.2,95,7.220373836723949,9.5,7896.204639238731,5244.0
0,300.3,311.7,55.2,18,7.195937226475569,11.399999999999977,7705.4471333127585,993.6
0,299.8,309.4,46.2,219,7.291656209174461,9.599999999999966,7097.423291136989,10117.800000000001
0,299.3,308.8,33.9,203,7.38025578842646,9.5,5690.649516786015,6881.7
0,302.4,311.8,40.2,143,7.290292882446597,9.400000000000034,6167.260538262123,5748.6
0,300.3,311.7,43.5,160,7.343426229147367,11.399999999999977,7037.952942204535,6960.0
1,297.1,307.9,20.3,159,7.591357046698551,10.799999999999955,4209.105837279605,3227.7000000000003
1,300.1,310.1,46.6,10,7.246368080102461,10.0,6841.676705183756,466.0
0,296.5,307.4,40.7,85,7.329093736246592,10.899999999999977,6491.169212822743,3459.5000000000005
0,297.7,308.8,34.2,114,7.388327859577107,11.100000000000023,5787.567650149261,3898.8
0,299.6,308.9,53.2,120,7.260522598089852,9.299999999999955,7922.091362704309,6384.0
0,298.4,309.3,40.8,139,7.346010209913293,10.900000000000034,6618.204747758401,5671.2
1,302.2,311.2,34.9,106,7.3537223303996315,9.0,5705.0170671884325,3699.3999999999996
0,295.5,306.1,32.8,67,7.409136443920128,10.600000000000023,5667.433147075986,2197.6
1,298.9,309.9,54.5,121,7.213768308118642,11.0,7744.706569507118,6594.5
2,301.2,309.9,50.7,25,7.217443431696533,8.699999999999989,7231.255138179914,1267.5
0,297.5,308.8,36.7,184,7.38025578842646,11.300000000000011,6160.673665665096,6752.8
1,302.7,312.2,35.5,167,7.368970402194793,9.5,5892.318821195456,5928.5
0,299.5,310.8,48.3,154,7.226209010100671,11.300000000000011,6949.642772712125,7438.2
0,298.3,308.4,49.2,166,7.1929342212158,10.099999999999966,6847.28968405817,8167.200000000001
0,298.8,309.9,38.8,53,7.346655163176539,11.099999999999966,6297.846072896338,2056.3999999999996
1,299.6,310.8,35.4,202,7.38025578842646,11.199999999999989,5942.448167971237,7150.799999999999
0,301.6,310.9,45.2,155,7.30854279753919,9.299999999999955,7062.132733661664,7006.0
0,302.6,310.3,33.2,82,7.404279118037268,7.699999999999989,5708.73461849518,2722.4
1,298.5,309.5,39.8,87,7.336936913707618,11.0,6397.643999525373,3462.6
0,300.0,309.9,33.4,76,7.3833681469923835,9.899999999999977,5624.204832162592,2538.4
0,303.5,312.4,32.7,175,7.362010551259734,8.899999999999977,5389.904852057864,5722.500000000001
0,301.2,311.4,28.0,6,7.471932078245122,10.199999999999989,5151.7930728667825,168.0
0,302.3,310.8,47.3,22,7.228388451573604,8.5,6820.617562429192,1040.6
0,299.3,310.2,49.2,16,7.310550158534422,10.899999999999977,7702.556868071455,787.2
0,297.9,307.7,50.7,13,7.21081845347222,9.800000000000011,7183.471513918813,659.1
0,300.0,311.2,47.3,60,7.257707677160043,11.199999999999989,7023.700583532749,2838.0
2,300.5,309.5,34.2,62,7.400009517162692,9.0,5855.614547026015,2120.4
1,303.4,312.6,9.8,65,7.903596289614301,9.200000000000045,2777.0422420672335,637.0
0,302.1,310.7,40.7,13,7.290292882446597,8.599999999999966,6243.967758887274,529.1
0,302.1,311.5,27.7,50,7.454719949364001,9.399999999999977,5009.573173438773,1385.0
0,303.6,312.0,52.9,86,7.177782416195197,8.399999999999977,7251.434634991472,4549.4
0,301.1,310.1,46.9,35,7.257002707092073,9.0,6959.392181913765,1641.5
1,302.3,310.9,36.1,109,7.366445148327599,8.599999999999966,5976.7857756749745,3934.9
1,303.1,311.0,47.6,16,7.32052696227274,7.899999999999977,7526.837118980665,761.6
1,302.4,311.0,44.2,106,7.289610521451167,8.600000000000023,6776.28969008704,4685.200000000001
1,297.7,308.1,48.8,183,7.293017679772782,10.400000000000034,7507.066029214074,8930.4
1,299.8,309.6,50.2,98,7.194436851100335,9.800000000000011,6996.97610202621,4919.6
0,295.6,306.2,48.6,124,7.2633296174768365,10.599999999999966,7257.456020910853,6026.400000000001
0,297.3,308.3,55.2,11,7.195937226475569,11.0,7705.4471333127585,607.2
1,302.6,310.4,36.1,77,7.334981878871814,7.7999999999999545,5791.547000843808,2779.7000000000003
0,300.6,312.0,29.4,134,7.421177528595393,11.399999999999977,5141.530536865055,3939.6
0,302.5,311.4,27.0,223,7.423568444259167,8.899999999999977,4733.123491898382,6021.0
1,303.8,313.2,29.6,147,7.457609289715606,9.399999999999977,5368.688629670622,4351.2
0,300.1,309.1,46.9,116,7.2991214627108,9.0,7258.984929335599,5440.4
0,298.4,309.3,28.4,66,7.448333860897476,10.900000000000034,5103.454433903547,1874.3999999999999
0,303.2,311.2,43.9,30,7.272398392570047,8.0,6615.366842394658,1317.0
0,298.9,309.8,61.9,216,7.160845906664299,10.900000000000034,8342.530707534232,13370.4
0,298.1,307.8,49.8,198,7.267525427828172,9.699999999999989,7467.942728701369,9860.4
1,298.5,309.7,34.0,205,7.347943823148687,11.199999999999989,5525.852038154206,6970.0
1,298.1,307.9,47.3,206,7.288927694521257,9.799999999999955,7246.596582304945,9743.8
0,302.3,311.7,25.3,200,7.492203042618741,9.399999999999977,4750.391779517615,5060.0
0,298.0,307.8,26.6,9,7.448333860897476,9.800000000000011,4779.996054289943,239.4
0,298.9,310.0,42.9,170,7.323830566202317,11.100000000000023,6806.103404369607,7293.0
0,296.5,307.3,34.5,166,7.365180126021013,10.800000000000011,5704.661020021025,5727.0
0,303.2,312.6,57.0,144,7.156176637480615,9.400000000000034,7646.3223595721975,8208.0
0,298.4,309.5,50.4,202,7.227662498728654,11.100000000000023,7262.356905450452,10180.8
0,302.0,310.5,44.4,85,7.223295679562314,8.5,6369.893264418663,3774.0
0,302.2,311.5,40.4,93,7.301147805856032,9.300000000000011,6265.634276221532,3757.2
0,299.6,310.7,52.1,110,7.2399325913204695,11.099999999999966,7600.067643735844,5731.0
1,298.9,308.6,34.2,93,7.293017679772782,9.700000000000045,5261.099553260683,3180.6000000000004
0,300.5,309.9,48.3,122,7.275172319452771,9.399999999999977,7298.642300599416,5892.599999999999
0,300.9,310.4,43.1,43,7.282761179605593,9.5,6562.5147819857675,1853.3
0,299.1,308.5,31.0,69,7.424761761823209,9.399999999999977,5440.819596997043,2139.0
1,300.4,311.7,33.0,200,7.321188556739478,11.300000000000011,5221.641149531595,6600.0
0,301.0,312.1,46.1,79,7.2485040723706105,11.100000000000023,6782.750898977924,3641.9
0,298.9,308.2,43.5,46,7.32052696227274,9.300000000000011,6878.5171150348515,2001.0
1,297.6,308.4,48.9,63,7.243512974665482,10.799999999999955,7158.872843441205,3080.7
0,301.2,311.0,32.9,129,7.385851078125209,9.800000000000011,5553.791268820131,4244.099999999999
1,300.6,309.7,22.8,15,7.5678626054638825,9.099999999999966,4617.638545952421,342.0
0,299.3,310.7,39.2,144,7.310550158534422,11.399999999999977,6136.996529032541,5644.8
0,300.9,310.7,35.8,205,7.329093736246592,9.800000000000011,5709.677096291257,7338.999999999999
0,302.2,311.9,38.0,156,7.3758821482150125,9.699999999999989,6351.043708497126,5928.0
0,299.3,310.5,41.3,17,7.333023014386481,11.199999999999989,6612.811680369739,702.0999999999999
0,300.0,311.4,29.6,30,7.412160334945205,11.399999999999977,5130.011363801893,888.0
1,302.3,311.4,45.6,59,7.299797366758161,9.099999999999966,7062.551612682143,2690.4
0,298.8,309.1,50.8,115,7.221835825288449,10.300000000000011,7277.436550187683,5842.0
0,298.8,309.9,47.2,73,7.20934025660291,11.099999999999966,6677.685568666368,3445.6000000000004
0,300.1,310.0,41.7,186,7.321188556739478,9.899999999999977,6598.255634408107,7756.200000000001
0,297.0,307.9,42.2,157,7.333023014386481,10.899999999999977,6756.916535389904,6625.400000000001
2,297.7,307.3,62.8,47,7.1308988302963465,9.600000000000023,8213.924376271778,2951.6
0,297.3,308.1,35.4,217,7.38770923908104,10.800000000000011,5986.9331199460685,7681.799999999999
0,303.5,312.9,52.9,66,7.195187320178709,9.399999999999977,7378.847161045562,3491.4
1,300.2,309.8,45.7,41,7.2909747781429814,9.600000000000023,7015.82565794775,1873.7
0,297.4,308.6,32.8,200,7.427144133408616,11.200000000000045,5770.477386113732,6559.999999999999
1,298.2,307.8,33.8,100,7.356918242356021,9.600000000000023,5542.9004142876865,3379.9999999999995
1,302.4,310.1,35.8,136,7.363913501405819,7.7000000000000455,5912.121326888584,4868.799999999999
1,299.3,308.8,49.0,165,7.274479558773871,9.5,7399.28845724492,8085.0
0,304.2,313.3,45.9,48,7.289610521451167,9.100000000000023,7036.916216628849,2203.2
0,300.5,311.9,41.8,205,7.321188556739478,11.399999999999977,6614.078789406687,8569.0
0,298.5,308.4,33.6,172,7.322510433997394,9.899999999999977,5323.61724706712,5779.2
1,299.2,308.3,51.8,104,7.21890970761906,9.100000000000023,7398.995241930584,5387.2
0,300.6,309.4,43.4,233,7.346010209913293,8.799999999999955,7039.953089527319,10112.199999999999
0,301.1,310.1,27.2,40,7.418780882750794,9.0,4745.396647198407,1088.0
0,300.5,310.8,51.8,157,7.2115567333138015,10.300000000000011,7344.750408778601,8132.599999999999
1,301.9,310.6,47.8,179,7.297091005160418,8.700000000000045,7383.266334711612,8556.199999999999
0,299.7,310.2,36.5,24,7.3987862754199485,10.5,6241.768644029761,876.0
1,297.6,308.8,49.7,104,7.213768308118642,11.199999999999989,7062.603972559702,5168.8
2,299.7,310.8,46.6,197,7.257707677160043,11.100000000000023,6919.755754600975,9180.2
0,298.8,308.6,55.8,155,7.1459844677143876,9.800000000000011,7409.383441638455,8649.0
1,303.4,311.5,43.0,117,7.302496423727326,8.100000000000023,6677.874064225583,5031.0
0,303.1,311.1,55.8,113,7.259116128097101,8.0,8297.57451666136,6305.4
2,295.7,306.2,49.8,151,7.285506548522785,10.5,7603.533867630304,7519.799999999999
2,302.5,311.8,14.7,198,7.771067086065406,9.300000000000011,3648.3315486138267,2910.6
0,298.3,309.4,35.6,138,7.359467638255621,11.099999999999966,5852.996553148025,4912.8
1,295.5,306.0,45.3,205,7.261225091971921,10.5,6750.4343825479955,9286.5
0,298.8,308.6,33.0,101,7.3777589082278725,9.800000000000011,5525.747318399087,3333.0
0,300.7,311.9,42.0,196,7.29776828253138,11.199999999999989,6491.787059377948,8232.0
0,299.1,308.3,40.1,60,7.2633296174768365,9.199999999999989,5988.147869105456,2406.0
1,302.2,311.2,29.6,115,7.416979621381154,9.0,5154.809001814228,3404.0
1,300.7,312.4,61.7,102,7.22402480828583,11.699999999999989,8858.317389400605,6293.400000000001
0,298.5,309.6,41.5,105,7.258412150595307,11.100000000000023,6166.789299364084,4357.5
1,300.6,310.7,38.2,187,7.356918242356021,10.099999999999966,6264.461414964191,7143.400000000001
0,298.6,309.8,16.2,218,7.7284157798410416,11.199999999999989,3852.6607348033067,3531.6
1,303.8,312.5,44.3,195,7.278628942320682,8.699999999999989,6717.395299807743,8638.5
1,301.4,310.6,30.3,2,7.396948602621014,9.200000000000045,5172.003985604876,60.6
2,302.1,310.1,29.9,176,7.38770923908104,8.0,5056.759895095691,5262.4
0,300.3,309.9,34.1,36,7.3914152346753585,9.599999999999966,5788.499655969826,1227.6000000000001
0,300.7,309.5,59.9,120,7.132497551660044,8.800000000000011,7847.164377916192,7188.0
0,298.9,310.1,43.4,50,7.2909747781429814,11.200000000000045,6662.73158763528,2170.0
1,300.7,310.7,46.5,183,7.206377291472252,10.0,6559.174221797451,8509.5
0,302.7,312.1,32.0,155,7.4318919168078,9.400000000000034,5656.542292543542,4960.0
0,297.3,308.5,44.5,177,7.323170717943469,11.199999999999989,7055.284061676837,7876.5
0,297.8,308.4,38.3,134,7.392031567514591,10.599999999999966,6505.463459396576,5132.2
0,297.8,308.8,32.9,70,7.365180126021013,11.0,5440.097030686717,2303.0
0,300.7,310.1,40.2,81,7.356279876550748,9.400000000000034,6588.233953843154,3256.2000000000003
2,299.5,309.4,44.4,154,7.234898420314831,9.899999999999977,6444.286178455671,6837.599999999999
1,303.7,312.7,36.3,200,7.385851078125209,9.0,6127.739302679963,7259.999999999999
0,300.1,311.3,40.0,201,7.344719054149673,11.199999999999989,6480.058446804546,8040.0
1,301.6,310.7,47.8,7,7.284820912568604,9.099999999999966,7293.165457406656,334.59999999999997
1,302.1,310.0,38.0,161,7.3343293503005365,7.899999999999977,6092.385913351566,6118.0
0,298.5,308.6,36.9,53,7.328437352895162,10.100000000000023,5881.249943079308,1955.6999999999998
0,298.7,309.9,38.0,74,7.289610521451167,11.199999999999989,5825.769416816912,2812.0
1,300.5,309.7,29.4,140,7.430114138561801,9.199999999999989,5187.711948872826,4116.0
1,303.7,312.8,33.8,63,7.399398083331354,9.100000000000023,5783.588299454713,2129.3999999999996
2,301.3,310.8,39.5,18,7.268920128193722,9.5,5931.6410892428885,711.0
0,298.7,309.1,32.7,2,7.382746449738912,10.400000000000034,5502.90793980749,65.4
2,303.4,311.8,28.3,175,7.434847875211999,8.400000000000034,5017.3224353176265,4952.5
1,299.2,308.5,47.2,132,7.29641326877392,9.300000000000011,7285.646578989066,6230.400000000001
0,300.3,309.9,41.4,2,7.331714969726466,9.599999999999966,6620.152535203626,82.8
0,300.0,311.4,31.9,0,7.399398083331354,11.399999999999977,5458.475347710218,0.0
1,298.5,309.3,31.8,23,7.38770923908104,10.800000000000011,5378.0924636803675,731.4
1,299.0,308.9,41.1,20,7.3310603052186325,9.899999999999977,6567.876433447895,822.0
1,296.9,308.0,44.8,57,7.311886164077165,11.100000000000023,7023.093208953053,2553.6
1,301.9,310.9,51.9,40,7.183870715062453,9.0,7157.836117865521,2076.0
0,299.8,309.0,36.1,95,7.357556200910353,9.199999999999989,5923.860411437498,3429.5
0,302.8,310.9,52.2,40,7.180069874302796,8.099999999999966,7171.879037027066,2088.0
0,300.6,312.0,55.1,136,7.249215057114389,11.399999999999977,8112.702260973113,7493.6
0,299.0,309.4,30.1,84,7.434847875211999,10.399999999999977,5336.445417069278,2528.4
0,301.3,310.6,47.6,45,7.227662498728654,9.300000000000011,6858.892632925427,2142.0
0,301.3,310.4,41.6,192,7.31455283232408,9.099999999999966,6538.869061279749,7987.200000000001
0,297.5,309.1,35.1,213,7.323830566202317,11.600000000000023,5568.630058120588,7476.3
1,301.6,310.8,34.2,143,7.3453648404168685,9.199999999999989,5544.03138764298,4890.6
0,301.3,310.3,36.3,129,7.353081920515432,9.0,5930.0702929160925,4682.7
1,297.0,308.1,43.1,51,7.318539548567902,11.100000000000023,6801.726118605607,2198.1
0,302.4,310.4,47.6,127,7.284134806195205,8.0,7257.665460421093,6045.2
0,297.0,307.8,61.2,200,7.183111701743281,10.800000000000011,8434.045301533304,12240.0
0,300.1,311.5,34.7,189,7.346010209913293,11.399999999999977,5628.718253608249,6558.3
0,297.1,308.0,58.0,162,7.207118856207756,10.899999999999977,8187.4093342754795,9396.0
2,297.6,308.3,44.3,43,7.244941546337007,10.699999999999989,6494.719212521298,1904.8999999999999
0,300.7,311.2,46.8,56,7.304515946460155,10.5,7282.714425845715,2620.7999999999997
0,298.1,308.7,28.8,41,7.421775793644647,10.599999999999966,5039.617271182603,1180.8
0,302.2,311.4,43.1,29,7.266128779556451,9.199999999999989,6454.192667289992,1249.9
0,297.8,307.4,41.2,155,7.257707677160043,9.599999999999966,6117.895645698716,6386.0
0,297.3,308.4,46.5,29,7.307872780763706,11.099999999999966,7260.377702078691,1348.5
1,302.1,311.5,50.8,99,7.201916317531627,9.399999999999977,7133.8029340655585,5029.2
1,298.9,309.8,50.6,115,7.218176838403408,10.900000000000034,7222.2911271416715,5819.0
0,300.5,311.7,54.7,104,7.251344983372214,11.199999999999989,8070.992382508954,5688.8
0,301.3,310.0,40.8,11,7.317876198626496,8.699999999999989,6434.4844093764705,448.79999999999995
0,300.9,310.4,39.1,17,7.340835554123275,9.5,6309.6898772003715,664.7
1,298.7,308.5,52.9,69,7.215975002651466,9.800000000000011,7533.958062328803,3650.1
1,300.2,309.4,53.6,186,7.1929342212158,9.199999999999989,7459.648924095893,9969.6
0,297.4,308.4,37.2,68,7.367077059881012,11.0,6162.7994766940255,2529.6000000000004
0,298.7,309.8,50.5,111,7.2196420401307355,11.100000000000023,7218.594519785947,5605.5
1,297.3,308.3,59.6,207,7.286191714702382,11.0,9106.052914087182,12337.2
1,302.8,312.3,42.7,241,7.256297239690681,9.5,6331.691497751013,10290.7
0,297.4,309.2,29.4,119,7.4377951216719325,11.800000000000011,5227.735839279559,3498.6
0,299.8,311.2,40.0,172,7.355641102974253,11.399999999999977,6551.267880285915,6880.0
1,302.6,311.4,29.5,151,7.471932078245122,8.799999999999955,5427.7819874846455,4454.5
2,298.3,309.3,41.7,5,7.333023014386481,11.0,6676.858282600924,208.5
1,297.9,307.9,54.4,82,7.198183577101943,10.0,7610.864250488682,4460.8
1,302.3,311.3,43.1,115,7.275864600546533,9.0,6517.380567529192,4956.5
0,297.8,307.8,56.5,98,7.232733136177615,10.0,8182.749305172655,5537.0
1,300.9,310.7,51.6,212,7.217443431696533,9.800000000000011,7359.620614005592,10939.2
1,297.8,308.4,36.6,152,7.365180126021013,10.599999999999966,6051.9012560223055,5563.2
1,299.8,311.0,20.0,185,7.575071699507561,11.199999999999989,4079.8816594619443,3700.0
0,300.0,309.0,16.9,112,7.684783943522785,9.0,3847.466634949371,1892.7999999999997
2,300.2,309.3,48.7,68,7.202661196523238,9.100000000000023,6844.001483747413,3311.6000000000004
1,298.1,308.0,48.8,156,7.226209010100671,9.899999999999977,7021.585244479332,7612.799999999999
1,298.0,308.6,55.7,214,7.227662498728654,10.600000000000023,8026.057135587108,11919.800000000001
0,300.7,311.7,38.4,205,7.313220387090301,11.0,6027.836656295807,7872.0
1,299.0,309.0,26.8,17,7.498315870766981,10.0,5062.906944721215,455.6
0,302.4,310.4,29.7,125,7.418780882750794,8.0,5181.55442727179,3712.5
0,300.9,310.8,30.4,55,7.43955930913332,9.900000000000034,5415.100425139654,1672.0
0,298.7,309.9,34.1,130,7.3914152346753585,11.199999999999989,5788.499655969826,4433.0
0,302.0,309.8,39.4,2,7.334981878871814,7.800000000000011,6320.968194826759,78.8
1,297.4,308.5,55.9,153,7.290292882446597,11.100000000000023,8575.867265891857,8552.699999999999
0,298.2,308.3,36.0,92,7.358193752733032,10.100000000000023,5911.2207369945545,3312.0
1,300.6,309.5,34.0,144,7.30854279753919,8.899999999999977,5312.223737710101,4896.0
2,295.6,306.0,52.4,0,7.242082359256962,10.399999999999977,7660.29197490516,0.0
1,299.7,309.1,38.5,170,7.38025578842646,9.400000000000034,6462.832047087362,6545.0
1,299.5,309.0,28.6,98,7.43955930913332,9.5,5094.46947891428,2802.8
2,299.8,309.3,32.1,183,7.3752557780097545,9.5,5361.599102249022,5874.3
2,302.6,310.4,36.0,74,7.387090235656757,7.7999999999999545,6084.636651472712,2664.0
0,302.0,310.5,15.8,133,7.6953031349635665,8.5,3635.094971566702,2101.4
2,299.0,310.1,19.7,137,7.627544390488503,11.100000000000023,4235.296248035032,2698.9
0,301.8,310.6,46.8,151,7.247080584585756,8.800000000000011,6875.941009058907,7066.799999999999
0,297.3,308.2,29.4,123,7.470224135899966,10.899999999999977,5400.146444108567,3616.2
1,297.5,309.2,27.4,215,7.498315870766981,11.699999999999989,5176.255607662735,5891.0
0,297.7,308.5,41.4,201,7.31455283232408,10.800000000000011,6507.432190792826,8321.4
0,301.9,310.7,50.3,20,7.223295679562314,8.800000000000011,7216.343045050873,1006.0
2,295.6,306.1,30.9,210,7.392647520721623,10.5,5251.769023079521,6489.0
0,300.7,309.5,37.2,48,7.340835554123275,8.800000000000011,6003.080906185521,1785.6000000000001
1,301.5,310.6,47.0,26,7.261927092702751,9.100000000000023,7008.68377064859,1222.0
1,301.5,310.6,47.4,34,7.247080584585756,9.100000000000023,6964.094098918637,1611.6
0,304.0,313.0,21.1,115,7.607381425639791,9.0,4445.68870804594,2426.5
1,302.0,310.5,32.9,94,7.402451520818244,8.5,5646.813827292926,3092.6
0,297.6,308.7,50.6,143,7.2196420401307355,11.099999999999966,7232.888766359781,7235.8
0,299.8,309.5,27.5,128,7.461640392208575,9.699999999999989,5007.960489209929,3520.0
0,303.2,311.2,45.6,25,7.2640301428995295,8.0,6814.240129342405,1140.0
0,301.3,310.0,31.4,0,7.418180822726788,8.699999999999989,5474.853517410932,0.0
0,303.1,311.4,24.5,159,7.512071245835466,8.299999999999955,4692.544586789514,3895.5
0,298.6,309.3,31.2,180,7.425357887027151,10.699999999999989,5479.188915272886,5616.0
2,298.9,308.7,41.6,187,7.313886831633462,9.800000000000011,6534.51271946677,7779.2
1,304.1,313.3,39.0,49,7.3098814858247865,9.199999999999989,6101.601251802096,1911.0
1,303.6,312.1,20.9,2,7.584773077612199,8.5,4305.060548895748,41.8
1,299.3,309.1,31.3,120,7.440733707389261,9.800000000000011,5581.971354922833,3756.0
0,302.1,311.2,39.3,155,7.326465613840322,9.099999999999966,6251.423805451793,6091.5
0,302.0,310.8,50.3,231,7.232733136177615,8.800000000000011,7284.81929292362,11619.3
1,302.2,311.2,49.8,94,7.206377291472252,9.0,7024.664005279849,4681.2
1,302.0,311.2,49.5,17,7.257707677160043,9.199999999999989,7350.384331604039,841.5
1,298.1,308.8,25.4,147,7.502186486602924,10.699999999999989,4817.0459036512775,3733.7999999999997
0,299.4,309.1,28.6,57,7.406103381237015,9.700000000000045,4926.750319114633,1630.2
1,302.4,311.9,36.6,212,7.272398392570047,9.5,5515.317230789169,7759.200000000001
0,299.0,310.1,40.3,83,7.293697720601438,11.100000000000023,6203.703013043763,3344.8999999999996
0,298.5,309.5,34.8,35,7.3537223303996315,11.0,5688.6703134142535,1218.0
2,301.2,310.6,50.5,114,7.284820912568604,9.400000000000034,7705.122502071887,5757.0
0,295.7,306.3,22.4,79,7.557994958530806,10.600000000000023,4492.058615612925,1769.6
0,299.1,308.3,52.3,38,7.266827347520591,9.199999999999989,7837.362608836993,1987.3999999999999
0,299.1,310.3,35.2,240,7.3901814282264295,11.199999999999989,5967.853180563267,8448.0
0,300.0,310.5,42.2,186,7.325148957955575,10.5,6703.886451397308,7849.200000000001
0,300.5,311.6,54.8,173,7.234177179749849,11.100000000000023,7948.019974071937,9480.4
0,298.2,308.4,43.1,65,7.22983877815125,10.199999999999989,6224.008173561467,2801.5
1,297.0,308.0,47.9,54,7.25063551189868,11.0,7062.6353884862365,2586.6
0,304.0,312.9,62.5,200,7.218176838403408,8.899999999999977,8920.814139256017,12500.0
0,298.9,310.1,44.4,76,7.2456550675945355,11.200000000000045,6514.029535365364,3374.4
0,299.7,309.1,27.8,192,7.447751280047908,9.400000000000034,4992.72376484002,5337.6
1,300.8,309.7,39.7,16,7.326465613840322,8.899999999999977,6315.0515286625,635.2
1,300.0,310.2,58.7,68,7.275172319452771,10.199999999999989,8870.192609631174,3991.6000000000004
2,300.4,309.6,43.3,66,7.256297239690681,9.200000000000045,6420.661401700676,2857.7999999999997
0,299.7,309.6,45.1,170,7.258412150595307,9.900000000000034,6701.739696417355,7667.0
0,298.9,310.3,32.6,230,7.367708572374371,11.400000000000034,5404.146738754139,7498.0
1,299.3,308.8,28.4,188,7.407924322559599,9.5,4901.21964281646,5339.2
1,302.2,311.5,25.7,85,7.530479995245536,9.300000000000011,5013.887627349702,2184.5
0,299.7,310.9,40.4,83,7.298445101508147,11.199999999999989,6248.711563794193,3353.2
0,299.2,309.0,33.7,193,7.38770923908104,9.800000000000011,5699.425032265043,6504.1
1,297.3,308.1,30.6,196,7.444248649496705,10.800000000000011,5476.361481884656,5997.6
1,301.5,310.5,32.8,205,7.3783837129967145,9.0,5495.692748679745,6723.999999999999
0,300.9,310.0,26.8,199,7.421775793644647,9.100000000000023,4689.6438495727,5333.2
0,299.5,309.1,47.8,223,7.29776828253138,9.600000000000023,7388.271939006331,10659.4
0,298.1,307.5,57.4,161,7.238496840894365,9.399999999999977,8361.181295921044,9241.4
0,301.2,309.9,29.7,30,7.431299675155903,8.699999999999989,5246.86813853992,891.0
0,301.1,311.2,37.0,165,7.355641102974253,10.099999999999966,6059.922789264472,6105.0
0,299.1,310.5,27.4,72,7.461640392208575,11.399999999999977,4989.74972379462,1972.8
0,298.7,308.5,42.5,46,7.302496423727326,9.800000000000011,6600.224365804355,1955.0
1,298.8,309.8,36.6,15,7.347299700743164,11.0,5944.58445097568,549.0
0,300.7,309.7,33.7,149,7.377133712833954,9.0,5639.43108455699,5021.3
1,298.9,309.8,13.9,89,7.804251383528112,10.900000000000034,3566.2312606000137,1237.1000000000001
0,300.1,309.6,34.5,53,7.404279118037268,9.5,5932.269407773606,1828.5
0,300.6,310.6,39.5,87,7.323170717943469,10.0,6262.555515421012,3436.5
1,298.9,310.6,25.3,197,7.450660796211539,11.700000000000045,4556.984863787115,4984.1
0,299.1,308.9,47.2,218,7.291656209174461,9.799999999999955,7251.0471718975305,10289.6
2,300.6,309.6,20.5,133,7.543802867501509,9.0,4053.073402151312,2726.5
0,300.4,309.8,63.1,146,7.181591944611865,9.400000000000034,8682.6709441384,9212.6
0,300.9,312.1,42.4,171,7.29641326877392,11.200000000000045,6544.7333675664495,7250.4
0,298.9,309.1,44.4,198,7.222566018822171,10.200000000000045,6365.243707291352,8791.199999999999
1,298.9,309.0,22.6,193,7.562681246721884,10.100000000000023,4553.4662800150945,4361.8
0,302.4,311.1,42.2,143,7.327123292259293,8.700000000000045,6717.143972395457,6034.6
0,297.9,307.6,37.8,120,7.371489295214277,9.700000000000045,6289.908315458269,4536.0
0,300.0,311.2,31.7,62,7.396335293800808,11.199999999999989,5407.654850550646,1965.3999999999999
0,299.2,308.5,50.0,144,7.201170883281678,9.300000000000011,7016.223593017205,7200.0
0,298.6,309.6,57.6,50,7.23561914106675,11.0,8366.186900215762,2880.0
0,304.0,313.0,15.0,117,7.764296006450518,9.0,3697.6545532751866,1755.0
0,297.9,309.1,43.0,4,7.316548177182976,11.200000000000045,6772.436003098637,172.0
0,300.8,310.0,52.7,178,7.292337176173877,9.199999999999989,8101.497247175312,9380.6
0,297.6,308.6,42.1,57,7.3310603052186325,11.0,6727.678779760496,2399.7000000000003
1,297.2,308.3,42.0,6,7.265429723253953,11.100000000000023,6285.07026277174,252.0
0,297.9,308.8,31.4,57,7.3864708488298945,10.900000000000034,5303.8671012515515,1789.8
0,303.0,311.3,56.2,146,7.2196420401307355,8.300000000000011,8033.36657449446,8205.2
0,302.2,311.5,34.0,170,7.453561871643373,9.300000000000011,6141.813637768045,5780.0
0,301.5,310.7,44.0,222,7.261225091971921,9.199999999999989,6556.713307552138,9768.0
1,301.0,311.5,43.9,165,7.333676395657684,10.5,7033.711792122187,7243.5
0,303.0,311.2,37.0,67,7.3098814858247865,8.199999999999989,5788.698623504553,2479.0
0,299.0,308.6,47.8,163,7.229113877793302,9.600000000000023,6897.722718123797,7791.4
0,301.9,310.4,24.8,17,7.443663683115591,8.5,4435.761275260597,421.6
0,298.9,308.6,46.4,2,7.328437352895162,9.700000000000045,7395.392882354468,92.8
1,298.4,309.2,33.5,116,7.37650812632622,10.800000000000011,5602.454539024237,3886.0
0,303.8,312.7,38.2,188,7.2875606403097235,8.899999999999977,5844.430477179236,7181.6
0,297.7,309.6,35.2,153,7.333023014386481,11.900000000000034,5636.100996344186,5385.6
0,303.6,312.7,44.1,118,7.257707677160043,9.099999999999966,6548.524222701781,5203.8
1,297.6,308.5,48.6,77,7.215975002651466,10.899999999999977,6921.556934389033,3742.2000000000003
1,301.7,310.3,26.7,33,7.488852955733459,8.600000000000023,4996.4832040488145,881.1
0,297.9,307.6,52.4,178,7.266128779556451,9.700000000000045,7846.860690626347,9327.199999999999
1,300.8,310.6,28.4,79,7.4205789054108005,9.800000000000011,4963.674504769825,2243.6
0,302.2,311.1,52.1,174,7.277938572945661,8.900000000000034,7894.686202789494,9065.4
1,300.5,309.9,19.8,189,7.598399329323964,9.399999999999977,4134.461595830312,3742.2000000000003
2,298.5,308.7,43.9,28,7.280008252884188,10.199999999999989,6665.936012141943,1229.2
1,298.7,309.9,29.1,195,7.411556287811163,11.199999999999989,5040.308421566392,5674.5
0,296.8,308.0,54.4,17,7.238496840894365,11.199999999999989,7924.185757806703,924.8
0,301.1,310.2,55.3,9,7.283448228756631,9.099999999999966,8425.908576560503,497.7
0,301.8,310.5,34.9,139,7.374001859350161,8.699999999999989,5821.968089706068,4851.099999999999
2,300.6,310.5,37.0,91,7.326465613840322,9.899999999999977,5885.5643969902385,3367.0
0,302.0,311.0,36.2,8,7.355001921105257,9.0,5925.1065765234225,289.6
0,297.8,309.7,49.2,208,7.201916317531627,11.899999999999977,6909.1162274808175,10233.6
0,298.8,309.8,36.2,57,7.31986492980897,11.0,5720.400399215511,2063.4
0,297.5,308.8,34.9,166,7.370230641807081,11.300000000000011,5800.0397729840115,5793.4
1,297.8,307.4,36.1,57,7.305860032684009,9.599999999999966,5625.21014181174,2057.7000000000003
1,298.2,309.0,45.8,80,7.277247726631484,10.800000000000011,6935.254278358683,3664.0
0,300.9,310.8,45.8,57,7.309212365692763,9.900000000000034,7160.674023229264,2610.6
0,297.3,308.6,59.8,182,7.149916836132109,11.300000000000011,7971.833246386148,10883.6
0,300.7,310.5,38.2,218,7.278628942320682,9.800000000000011,5792.426646786813,8327.6
0,298.8,310.0,49.6,149,7.237059026124737,11.199999999999989,7214.604697115888,7390.400000000001
0,297.4,309.2,37.9,191,7.286191714702382,11.800000000000011,5790.5940510722185,7238.9
0,298.9,309.0,65.7,191,7.252053951852814,10.100000000000023,9700.923955019924,12548.7
0,302.5,311.8,52.7,135,7.197435354096591,9.300000000000011,7367.5060115661045,7114.5
1,298.2,307.8,36.6,185,7.367708572374371,9.600000000000023,6067.232228171824,6771.0
0,298.2,308.2,38.2,61,7.277247726631484,10.0,5784.426057495672,2330.2000000000003
1,304.2,313.5,47.2,102,7.271008538280992,9.300000000000011,7102.763998648093,4814.400000000001
0,300.4,311.2,56.8,173,7.270312886079025,10.800000000000011,8541.445882384025,9826.4
0,300.0,309.1,23.8,84,7.5406215286571525,9.100000000000023,4690.565383417752,1999.2
0,300.9,310.2,50.4,131,7.232010331664759,9.300000000000011,7294.0241593986375,6602.4
0,302.6,312.0,28.5,196,7.485491608030754,9.399999999999977,5315.41769024125,5586.0
0,299.2,308.4,35.0,201,7.290292882446597,9.199999999999989,5369.505443760555,7035.0
0,301.8,310.6,68.9,135,7.084226422097916,8.800000000000011,8600.507824271514,9301.5
0,297.3,308.7,36.8,216,7.291656209174461,11.399999999999977,5653.358811987904,7948.799999999999
2,299.7,309.6,49.6,129,7.2682230211595655,9.900000000000034,7443.145090689033,6398.400000000001
1,296.6,307.4,42.3,170,7.3427791893318455,10.799999999999955,6839.372870571123,7190.999999999999
0,301.0,311.4,37.6,103,7.3613754289773485,10.399999999999977,6193.628972601254,3872.8
0,297.4,308.6,46.3,138,7.252762418053187,11.200000000000045,6841.268298138789,6389.4
1,297.4,308.7,49.9,151,7.232010331664759,11.300000000000011,7221.662808610953,7534.9
0,298.7,309.5,30.8,141,7.422971251049421,10.800000000000011,5396.041429707876,4342.8
0,304.2,313.5,50.1,100,7.271703706887368,9.300000000000011,7544.409093889744,5010.0
0,300.5,309.3,48.8,211,7.2254814727822945,8.800000000000011,7016.474920429491,10296.8
0,302.4,311.1,45.9,169,7.3031700512368,8.700000000000045,7133.048951828697,7757.099999999999
0,298.1,308.6,40.2,16,7.331714969726466,10.5,6428.264055922363,643.2
1,298.7,309.2,45.7,195,7.271008538280992,10.5,6877.040566487666,8911.5
0,303.5,312.4,44.5,76,7.201170883281678,8.899999999999977,6244.438997785312,3382.0
0,300.3,311.4,24.8,34,7.473069088032197,11.099999999999966,4568.210821535942,843.2
0,299.8,309.4,45.6,156,7.25063551189868,9.599999999999966,6723.510933506731,7113.6
0,299.2,308.5,50.4,220,7.229113877793302,9.300000000000011,7272.912656766514,11088.0
1,299.1,308.8,26.6,172,7.453561871643373,9.699999999999989,4805.065963665588,4575.2
0,298.9,308.9,40.8,11,7.282073658093465,10.0,6208.038410905718,448.79999999999995
2,299.1,309.9,40.3,0,7.275172319452771,10.799999999999955,6089.757447498063,0.0
0,295.8,306.6,35.2,115,7.405495663199472,10.800000000000011,6060.006565068568,4048.0000000000005
1,298.4,308.5,27.4,55,7.3632795869630385,10.100000000000023,4522.050353479196,1507.0
0,302.1,310.8,37.1,43,7.3758821482150125,8.699999999999989,6200.624252243247,1595.3
1,300.8,312.2,25.7,150,7.417580402414544,11.399999999999977,4478.319383741226,3855.0
2,298.4,308.7,52.9,130,7.20414929203594,10.300000000000011,7445.323261595522,6877.0
0,297.7,307.5,43.3,111,7.22983877815125,9.800000000000011,6252.889882023468,4806.299999999999
0,298.3,308.9,55.5,102,7.207118856207756,10.599999999999966,7834.503759522227,5661.0
0,300.9,311.0,48.1,59,7.267525427828172,10.100000000000023,7213.012956838069,2837.9
0,299.2,308.9,37.9,177,7.3310603052186325,9.699999999999989,6056.508925247571,6708.3
0,300.8,312.3,44.8,134,7.269616749608169,11.5,6732.223617132688,6003.2
1,303.4,311.7,44.2,168,7.323830566202317,8.300000000000011,7012.348962077778,7425.6
0,301.9,309.6,49.0,223,7.252053951852814,7.7000000000000455,7235.087881217294,10927.0
1,298.2,308.7,44.2,0,7.216709486709457,10.5,6299.542532929278,0.0
0,298.7,310.2,47.5,32,7.270312886079025,11.5,7142.934496711993,1520.0
1,302.4,311.4,40.1,41,7.336285660021297,9.0,6441.668184577679,1644.1000000000001
0,300.6,310.7,39.6,60,7.342131730584722,10.099999999999966,6398.670253125547,2376.0
0,297.4,308.3,48.7,21,7.241366283322318,10.900000000000034,7114.293643686766,1022.7
0,302.7,310.5,35.9,6,7.347299700743164,7.800000000000011,5830.890212842264,215.39999999999998
1,303.4,312.8,38.7,103,7.325807502595773,9.400000000000034,6151.929566112606,3986.1000000000004
0,298.3,307.9,33.8,72,7.347299700743164,9.599999999999966,5489.80749844202,2433.6
1,298.1,307.8,43.5,78,7.323170717943469,9.699999999999989,6896.738352425672,3393.0
1,300.5,312.0,19.3,143,7.593877844605118,11.5,4011.8661785117256,2759.9
2,298.0,308.1,43.7,37,7.273092595999522,10.100000000000023,6589.80475016995,1616.9
1,302.0,311.3,36.4,27,7.333676395657684,9.300000000000011,5832.052602124091,982.8
1,298.4,309.1,38.8,167,7.3632795869630385,10.700000000000045,6403.487361861051,6479.599999999999
0,297.4,308.3,26.9,11,7.496652438168283,10.900000000000034,5073.347504306645,295.9
0,298.4,308.8,56.7,24,7.210079628170788,10.400000000000034,8027.6488758649275,1360.8000000000002
2,303.9,312.7,50.0,129,7.2456550675945355,8.800000000000011,7335.618846132166,6450.0
0,300.7,310.2,31.4,48,7.402451520818244,9.5,5389.360309331242,1507.1999999999998
0,299.6,310.8,46.9,116,7.312553498102598,11.199999999999989,7357.212059637841,5440.4
0,298.2,307.9,23.4,181,7.487733761436444,9.699999999999989,4374.039451593069,4235.4
1,300.7,309.6,51.1,160,7.236339342754344,8.900000000000034,7427.437127421084,8176.0
0,299.2,308.4,38.7,22,7.297091005160418,9.199999999999989,5977.6654216179795,851.4000000000001
1,298.9,310.0,35.6,48,7.327123292259293,11.100000000000023,5666.59538903503,1708.8000000000002
0,300.9,310.7,41.7,210,7.325148957955575,9.800000000000011,6624.456517139046,8757.0
0,301.4,311.0,28.4,127,7.43955930913332,9.600000000000023,5058.843818222572,3606.7999999999997
0,301.7,310.7,31.9,192,7.403670290012373,9.0,5481.859269028437,6124.799999999999
0,299.3,308.7,54.2,80,7.2399325913204695,9.399999999999977,7906.404343387386,4336.0
2,298.1,309.0,41.4,60,7.271703706887368,10.899999999999977,6234.3021254897285,2484.0
2,299.1,310.1,42.9,96,7.265429723253953,11.0,6419.750339831135,4118.4
2,301.5,310.5,44.3,43,7.338888133838879,9.0,7134.9129634698265,1904.8999999999999
2,297.3,308.3,37.0,54,7.317876198626496,11.0,5835.194194777682,1998.0
1,298.3,309.6,54.8,191,7.293017679772782,11.300000000000011,8430.065950838754,10466.8
0,297.9,307.8,50.2,130,7.2254814727822945,9.900000000000034,7217.767233720502,6526.0
1,298.1,308.7,43.0,56,7.331714969726466,10.599999999999966,6876.00384091198,2408.0
1,296.8,307.5,45.9,132,7.293697720601438,10.699999999999989,7065.756037188803,6058.8
0,300.7,311.0,41.9,126,7.288244401020124,10.300000000000011,6414.901815169094,5279.4
1,297.8,307.4,26.1,52,7.469083884921234,9.599999999999966,4788.541186307707,1357.2
0,297.6,309.1,50.0,62,7.240649694255466,11.5,7298.966931840286,3100.0
0,298.6,309.9,37.4,47,7.374001859350161,11.299999999999955,6239.014514470113,1757.8
1,298.0,307.8,40.2,197,7.30854279753919,9.800000000000011,6280.923360469003,7919.400000000001
1,298.7,309.7,27.9,136,7.396335293800808,11.0,4759.418622408928,3794.3999999999996
0,302.7,310.7,41.9,15,7.37650812632622,8.0,7007.2491100034495,628.5
0,298.8,308.4,41.1,128,7.295735072749282,9.599999999999966,6339.765390870739,5260.8
1,299.2,308.8,37.4,109,7.315883504509785,9.600000000000023,5886.527818737339,4076.6
1,299.6,310.9,39.7,64,7.29641326877392,11.299999999999955,6127.969686141228,2540.8
0,300.8,310.3,36.1,198,7.338888133838879,9.5,5814.229299802726,7147.8
1,298.4,309.2,45.2,125,7.24422751560335,10.800000000000011,6621.932771040663,5650.0
1,297.3,308.3,38.2,2,7.31455283232408,11.0,6004.442263002077,76.4
1,299.3,308.7,35.6,87,7.286191714702382,9.399999999999977,5439.185968817176,3097.2000000000003
0,300.2,309.5,28.4,131,7.455876687491824,9.300000000000011,5142.1169674937255,3720.3999999999996
0,297.3,308.2,26.8,125,7.470224135899966,10.899999999999977,4922.582472860871,3350.0
0,299.0,310.0,33.2,144,7.422373700986824,11.0,5813.035494594363,4780.8
1,298.3,309.4,22.6,138,7.504942068396171,11.099999999999966,4297.866301719028,3118.8
0,298.3,307.6,20.6,176,7.57198844937744,9.300000000000011,4189.334747513014,3625.6000000000004
0,297.5,308.6,52.6,12,7.210079628170788,11.100000000000023,7447.166329285629,631.2
0,299.1,310.4,43.9,79,7.346655163176539,11.299999999999955,7125.655737117249,3468.1
1,302.2,311.7,34.0,28,7.3632795869630385,9.5,5611.303358331849,952.0
2,302.5,310.4,41.9,156,7.260522598089852,7.899999999999977,6239.391505588544,6536.4
0,304.2,313.4,32.7,63,7.402451520818244,9.199999999999989,5612.486691564703,2060.1000000000004
0,300.6,311.9,60.1,212,7.224753405767971,11.299999999999955,8634.89779185281,12741.2
1,301.7,310.5,41.4,153,7.285506548522785,8.800000000000011,6321.010082728806,6334.2
0,298.1,308.9,50.6,108,7.1808311990445555,10.799999999999955,6957.350146688932,5464.8
0,297.8,307.8,38.2,11,7.37650812632622,10.0,6388.470548976892,420.20000000000005
0,300.9,310.9,41.5,100,7.298445101508147,10.0,6418.849749937104,4150.0
0,300.3,309.4,33.5,148,7.293697720601438,9.099999999999966,5156.924340867645,4958.0
1,303.8,312.6,29.3,167,7.429520842786462,8.800000000000011,5166.998381310157,4893.1
0,298.8,309.7,50.3,44,7.198183577101943,10.899999999999977,7037.251319845233,2213.2
0,302.2,311.5,43.5,83,7.254177846456518,9.300000000000011,6436.652108307448,3610.5
0,300.4,309.9,54.8,70,7.269616749608169,9.5,8234.952103099806,3836.0
2,302.6,310.3,27.4,79,7.451241684987676,7.699999999999989,4938.101940569604,2164.6
0,299.7,311.2,52.1,176,7.210079628170788,11.5,7376.375774824739,9169.6
1,303.7,312.9,41.0,33,7.321188556739478,9.199999999999989,6487.493549418043,1353.0
0,297.5,308.6,27.1,36,7.43543801981455,11.100000000000023,4807.4116861802695,975.6
0,302.3,310.1,40.4,22,7.322510433997394,7.800000000000011,6401.015975640227,888.8
1,298.0,307.8,50.9,26,7.302496423727326,9.800000000000011,7904.739299280981,1323.3999999999999
0,302.3,310.2,55.4,57,7.240649694255466,7.899999999999977,8087.255360479036,3157.7999999999997
0,301.5,310.5,44.6,135,7.269616749608169,9.0,6702.169047413346,6021.0
0,304.2,313.4,28.2,78,7.462214939768189,9.199999999999989,5138.388944211466,2199.6
0,296.9,307.9,29.9,177,7.394493107219038,11.0,5091.202222554547,5292.3
0,303.4,312.8,43.9,94,7.27931883541462,9.400000000000034,6661.33881489219,4126.599999999999
0,299.1,310.4,44.0,149,7.331714969726466,11.299999999999955,7035.9109069797,6556.0
0,298.1,307.8,49.1,135,7.22983877815125,9.699999999999989,7090.459427421532,6628.5
0,296.4,307.4,36.8,46,7.321849713788356,11.0,5826.774726466061,1692.8
1,296.8,307.4,49.9,102,7.283448228756631,10.599999999999966,7603.125460585337,5089.8
1,301.6,311.2,46.5,82,7.255591274253665,9.599999999999966,6890.298087485814,3813.0
0,300.0,311.5,32.0,128,7.418780882750794,11.5,5582.819584939302,4096.0
0,302.2,311.2,36.0,169,7.396948602621014,9.0,6144.955230421635,6084.0
0,297.8,307.5,29.9,144,7.397561535524052,9.699999999999989,5106.857825944935,4305.599999999999
0,297.3,307.8,44.4,169,7.234177179749849,10.5,6439.636621328358,7503.599999999999
1,300.1,309.1,30.4,92,7.4570320891223805,9.0,5510.604841808784,2796.7999999999997
1,301.0,309.6,48.0,135,7.242797922793756,8.600000000000023,7022.087899303905,6480.0
1,297.1,308.1,44.4,0,7.210079628170788,11.0,6286.201236127033,0.0
0,297.3,308.7,34.4,158,7.373374309910049,11.399999999999977,5734.956445177143,5435.2
1,296.1,307.2,29.7,17,7.3901814282264295,11.099999999999966,5035.376121100257,504.9
0,301.4,311.0,40.6,86,7.293697720601438,9.600000000000023,6249.884425051534,3491.6
0,300.6,309.8,37.6,162,7.396335293800808,9.199999999999989,6414.126888981208,6091.2
0,301.6,310.4,35.3,156,7.3537223303996315,8.799999999999955,5770.4040822851475,5506.799999999999
2,298.8,309.8,21.6,126,7.555905093611346,11.0,4322.580163927269,2721.6000000000004
1,298.7,309.6,48.1,186,7.232010331664759,10.900000000000034,6961.161945775288,8946.6
0,301.5,310.6,42.1,212,7.213768308118642,9.100000000000023,5982.608194059627,8925.2
0,300.6,309.4,44.1,244,7.294377299288821,8.799999999999955,6793.285706342961,10760.4
0,298.6,309.9,45.7,49,7.2875606403097235,11.299999999999955,6991.897193902908,2239.3
0,303.7,312.7,43.3,168,7.292337176173877,9.0,6656.448402328102,7274.4
0,299.1,310.6,39.7,144,7.3796321526095525,11.5,6660.113593757291,5716.8
0,302.0,310.4,29.8,105,7.3727463664043285,8.399999999999977,4964.9520857822845,3129.0
2,296.9,308.0,53.5,88,7.1846291527173145,11.100000000000023,7384.104092752568,4708.0
1,300.8,309.9,46.0,180,7.275864600546533,9.099999999999966,6955.905014068279,8280.0
1,304.1,313.2,46.9,123,7.2640301428995295,9.099999999999966,7008.505747064886,5768.7
1,303.3,311.8,49.4,64,7.306531398939505,8.5,7702.829139434765,3161.6
0,301.8,311.3,35.8,61,7.347299700743164,9.5,5814.648178823205,2183.7999999999997
0,300.8,310.6,37.9,227,7.363913501405819,9.800000000000011,6258.921739918361,8603.3
1,297.7,309.5,19.8,39,7.614805364711073,11.800000000000011,4202.885483825497,772.2
0,299.3,308.6,53.6,218,7.233455418621439,9.300000000000011,7768.362762188649,11684.800000000001
0,300.9,310.9,27.9,148,7.470793774195062,10.0,5127.55044955658,4129.2
0,299.3,308.5,44.8,91,7.251344983372214,9.199999999999989,6610.246046369307,4076.7999999999997
0,298.0,308.6,42.5,54,7.301147805856032,10.600000000000023,6591.323186619185,2295.0
0,298.8,309.8,33.6,131,7.3777589082278725,11.0,5626.215451460889,4401.6
0,300.7,309.6,34.9,7,7.317212408359839,8.900000000000034,5500.352777782569,244.29999999999998
0,298.1,307.6,53.8,129,7.21890970761906,9.5,7684.670733897015,6940.2
2,302.4,310.1,28.9,179,7.37650812632622,7.7000000000000455,4833.1622739641925,5173.099999999999
1,299.4,310.0,43.2,47,7.321849713788356,10.600000000000023,6840.126852807985,2030.4
1,298.8,308.6,41.9,92,7.304515946460155,9.800000000000011,6520.208000917424,3854.7999999999997
0,302.5,311.6,54.0,196,7.244941546337007,9.100000000000023,7916.813487046277,10584.0
0,300.3,310.3,29.5,0,7.4413203897176174,10.0,5264.052650355058,0.0
0,302.4,311.4,35.0,122,7.355641102974253,9.0,5732.359395250176,4270.0
0,297.6,309.4,49.8,199,7.190676034332207,11.799999999999955,6915.148085375708,9910.199999999999
0,297.4,308.4,39.9,2,7.268920128193722,11.0,5991.708340779525,79.8
0,300.4,309.8,48.1,201,7.241366283322318,9.400000000000034,7026.643208651611,9668.1
0,299.9,309.5,23.5,167,7.480428306074208,9.600000000000023,4360.7400426928725,3924.5
0,302.1,310.1,28.9,176,7.469654172932128,8.0,5305.280817945667,5086.4
0,303.0,312.7,19.9,102,7.613324979540639,9.699999999999989,4217.860408807608,2029.8
0,302.0,311.2,27.3,45,7.520776415062797,9.199999999999989,5274.576985744583,1228.5
1,299.0,310.2,35.8,64,7.395721608602045,11.199999999999989,6103.318655786059,2291.2
1,300.2,309.5,33.4,183,7.355641102974253,9.300000000000011,5470.308680038739,6112.2
0,300.7,310.3,35.6,198,7.335633981927201,9.600000000000023,5715.059691704408,7048.8
0,300.4,310.0,66.1,40,7.1569563646156364,9.600000000000023,8873.972992790994,2644.0
1,299.6,309.2,23.4,225,7.532623618788788,9.599999999999966,4574.975717716672,5265.0
0,298.4,308.6,36.7,122,7.3727463664043285,10.200000000000045,6114.555085510398,4477.400000000001
0,303.8,312.5,52.6,123,7.221835825288449,8.699999999999989,7535.298475194334,6469.8
0,300.9,310.7,46.4,212,7.210079628170788,9.800000000000011,6569.363453970593,9836.8
0,298.9,309.9,52.1,108,7.2254814727822945,11.0,7490.949658901159,5626.8
0,302.5,310.4,46.8,179,7.2640301428995295,7.899999999999977,6993.56223800931,8377.199999999999
2,304.0,312.9,46.6,0,7.310550158534422,8.899999999999977,7295.511179921337,0.0
1,302.6,310.4,43.1,35,7.280697195384741,7.7999999999999545,6548.974517648795,1508.5
1,304.2,313.6,33.4,146,7.321849713788356,9.400000000000034,5288.431409346915,4876.4
0,298.9,309.9,35.4,96,7.3310603052186325,11.0,5657.003059466069,3398.3999999999996
0,297.9,307.7,34.6,57,7.372118028337787,9.800000000000011,5761.052608152962,1972.2
2,302.5,311.1,23.3,203,7.523481312573497,8.600000000000023,4513.945044432935,4729.900000000001
0,303.5,312.0,29.7,28,7.471363088187097,8.5,5461.470332706639,831.6
1,304.3,313.6,40.3,196,7.306531398939505,9.300000000000011,6283.886929538887,7898.799999999999
1,302.7,312.2,42.5,164,7.272398392570047,9.5,6404.398423730592,6970.0
1,303.9,313.1,61.4,14,7.203405521083095,9.200000000000045,8635.211951118168,859.6
0,299.2,309.1,60.7,191,7.204892510204673,9.900000000000034,8549.477887601703,11593.7
1,299.5,309.2,61.8,45,7.181591944611865,9.699999999999989,8503.788658442996,2781.0
1,300.4,311.9,58.3,9,7.197435354096591,11.5,8150.39090084068,524.6999999999999
0,304.3,313.5,36.7,194,7.289610521451167,9.199999999999989,5626.466778873176,7119.8
2,302.3,311.4,46.0,86,7.224753405767971,9.099999999999966,6609.073185111968,3956.0
0,304.4,313.7,33.5,5,7.382746449738912,9.300000000000011,5637.535656989324,167.5
0,304.2,313.4,23.7,86,7.462214939768189,9.199999999999989,4318.433261624529,2038.2
0,298.2,308.4,34.6,74,7.418780882750794,10.199999999999989,6036.423676215621,2560.4
0,298.5,308.2,66.3,42,7.171656822768514,9.699999999999989,9032.73861352791,2784.6
0,300.7,310.3,40.0,207,7.285506548522785,9.600000000000023,6107.256118578557,8280.0
1,301.5,310.1,40.8,32,7.292337176173877,8.600000000000023,6272.126901038951,1305.6
0,296.3,307.4,28.4,56,7.473637108496206,11.099999999999966,5234.3122399010745,1590.3999999999999
1,296.5,307.4,55.6,69,7.208600337960199,10.899999999999977,7860.264819281663,3836.4
2,297.6,309.6,32.1,155,7.4205789054108005,12.0,5610.350408560261,4975.5
2,301.0,311.3,39.2,66,7.37650812632622,10.300000000000011,6555.707997902989,2587.2000000000003
0,298.7,310.0,31.8,42,7.401231264413015,11.300000000000011,5451.3544043620805,1335.6000000000001
1,298.1,308.2,48.1,54,7.202661196523238,10.099999999999966,6759.681136925063,2597.4
1,301.5,310.8,36.4,167,7.395721608602045,9.300000000000011,6205.608912586943,6078.8
1,300.9,310.4,44.7,87,7.226936018493289,9.5,6436.3379490420875,3888.9
0,300.8,312.0,49.3,177,7.232010331664759,11.199999999999989,7134.82918766573,8726.1
0,298.4,309.6,30.2,146,7.412160334945205,11.200000000000045,5233.998080635715,4409.2
0,298.2,308.9,53.1,83,7.275864600546533,10.699999999999989,8029.533831457079,4407.3
1,300.8,309.5,44.5,49,7.301147805856032,8.699999999999989,6901.503101283618,2180.5
2,298.2,308.8,43.3,61,7.293697720601438,10.600000000000023,6665.517133121463,2641.2999999999997
0,298.6,308.4,46.4,36,7.242797922793756,9.799999999999955,6788.018302660441,1670.3999999999999
0,297.5,309.4,40.6,144,7.315883504509785,11.899999999999977,6390.187952960855,5846.400000000001
1,298.6,309.4,36.9,179,7.289610521451167,10.799999999999955,5657.128723172212,6605.099999999999
0,299.3,309.2,37.2,129,7.321188556739478,9.899999999999977,5886.2136594719805,4798.8
1,299.4,310.8,40.2,111,7.395721608602045,11.400000000000034,6853.447205659207,4462.200000000001
2,298.2,309.0,37.7,36,7.354362330421477,10.800000000000011,6166.674107633454,1357.2
0,298.8,309.1,52.6,167,7.2399325913204695,10.300000000000011,7673.004953176688,8784.2
0,299.0,310.1,45.9,47,7.256297239690681,11.100000000000023,6806.197652149215,2157.2999999999997
0,301.4,311.1,41.9,142,7.3098814858247865,9.700000000000045,6555.310062833534,5949.8
0,297.9,307.8,33.9,102,7.418180822726788,9.900000000000034,5910.749498096517,3457.7999999999997
2,300.7,310.6,40.6,179,7.317212408359839,9.900000000000034,6398.691197076571,7267.400000000001
0,299.0,309.5,23.3,73,7.529406457837013,10.5,4540.784717670103,1700.9
1,303.4,311.9,42.2,36,7.32052696227274,8.5,6672.95223573496,1519.2
0,296.6,307.6,25.1,86,7.501082124259871,11.0,4754.89472898776,2158.6
0,298.1,308.5,29.6,20,7.418180822726788,10.399999999999977,5161.0084113173125,592.0
1,303.6,312.7,31.5,105,7.438383530044307,9.099999999999966,5604.444214371511,3307.5
2,304.0,313.1,53.2,91,7.236339342754344,9.100000000000023,7732.67426964387,4841.2
1,298.6,308.3,34.1,174,7.371489295214277,9.699999999999989,5674.229459183253,5933.400000000001
2,297.6,308.4,31.4,205,7.440733707389261,10.799999999999955,5599.805129219711,6437.0
1,300.0,311.4,29.0,216,7.4342573821331355,11.399999999999977,5138.388944211465,6264.0
2,300.2,311.6,41.1,60,7.311218384419629,11.400000000000034,6438.756975385353,2466.0
1,297.7,308.1,15.6,186,7.691656822810547,10.400000000000034,3576.0120857281895,2901.6
1,301.8,310.8,48.2,199,7.2196420401307355,9.0,6889.826848587775,9591.800000000001
0,300.1,310.6,24.3,97,7.501082124259871,10.5,4603.344299378588,2357.1
0,299.7,309.3,38.5,127,7.268920128193722,9.600000000000023,5781.472960401296,4889.5
0,299.9,309.4,41.2,20,7.291656209174461,9.5,6329.303887334285,824.0
1,296.8,307.8,33.0,115,7.43543801981455,11.0,5854.043750699221,3795.0
0,300.5,311.7,44.8,83,7.27655640271871,11.199999999999989,6779.138067426294,3718.3999999999996
0,300.0,311.3,30.4,85,7.440733707389261,11.300000000000011,5421.46738625093,2584.0
0,300.2,311.6,49.2,195,7.224753405767971,11.400000000000034,7068.834797989323,9594.0
0,298.8,308.6,22.5,82,7.5352967024440884,9.800000000000011,4410.79608564007,1845.0
0,299.8,309.5,39.6,10,7.310550158534422,9.699999999999989,6199.6189425940975,396.0
0,298.5,308.7,35.3,117,7.383989457978509,10.199999999999989,5947.841235359898,4130.099999999999
0,301.0,310.8,19.7,17,7.588829878307813,9.800000000000011,4074.383872318163,334.9
0,302.1,310.5,49.6,169,7.237059026124737,8.399999999999977,7214.604697115888,8382.4
1,302.3,311.4,47.6,67,7.204892510204673,9.099999999999966,6704.368162270857,3189.2000000000003
1,298.5,309.6,33.0,127,7.360739903058278,11.100000000000023,5432.44201658747,4191.0
0,300.7,311.0,49.9,124,7.228388451573604,10.300000000000011,7195.535229708598,6187.599999999999
0,300.3,310.3,46.3,50,7.204892510204673,10.0,6521.2656704441315,2315.0
1,296.9,307.8,37.2,160,7.298445101508147,10.900000000000034,5753.764113196634,5952.0
2,301.3,310.6,44.0,114,7.331714969726466,9.300000000000011,7035.9109069797,5016.0
0,302.4,310.3,31.6,121,7.327123292259293,7.900000000000034,5029.899277907499,3823.6000000000004
0,300.9,312.2,23.2,72,7.502186486602924,11.300000000000011,4399.82145530353,1670.3999999999999
0,304.2,313.3,51.6,47,7.252053951852814,9.100000000000023,7618.990503485967,2425.2000000000003
1,302.0,311.5,52.3,54,7.220373836723949,9.5,7481.36780130771,2824.2
1,298.0,309.0,39.2,155,7.354362330421477,11.0,6412.032493878816,6076.0
2,297.2,308.0,43.0,202,7.269616749608169,10.800000000000011,6461.732489658607,8686.0
0,300.4,311.8,36.1,0,7.379008127628304,11.400000000000034,6052.393438871368,0.0
0,299.0,308.6,31.7,100,7.4109518755836366,9.600000000000023,5487.325640245684,3170.0
0,300.1,310.5,44.2,117,7.3098814858247865,10.399999999999977,6915.148085375709,5171.400000000001
0,301.3,310.6,36.3,166,7.3277805384216315,9.300000000000011,5781.81853559319,6025.799999999999
0,297.3,308.7,36.1,218,7.346010209913293,11.399999999999977,5855.813514560743,7869.8
1,303.5,312.6,51.6,62,7.2485040723706105,9.100000000000023,7591.972806665095,3199.2000000000003
1,299.7,309.2,32.9,135,7.37650812632622,9.5,5502.112069668579,4441.5
0,299.7,309.1,50.1,187,7.257002707092073,9.400000000000034,7434.233439528351,9368.7
1,297.3,308.7,38.4,27,7.2909747781429814,11.399999999999977,5895.135782608174,1036.8
0,297.8,308.8,36.9,64,7.3453648404168685,11.0,5981.71807614111,2361.6
0,300.7,310.8,33.8,104,7.355001921105257,10.100000000000023,5532.281831118554,3515.2
2,299.3,309.1,40.7,120,7.347943823148687,9.800000000000011,6614.769939790476,4884.0
0,297.1,308.1,33.3,192,7.3987862754199485,11.0,5694.545091676467,6393.599999999999
0,302.8,312.2,30.9,58,7.428333194190806,9.399999999999977,5442.683608638173,1792.1999999999998
2,301.5,310.5,34.3,166,7.347299700743164,9.0,5571.017668537316,5693.799999999999
0,295.6,306.0,52.4,115,7.223295679562314,10.399999999999977,7517.621780530135,6026.0
0,297.6,309.6,49.8,222,7.31455283232408,12.0,7827.780751243545,11055.599999999999
0,297.9,307.6,40.7,124,7.315883504509785,9.700000000000045,6405.92733215534,5046.8
0,300.5,309.3,33.5,101,7.362010551259734,8.800000000000011,5521.76796770454,3383.5
0,300.4,311.3,35.1,114,7.3833681469923835,10.900000000000034,5910.466754757694,4001.4
2,298.0,309.2,37.9,89,7.327123292259293,11.199999999999989,6032.69565293336,3373.1
2,303.6,312.6,40.2,155,7.312553498102598,9.0,6306.181765403864,6231.0
0,298.0,307.7,34.1,11,7.333023014386481,9.699999999999989,5459.972840208429,375.1
1,297.6,308.6,45.8,31,7.134890851565884,11.0,6014.3906397384435,1419.8
1,300.7,311.1,46.6,103,7.271703706887368,10.400000000000034,7017.354566372497,4799.8
1,299.2,309.0,36.3,104,7.340835554123275,9.800000000000011,5857.845077810063,3775.2
1,299.8,309.6,48.0,82,7.268920128193722,9.800000000000011,7208.070184396422,3936.0
0,300.6,311.8,41.4,39,7.294377299288821,11.199999999999989,6377.370254934208,1614.6
0,300.3,309.2,54.4,198,7.243512974665482,8.899999999999977,7964.063040556269,10771.199999999999
1,299.1,310.3,43.9,94,7.273786317844895,11.199999999999989,6624.561236894166,4126.599999999999
0,298.2,309.1,48.5,164,7.265429723253953,10.900000000000034,7257.7597082007005,7954.0
0,300.4,309.3,50.3,101,7.254177846456518,8.900000000000034,7442.841403399186,5080.299999999999
1,298.7,309.2,45.6,47,7.252053951852814,10.5,6733.0613751736455,2143.2000000000003
0,297.6,308.8,43.0,119,7.297091005160418,11.199999999999989,6641.850468464421,5117.0
0,301.2,309.9,45.5,23,7.27931883541462,8.699999999999989,6904.121095161609,1046.5
0,298.1,307.7,37.7,80,7.329093736246592,9.599999999999966,6012.704651681018,3016.0
0,301.5,310.6,46.7,32,7.226209010100671,9.100000000000023,6719.426863057066,1494.4
0,297.6,308.3,34.3,41,7.3752557780097545,10.699999999999989,5729.060722963907,1406.3
0,296.8,307.6,40.0,130,7.322510433997394,10.800000000000011,6337.639579841809,5200.0
0,297.4,308.5,43.9,47,7.252053951852814,11.100000000000023,6482.04812215182,2063.2999999999997
0,298.7,310.2,50.3,54,7.247792581767846,11.5,7395.4347702565165,2716.2
1,300.7,310.9,41.8,112,7.292337176173877,10.199999999999989,6425.855501554611,4681.599999999999
0,297.2,308.3,35.3,113,7.3632795869630385,11.100000000000023,5825.853192621007,3988.8999999999996
0,297.9,309.0,37.6,47,7.334981878871814,11.100000000000023,6032.192998108786,1767.2
0,298.2,307.9,36.0,186,7.347299700743164,9.699999999999989,5847.132246861323,6696.0
0,298.7,309.6,44.9,106,7.21890970761906,10.900000000000034,6413.4147946463945,4759.4
0,297.3,308.1,34.4,194,7.358193752733032,10.800000000000011,5648.499815350352,6673.599999999999
1,299.6,309.1,37.1,73,7.353081920515432,9.5,6060.760547305428,2708.3
1,304.2,313.1,31.1,20,7.3833681469923835,8.900000000000034,5236.909289828042,622.0
0,301.3,310.8,53.4,57,7.3343293503005365,9.5,8561.405467709832,3043.7999999999997
0,298.4,309.9,27.8,21,7.453561871643373,11.5,5021.835856763284,583.8000000000001
0,298.0,308.8,29.1,71,7.471932078245122,10.800000000000011,5354.184943586549,2066.1
2,300.3,311.6,56.2,8,7.2640301428995295,11.300000000000011,8398.252089233403,449.6
1,300.4,310.5,33.4,32,7.340186835320115,10.100000000000023,5386.36532433482,1068.8
1,298.1,308.9,43.4,105,7.299797366758161,10.799999999999955,6721.814473473793,4557.0
1,297.4,308.4,35.8,215,7.390798521735676,11.0,6073.326917919787,7696.999999999999
0,297.4,308.1,31.7,204,7.455876687491824,10.700000000000045,5739.616474279968,6466.8
1,298.0,309.0,49.1,85,7.251344983372214,11.0,7244.71162671279,4173.5
1,298.1,308.7,47.4,51,7.366445148327599,10.599999999999966,7847.635616814232,2417.4
0,302.0,311.1,47.8,182,7.246368080102461,9.100000000000023,7017.857221197071,8699.6
0,298.4,308.9,32.4,109,7.40184157874383,10.5,5557.603067906488,3531.6
1,300.9,311.1,61.4,88,7.189922170745808,10.200000000000045,8519.475677759921,5403.2
1,302.2,310.1,51.6,12,7.221835825288449,7.900000000000034,7392.041850190639,619.2
0,301.3,310.8,46.9,59,7.280008252884188,9.5,7121.466946912463,2767.1
0,300.6,312.0,40.9,132,7.301147805856032,11.399999999999977,6343.179254887639,5398.8
0,298.4,308.1,50.8,94,7.226936018493289,9.700000000000045,7314.674895108234,4775.2
0,296.8,307.9,35.4,72,7.385230923066573,11.099999999999966,5972.104802621125,2548.7999999999997
2,298.5,308.2,44.6,163,7.355001921105257,9.699999999999989,7299.993185440459,7269.8
0,297.1,308.4,40.4,165,7.333023014386481,11.299999999999955,6468.706825349575,6666.0
0,301.4,310.7,32.2,17,7.368339686311381,9.300000000000011,5341.210165927223,547.4000000000001
0,299.4,309.2,31.7,145,7.382746449738912,9.800000000000011,5334.623293330196,4596.5
0,303.3,312.1,44.7,83,7.257707677160043,8.800000000000011,6637.619790357588,3710.1000000000004
0,300.3,311.8,37.7,180,7.357556200910353,11.5,6186.4137814735095,6786.000000000001
1,299.3,309.1,38.3,59,7.360103972989152,9.800000000000011,6300.914361721343,2259.7
1,299.1,308.9,42.7,225,7.29776828253138,9.799999999999955,6599.983510367581,9607.5
1,297.9,307.6,40.1,166,7.317212408359839,9.700000000000045,6319.889581349027,6656.6
0,303.8,313.0,42.3,38,7.313220387090301,9.199999999999989,6640.0388167008505,1607.3999999999999
0,298.8,309.9,41.6,62,7.273786317844895,11.099999999999966,6277.488552501078,2579.2000000000003
2,302.6,310.4,30.1,62,7.408530566894626,7.7999999999999545,5197.754573388801,1866.2
0,303.9,313.1,29.6,0,7.418180822726788,9.200000000000045,5161.0084113173125,0.0
0,300.9,311.0,49.0,61,7.271703706887368,10.100000000000023,7378.7633852414665,2989.0
1,302.3,311.8,34.1,185,7.351158226430694,9.5,5559.95926239668,6308.5
1,300.6,310.7,31.2,181,7.441906728051625,10.099999999999966,5570.672093345421,5647.2
2,299.3,308.6,39.5,47,7.312553498102598,9.300000000000011,6196.3726301853885,1856.5
0,297.5,308.5,36.9,108,7.337587743538596,11.0,5935.348168574124,3985.2
0,296.4,307.2,25.3,144,7.466799475018602,10.800000000000011,4631.168338313882,3643.2000000000003
0,300.7,310.9,65.3,66,7.213031659834869,10.199999999999989,9272.599212629488,4309.8
2,300.7,311.0,19.9,99,7.591861714889934,10.300000000000011,4128.251714351715,1970.1
2,299.3,310.0,44.8,221,7.2254814727822945,10.699999999999989,6441.35402531232,9900.8
1,297.9,307.6,44.0,37,7.326465613840322,9.700000000000045,6999.0495531775805,1628.0
1,299.2,308.7,47.0,198,7.2456550675945355,9.5,6895.481715364236,9306.0
0,300.4,312.0,43.0,117,7.220373836723949,11.600000000000023,6151.028976218576,5031.0
0,302.1,310.8,36.8,45,7.392031567514591,8.699999999999989,6250.680295190443,1655.9999999999998
1,298.1,307.4,60.1,187,7.218176838403408,9.299999999999955,8578.254876308585,11238.7
2,303.6,312.4,53.7,214,7.2868764117507,8.799999999999955,8210.238240891566,11491.800000000001
0,297.0,307.8,35.6,193,7.383989457978509,10.800000000000011,5998.389461156159,6870.8
0,301.7,311.1,55.1,156,7.24422751560335,9.400000000000034,8072.311851423463,8595.6
1,301.1,311.1,40.6,159,7.293697720601438,10.0,6249.884425051534,6455.400000000001
0,299.1,310.4,39.7,151,7.2813856635702825,11.299999999999955,6036.507452019717,5994.700000000001
0,301.6,310.8,26.7,150,7.454141078146678,9.199999999999989,4825.926138885425,4005.0
0,297.5,308.9,50.4,17,7.2640301428995295,11.399999999999977,7531.5285640100265,856.8
0,300.9,311.3,19.4,107,7.577633832602728,10.400000000000034,3967.643025924693,2075.7999999999997
0,297.9,307.5,37.7,16,7.3537223303996315,9.600000000000023,6162.726172865442,603.2
0,302.6,312.1,47.3,171,7.315218389752975,9.5,7439.773114574179,8088.299999999999
2,300.5,312.0,43.2,108,7.226936018493289,11.5,6220.35345410779,4665.6
1,299.8,310.6,31.8,113,7.362010551259734,10.800000000000011,5241.558846955354,3593.4
0,297.6,309.0,43.2,7,7.307872780763706,11.399999999999977,6745.125090963429,302.40000000000003
1,300.8,309.7,28.2,189,7.427144133408616,8.899999999999977,4961.203118549001,5329.8
0,298.5,309.5,46.3,203,7.234177179749849,11.0,6715.206656925743,9398.9
0,296.9,308.0,41.0,74,7.413970290190444,11.100000000000023,7118.639513524233,3034.0
1,300.2,309.8,24.1,18,7.463936604468925,9.600000000000023,4398.889449482965,433.8
1,297.9,307.4,34.6,219,7.384610383176974,9.5,5833.5186786957665,7577.400000000001
0,299.9,309.6,61.3,124,7.134890851565884,9.700000000000045,8049.828519999271,7601.2
0,298.1,308.2,47.5,33,7.237778191923443,10.099999999999966,6914.1218317755365,1567.5
2,296.6,307.4,41.5,189,7.249215057114389,10.799999999999955,6110.2929914770275,7843.5
0,302.7,311.8,46.1,10,7.2875606403097235,9.100000000000023,7053.095418794837,461.0
0,297.9,308.5,28.5,63,7.428927194802272,10.600000000000023,5022.935414192041,1795.5
1,300.0,309.9,34.5,71,7.333676395657684,9.899999999999977,5527.632273991241,2449.5
0,298.4,309.7,34.6,150,7.366445148327599,11.300000000000011,5728.4428764087015,5190.0
0,299.1,308.3,34.1,128,7.329749689041512,9.199999999999989,5442.118121960527,4364.8
0,295.6,306.1,46.2,113,7.237059026124737,10.5,6720.0551815877825,5220.6
0,296.3,307.3,35.8,175,7.356918242356021,11.0,5870.882687322461,6264.999999999999
0,302.2,311.4,41.7,15,7.298445101508147,9.199999999999989,6449.783965599452,625.5
1,300.2,309.4,43.9,39,7.286191714702382,9.199999999999989,6707.31078738972,1712.1
1,301.9,310.9,16.1,42,7.743269700829004,9.0,3886.2024723681343,676.2
0,298.8,309.5,44.7,147,7.221835825288449,10.699999999999989,6403.571137665147,6570.900000000001
2,298.7,308.6,43.5,84,7.313220387090301,9.900000000000034,6828.408712210095,3654.0
0,299.6,310.8,40.8,118,7.244941546337007,11.199999999999989,5981.592412434965,4814.4
0,297.2,308.5,40.4,190,7.370860166536716,11.300000000000011,6718.316833652796,7676.0
0,299.8,309.6,43.1,12,7.277938572945661,9.800000000000011,6530.920831866165,517.2
1,300.3,309.6,41.3,172,7.305860032684009,9.300000000000011,6435.489719025619,7103.599999999999
2,297.8,307.3,40.1,166,7.324489979348532,9.5,6366.081465332309,6656.6
0,298.3,308.9,28.0,42,7.443663683115591,10.599999999999966,5008.117568842609,1176.0
1,299.5,308.8,20.9,117,7.54274354536855,9.300000000000011,4127.780475453677,2445.2999999999997
1,299.2,309.0,23.9,137,7.540090320145325,9.800000000000011,4707.770839183913,3274.2999999999997
0,300.7,310.7,42.4,198,7.181591944611865,10.0,5834.314548834677,8395.199999999999
1,302.0,310.7,17.8,17,7.67693714581808,8.699999999999989,4020.673109917289,302.6
0,298.8,309.1,46.3,133,7.257707677160043,10.300000000000011,6875.207970773071,6157.9
0,297.5,309.3,29.8,72,7.424165281042028,11.800000000000011,5227.0865767978175,2145.6
1,298.8,310.2,33.1,34,7.3752557780097545,11.399999999999977,5528.627111664879,1125.4
0,300.8,309.4,20.5,111,7.5740450053721995,8.599999999999966,4177.585190988587,2275.5
2,298.8,309.2,48.5,120,7.224753405767971,10.399999999999977,6968.261945172401,5820.0
0,299.0,310.4,36.1,127,7.356279876550748,11.399999999999977,5916.299645117858,4584.7
2,298.2,308.4,42.2,98,7.234177179749849,10.199999999999989,6120.555527478756,4135.6
1,297.3,308.8,57.4,134,7.277938572945661,11.5,8697.792476777677,7691.599999999999
2,299.8,311.3,25.4,139,7.487733761436444,11.5,4747.888977370255,3530.6
0,298.5,309.0,40.5,199,7.280008252884188,10.5,6149.66761940202,8059.5
0,298.9,310.6,38.1,7,7.368970402194793,11.700000000000045,6323.868932043574,266.7
1,298.2,308.9,38.5,28,7.321849713788356,10.699999999999989,6095.946385025635,1078.0
0,300.1,309.7,48.3,118,7.252053951852814,9.599999999999966,7131.729482914189,5699.4
2,297.2,308.5,41.4,192,7.329749689041512,11.300000000000011,6607.146341617765,7948.799999999999
1,299.4,310.9,47.3,12,7.277247726631484,11.5,7162.391427213225,567.5999999999999
1,302.2,311.4,32.1,42,7.404279118037268,9.199999999999989,5519.589796798051,1348.2
0,298.2,308.2,30.6,59,7.419380582918692,10.0,5341.775652604869,1805.4
0,299.9,310.0,44.7,204,7.246368080102461,10.100000000000023,6562.724221496007,9118.800000000001
0,296.7,307.6,41.7,148,7.29641326877392,10.900000000000034,6436.683524233985,6171.6
0,300.9,309.5,35.2,124,7.385851078125209,8.600000000000023,5942.050232901783,4364.8
1,300.6,311.6,29.2,200,7.4205789054108005,11.0,5103.4963218055955,5840.0
0,300.1,309.7,45.9,100,7.303843225277705,9.599999999999966,7137.85558858869,4590.0
1,302.3,311.7,46.3,194,7.201916317531627,9.399999999999977,6501.871571795972,8982.199999999999
0,303.8,312.7,27.8,181,7.516977224604321,8.899999999999977,5350.802495496183,5031.8
0,297.5,309.3,39.4,22,7.299797366758161,11.800000000000011,6102.292402185886,866.8
0,301.2,310.7,31.6,166,7.405495663199472,9.5,5440.2331663683735,5245.6
0,303.0,311.2,48.2,65,7.226209010100671,8.199999999999989,6935.254278358685,3133.0
0,301.7,311.1,37.2,128,7.293017679772782,9.400000000000034,5722.599514073024,4761.6
0,301.0,310.5,44.4,83,7.229113877793302,9.5,6407.089721437167,3685.2
1,300.4,311.3,56.5,31,7.208600337960199,10.900000000000034,7987.49932175205,1751.5
0,302.0,310.3,29.6,157,7.407924322559599,8.300000000000011,5108.313430541099,4647.2
0,302.6,310.4,52.1,12,7.255591274253665,7.7999999999999545,7720.097427053998,625.2
1,299.3,308.5,43.1,186,7.260522598089852,9.199999999999989,6418.085295724732,8016.6
2,297.4,308.7,48.9,120,7.2078598714324755,11.300000000000011,6907.953838198988,5868.0
0,301.0,312.0,39.3,196,7.325807502595773,11.0,6247.308319075591,7702.799999999999
1,298.8,310.3,59.0,94,7.220373836723949,11.5,8439.78394411386,5546.0
0,297.5,308.5,39.7,69,7.286191714702382,11.0,6065.609071967469,2739.3
0,296.9,307.5,44.4,16,7.2115567333138015,10.600000000000023,6295.500350381658,710.4
1,297.4,308.8,37.4,144,7.395721608602045,11.400000000000034,6376.092673921749,5385.599999999999
2,296.9,308.0,46.9,105,7.256297239690681,11.100000000000023,6954.480825398654,4924.5
0,302.8,312.4,27.0,200,7.409741954080923,9.599999999999966,4668.092523969073,5400.0
0,299.1,308.6,31.4,161,7.385230923066573,9.5,5297.2907006300375,5055.4
0,298.0,307.6,45.8,111,7.3453648404168685,9.600000000000023,7424.4630863756865,5083.799999999999
0,298.6,309.5,52.2,127,7.189922170745808,10.899999999999977,7242.9418628512685,6629.400000000001
0,303.2,311.4,54.6,226,7.122059881629142,8.199999999999989,7078.5109033623785,12339.6
0,299.0,308.9,35.9,16,7.321188556739478,9.899999999999977,5680.512644490432,574.4
2,304.1,313.4,29.6,65,7.436617265234227,9.299999999999955,5257.099258615112,1924.0
0,301.3,311.2,44.5,14,7.284820912568604,9.899999999999977,6789.66240281582,623.0
0,297.5,308.9,44.7,135,7.2640301428995295,11.399999999999977,6679.748547842227,6034.5
1,300.9,312.0,56.1,182,7.226936018493289,11.100000000000023,8077.820110542754,10210.2
0,297.1,308.5,35.6,46,7.364547014255642,11.399999999999977,5882.820739406103,1637.6000000000001
0,301.4,310.4,35.2,153,7.311218384419629,9.0,5514.458528797189,5385.6
2,300.5,310.5,47.7,24,7.247080584585756,10.0,7008.170643848503,1144.8000000000002
0,300.3,309.2,44.8,200,7.253470382684528,8.899999999999977,6624.32038145739,8960.0
0,304.1,313.2,39.4,148,7.292337176173877,9.099999999999966,6056.906860317026,5831.2
1,298.2,308.3,43.5,129,7.29776828253138,10.100000000000023,6723.636597212875,5611.5
0,298.6,309.6,42.7,82,7.261225091971921,11.0,6362.992232556279,3501.4
0,296.0,306.7,44.2,46,7.256297239690681,10.699999999999989,6554.116257625171,2033.2
0,300.5,311.6,30.0,158,7.415776975415394,11.100000000000023,5218.185397612647,4740.0
0,299.0,308.1,60.9,117,7.1252830915107115,9.100000000000023,7920.771893789802,7125.3
0,301.5,310.9,23.2,122,7.545389749611823,9.399999999999977,4594.181320805617,2830.4
1,300.6,309.3,46.0,87,7.32052696227274,8.699999999999989,7273.834190611567,4002.0
0,297.5,308.7,46.2,110,7.275172319452771,11.199999999999989,6981.310026660311,5082.0
0,300.3,311.6,38.8,154,7.3752557780097545,11.300000000000011,6480.686765335265,5975.2
0,300.7,312.2,38.5,148,7.372118028337787,11.5,6410.419809649972,5698.0
0,302.2,311.5,45.6,87,7.301822342137932,9.300000000000011,7076.877275182513,3967.2000000000003
2,300.8,310.3,30.1,38,7.48324441607385,9.5,5601.218845913826,1143.8
0,298.4,308.0,47.9,25,7.319202458767849,9.600000000000023,7564.243015509407,1197.5
1,302.1,311.0,28.7,83,7.445417556701687,8.899999999999977,5142.336878979476,2382.1
0,297.2,308.5,16.5,127,7.688455356549944,11.300000000000011,3770.2253435731104,2095.5
1,298.7,308.5,27.0,50,7.415175109613295,9.800000000000011,4693.539424463151,1350.0
2,297.5,308.8,24.0,179,7.509335266016592,11.300000000000011,4584.212000118227,4296.0
0,300.9,312.0,44.0,162,7.335633981927201,11.100000000000023,7063.5569223312905,7128.0
1,297.3,308.4,50.5,71,7.223295679562314,11.099999999999966,7245.03625795366,3585.5
1,303.6,311.8,30.8,104,7.395107546562485,8.199999999999989,5247.674480654343,3203.2000000000003
0,298.1,307.8,37.8,203,7.340186835320115,9.699999999999989,6095.946385025634,7673.4
0,298.3,308.5,33.6,67,7.382124365737512,10.199999999999989,5650.845537865033,2251.2000000000003
0,298.4,309.3,36.9,3,7.343426229147367,10.900000000000034,5970.125599249363,110.69999999999999
1,300.1,311.4,39.3,47,7.388946097618437,11.299999999999955,6654.741470319651,1847.1
0,300.0,309.8,39.6,105,7.224753405767971,9.800000000000011,5689.5499593572595,4158.0
1,295.7,306.3,34.9,84,7.430114138561801,10.600000000000023,6158.202279444273,2931.6
0,300.6,311.9,44.9,224,7.262628600974241,11.299999999999955,6700.23173194363,10057.6
1,297.8,309.0,45.0,17,7.3632795869630385,11.199999999999989,7426.725033086271,765.0
1,302.4,310.1,54.6,61,7.214504414151143,7.7000000000000455,7764.634738906389,3330.6
0,299.4,308.8,32.6,124,7.395107546562485,9.400000000000034,5554.356755497779,4042.4
0,301.8,310.7,49.3,58,7.273786317844895,8.899999999999977,7439.427539382286,2859.3999999999996
0,300.4,309.3,35.0,209,7.421775793644647,8.900000000000034,6124.534878173302,7315.0
0,302.0,309.8,40.0,199,7.300472814267799,7.800000000000011,6199.409503083858,7960.0
0,300.5,309.8,49.6,211,7.259819610363186,9.300000000000011,7380.815892441812,10465.6
1,300.2,311.6,41.4,78,7.290292882446597,11.400000000000034,6351.357867762485,3229.2
0,302.6,311.5,27.5,147,7.542213463193403,8.899999999999977,5428.410306015363,4042.5
0,299.2,308.4,54.1,26,7.234898420314831,9.199999999999989,7852.1595102354,1406.6000000000001
0,300.2,311.8,44.5,179,7.289610521451167,11.600000000000023,6822.282606535594,7965.5
1,301.8,310.6,35.9,97,7.347943823148687,8.800000000000011,5834.649652051058,3482.2999999999997
1,297.7,308.8,19.1,111,7.644919344958857,11.100000000000023,4178.307757298913,2120.1000000000004
0,302.1,311.3,44.1,43,7.255591274253665,9.199999999999989,6534.669799099449,1896.3
1,298.8,309.9,35.2,60,7.310550158534422,11.099999999999966,5510.772393416976,2112.0
1,298.9,310.1,41.2,189,7.273786317844895,11.200000000000045,6217.128085650106,7786.8
2,301.4,309.9,47.2,22,7.2868764117507,8.5,7216.447764805995,1038.4
1,298.2,309.1,49.0,77,7.284820912568604,10.900000000000034,7476.25747725787,3773.0
1,298.7,309.9,45.1,51,7.252762418053187,11.199999999999989,6663.956808770181,2300.1
0,297.5,308.6,62.3,28,7.097548850614793,11.100000000000023,7881.041218697402,1744.3999999999999
1,303.1,312.6,32.9,132,7.357556200910353,9.5,5398.753671365475,4342.8
1,298.7,310.3,41.5,83,7.301147805856032,11.600000000000023,6436.23322928697,3444.5
0,298.7,308.6,55.3,148,7.168579897264035,9.900000000000034,7510.93018817799,8184.4
1,297.4,308.6,44.4,193,7.268920128193722,11.200000000000045,6667.464920566689,8569.199999999999
0,303.0,311.2,30.4,205,7.470793774195062,8.199999999999989,5587.008375144087,6232.0
1,299.3,310.6,42.1,104,7.284820912568604,11.300000000000011,6423.478363113394,4378.400000000001
0,302.0,309.8,27.2,4,7.43955930913332,7.800000000000011,4845.089854072322,108.8
1,300.4,309.8,43.6,203,7.269616749608169,9.400000000000034,6551.896198816634,8850.800000000001
0,300.9,310.5,35.9,81,7.356279876550748,9.600000000000023,5883.522361765404,2907.9
0,300.9,310.4,32.7,67,7.3537223303996315,9.5,5345.388484156498,2190.9
1,302.1,311.1,37.6,171,7.381501894506707,9.0,6319.627781961228,6429.6
1,300.2,311.6,40.7,23,7.291656209174461,11.400000000000034,6252.491946954015,936.1
0,300.3,311.3,40.7,105,7.330405211844402,11.0,6499.693400889483,4273.5
2,297.5,308.6,46.1,84,7.273092595999522,11.100000000000023,6951.716223863495,3872.4
0,302.6,312.3,53.4,42,7.186901020411631,9.699999999999989,7387.078133797968,2242.7999999999997
0,298.1,307.7,40.8,169,7.338238150065589,9.599999999999966,6566.933955651816,6895.2
0,299.3,308.8,25.2,89,7.480428306074208,9.5,4676.197833015335,2242.7999999999997
1,303.1,311.3,24.7,212,7.521859252201629,8.199999999999989,4777.4094763384865,5236.4
1,296.9,308.1,41.8,127,7.213768308118642,11.200000000000045,5939.976781750413,5308.599999999999
1,297.4,308.7,48.0,117,7.301147805856032,11.300000000000011,7444.317951946374,5616.0
0,297.5,309.4,36.7,233,7.325148957955575,11.899999999999977,5830.157174556427,8551.1
0,295.4,305.8,50.7,192,7.249925536717988,10.400000000000034,7470.1732594854175,9734.400000000001
1,302.6,312.3,36.6,46,7.356918242356021,9.699999999999989,6002.075596536371,1683.6000000000001
0,302.5,311.9,46.7,65,7.271008538280992,9.399999999999977,7027.522854594617,3035.5
2,297.7,308.4,51.9,77,7.257707677160043,10.699999999999989,7706.766602227266,3996.2999999999997
1,300.1,309.2,51.0,211,7.271703706887368,9.099999999999966,7679.9374009656085,10761.0
0,301.5,310.4,46.6,24,7.1929342212158,8.899999999999977,6485.441042217698,1118.4
0,297.5,308.2,38.2,15,7.355001921105257,10.699999999999989,6252.460531027478,573.0
0,301.0,310.5,21.7,79,7.566828479208331,9.5,4390.312901538664,1714.3
0,300.5,309.3,40.8,219,7.293697720601438,8.800000000000011,6280.672033056713,8935.199999999999
1,301.6,310.8,65.3,63,7.1631723908466425,9.199999999999989,8821.27801201478,4113.9
0,302.5,311.6,29.5,35,7.3752557780097545,9.100000000000023,4927.326277767792,1032.5
1,298.1,307.9,28.9,76,7.416378479192928,9.799999999999955,5029.878333956473,2196.4
1,299.8,309.4,27.0,173,7.468513271496337,9.599999999999966,4950.835862792155,4671.0
1,299.9,309.4,42.2,198,7.305188215393037,9.5,6571.3112414158195,8355.6
2,298.6,309.6,33.3,95,7.374001859350161,11.0,5555.058377857079,3163.4999999999995
0,300.0,311.2,44.1,206,7.20934025660291,11.199999999999989,6239.108762249722,9084.6
1,300.8,310.9,31.6,52,7.351158226430694,10.099999999999966,5152.337615593405,1643.2
0,300.4,310.5,25.1,14,7.506042178518122,10.100000000000023,4778.550921669292,351.40000000000003
1,303.4,312.8,36.3,113,7.372118028337787,9.400000000000034,6044.110106241402,4101.9
0,301.2,310.8,40.6,47,7.2875606403097235,9.600000000000023,6211.619826530811,1908.2
1,300.1,311.3,34.1,135,7.329093736246592,11.199999999999989,5438.547178310947,4603.5
0,300.1,309.4,47.3,127,7.268920128193722,9.299999999999955,7102.952494207307,6007.099999999999
0,296.7,307.8,39.2,35,7.292337176173877,11.100000000000023,6026.161140213894,1372.0
1,298.3,307.9,32.4,151,7.383989457978509,9.599999999999966,5459.208385996054,4892.4
0,298.2,308.7,27.9,35,7.484930283289661,10.5,5200.592478752544,976.5
0,302.5,311.4,53.1,126,7.251344983372214,8.899999999999977,7834.912166567193,6690.6
0,302.6,311.0,35.5,91,7.338238150065589,8.399999999999977,5713.876358471556,3230.5
1,301.3,310.7,52.5,61,7.238496840894365,9.399999999999977,7647.421917000955,3202.5
1,300.1,309.3,50.3,196,7.275172319452771,9.199999999999989,7600.863513874753,9858.8
0,298.7,309.7,35.7,176,7.379008127628304,11.0,5985.330907692738,6283.200000000001
0,297.5,309.4,35.8,44,7.311886164077165,11.899999999999977,5612.203948225878,1575.1999999999998
0,298.3,309.0,32.2,179,7.4133673356952405,10.699999999999989,5587.364422311495,5763.8
0,299.4,309.0,58.2,135,7.238496840894365,9.600000000000023,8477.713439418201,7857.0
0,299.9,309.4,52.8,31,7.207118856207756,9.5,7453.365738788712,1636.8
2,298.3,308.2,33.2,75,7.336285660021297,9.899999999999977,5333.251464538129,2490.0
0,300.5,309.3,37.0,221,7.332369205929062,8.800000000000011,5920.4360754450845,8177.0
1,297.6,307.2,42.6,44,7.293697720601438,9.599999999999966,6557.760505103334,1874.4
1,299.9,311.3,41.2,169,7.27655640271871,11.400000000000034,6234.385901293825,6962.8
0,299.2,310.5,45.8,38,7.238496840894365,11.300000000000011,6671.465215212261,1740.3999999999999
0,301.6,310.2,57.1,68,7.233455418621439,8.599999999999966,8275.625255988281,3882.8
1,299.8,310.8,35.2,163,7.333676395657684,11.0,5639.787131724397,5737.6
1,297.9,307.4,42.9,18,7.269616749608169,9.5,6446.7052047989355,772.1999999999999
0,297.5,308.5,26.8,136,7.44600149832412,11.0,4804.709916498182,3644.8
0,302.2,311.4,19.9,200,7.59488438721652,9.199999999999989,4140.755253113002,3979.9999999999995
1,298.6,309.7,28.4,115,7.424165281042028,11.099999999999966,4981.518751042216,3266.0
0,303.0,311.2,44.6,198,7.232733136177615,8.199999999999989,6459.30299133983,8830.800000000001
1,297.7,309.0,41.8,16,7.2682230211595655,11.300000000000011,6272.650499814547,668.8
0,297.5,309.4,50.1,137,7.213768308118642,11.899999999999977,7119.4458556386535,6863.7
0,299.6,309.0,60.4,149,7.224753405767971,9.399999999999977,8678.000443060062,8999.6
0,297.5,308.6,43.9,91,7.311886164077165,11.100000000000023,6882.004282880336,3994.9
0,300.7,310.8,37.1,186,7.304515946460155,10.100000000000023,5773.262931599915,6900.6
0,301.7,310.9,39.4,2,7.351158226430694,9.199999999999989,6424.117153619624,78.8
0,297.3,308.4,47.8,31,7.257002707092073,11.099999999999966,7092.941285617867,1481.8
2,300.4,309.4,38.9,185,7.305188215393037,9.0,6057.440931068136,7196.5
0,300.0,309.6,45.9,16,7.21890970761906,9.600000000000023,6556.25254062961,734.4
1,300.4,310.3,35.0,33,7.338238150065589,9.900000000000034,5633.399226662098,1155.0
0,298.4,307.9,23.2,16,7.591861714889934,9.5,4812.836169495467,371.2
0,302.6,310.4,26.3,191,7.463936604468925,7.7999999999999545,4800.447822464812,5023.3
2,302.3,310.8,43.8,119,7.271703706887368,8.5,6595.710944358699,5212.2
1,302.9,311.2,37.7,73,7.291656209174461,8.300000000000011,5791.620304672392,2752.1000000000004
0,299.9,309.4,53.9,33,7.187657164114956,9.5,7461.889926855453,1778.7
1,304.2,313.2,50.5,11,7.242082359256962,9.0,7382.533296425775,555.5
0,298.4,308.6,45.0,158,7.173958319756794,10.200000000000045,6144.955230421636,7110.0
0,297.7,309.1,42.1,58,7.299797366758161,11.400000000000034,6520.4698003052235,2441.8
1,302.0,311.1,26.0,10,7.478734825567875,9.100000000000023,4816.480416973631,260.0
0,299.1,310.2,38.2,155,7.358830898342354,11.099999999999966,6276.462298900905,5921.0
1,300.2,309.5,28.3,51,7.396948602621014,9.300000000000011,4830.617583914785,1443.3
1,302.6,311.4,31.2,154,7.449498005382849,8.799999999999955,5613.1464260219545,4804.8
1,302.2,311.7,36.2,63,7.368339686311381,9.5,6004.714534365387,2280.6000000000004
0,302.8,312.2,50.0,216,7.2682230211595655,9.399999999999977,7503.170454323622,10800.0
0,301.5,310.5,39.3,119,7.336285660021297,9.0,6313.156101094833,4676.7
0,303.6,312.9,41.4,135,7.300472814267799,9.299999999999955,6416.388835691793,5589.0
0,298.3,309.4,27.1,136,7.419979923661835,11.099999999999966,4733.626146722957,3685.6000000000004
0,298.9,310.0,27.6,166,7.491087593534876,11.100000000000023,5176.465047172974,4581.6
0,300.1,309.8,39.8,115,7.334981878871814,9.699999999999989,6385.140460764086,4577.0
0,297.4,309.2,42.8,186,7.368339686311381,11.800000000000011,7099.496742288357,7960.799999999999
2,300.6,309.5,36.5,79,7.310550158534422,8.899999999999977,5714.295237492034,2883.5
0,298.8,308.6,25.9,59,7.456454555176209,9.800000000000011,4692.178067646595,1528.1
2,298.7,308.5,35.6,202,7.360739903058278,9.800000000000011,5860.452599712544,7191.200000000001
1,297.9,307.7,39.5,69,7.325148957955575,9.800000000000011,6274.964806402693,2725.5
0,300.6,310.5,33.8,148,7.405495663199472,9.899999999999977,5818.983576685158,5002.4
0,302.2,310.9,42.3,56,7.2813856635702825,8.699999999999989,6431.845471547455,2368.7999999999997
0,299.3,308.3,28.0,6,7.409741954080923,9.0,4840.984839671632,168.0
0,298.1,307.6,39.4,157,7.305860032684009,9.5,6139.426027351317,6185.8
0,297.3,308.1,35.7,156,7.356918242356021,10.800000000000011,5854.483573670723,5569.200000000001
0,300.0,309.4,35.7,46,7.313220387090301,9.399999999999977,5604.004391400009,1642.2
0,298.4,308.2,33.0,61,7.389563953677635,9.800000000000011,5591.406604859114,2013.0
0,301.7,310.8,44.5,135,7.352441100243583,9.100000000000023,7264.9853713039565,6007.5
0,297.4,308.0,51.9,184,7.213031659834869,10.600000000000023,7369.799374203222,9549.6
0,300.7,310.6,47.2,216,7.161622002939187,9.900000000000034,6366.290904842548,10195.2
1,301.3,309.9,39.5,27,7.31455283232408,8.599999999999966,6208.7819211670685,1066.5
0,303.4,311.9,41.6,34,7.228388451573604,8.5,5998.682676470495,1414.4
1,301.8,311.1,42.2,9,7.254177846456518,9.300000000000011,6244.292390128145,379.8
0,299.1,309.0,53.8,18,7.2485040723706105,9.899999999999977,7915.661569739963,968.4
0,302.1,311.0,35.1,142,7.369600720526409,8.899999999999977,5829.602159854292,4984.2
0,300.7,311.7,43.5,222,7.329749689041512,11.0,6942.291445902724,9657.0
0,299.3,310.4,26.8,167,7.453561871643373,11.099999999999966,4841.194279181871,4475.6
1,299.6,309.4,29.8,142,7.381501894506707,9.799999999999955,5008.641167618207,4231.6
0,299.2,310.6,61.9,42,7.223295679562314,11.400000000000034,8880.549393412506,2599.7999999999997
1,302.6,310.2,17.2,94,7.67693714581808,7.599999999999966,3885.1448028414247,1616.8
1,300.7,309.6,48.1,87,7.295735072749282,8.900000000000034,7419.530785909551,4184.7
0,299.3,308.9,69.4,119,7.138073034044347,9.599999999999966,9142.579164672921,8258.6
0,300.0,309.1,40.3,7,7.306531398939505,9.100000000000023,6283.886929538887,282.09999999999997
0,297.4,308.5,43.9,45,7.294377299288821,11.100000000000023,6762.477154386757,1975.5
1,298.7,309.8,53.6,134,7.203405521083095,11.100000000000023,7538.230628337684,7182.400000000001
0,298.1,310.0,33.7,47,7.336285660021297,11.899999999999977,5413.571516714908,1583.9
0,298.9,309.6,50.9,183,7.2196420401307355,10.700000000000045,7275.771506081281,9314.699999999999
0,302.2,311.3,46.9,106,7.237059026124737,9.100000000000023,6821.874199490627,4971.4
1,303.1,312.6,23.5,129,7.547501682814967,9.5,4663.432494866249,3031.5
0,298.4,308.9,44.8,201,7.246368080102461,10.5,6577.405931163782,9004.8
0,302.8,312.4,49.5,10,7.221835825288449,9.599999999999966,7091.2029376828805,495.0
0,297.3,308.8,36.1,70,7.349230824613334,11.5,5874.715430359841,2527.0
2,298.6,308.2,36.8,36,7.349873704738337,9.599999999999966,5992.48326696741,1324.8
0,301.6,311.3,29.9,93,7.442492722794441,9.699999999999989,5341.691876800773,2780.7
1,300.7,311.1,35.3,167,7.3833681469923835,10.400000000000034,5944.1446280041755,5895.099999999999
0,303.8,312.5,45.7,180,7.224753405767971,8.699999999999989,6565.970533904717,8226.0
1,301.5,310.5,25.5,121,7.4815557019095165,9.0,4737.20756234805,3085.5
0,301.4,311.2,50.6,37,7.212294468500341,9.800000000000011,7179.900570269234,1872.2
1,300.3,311.5,43.8,0,7.244941546337007,11.199999999999989,6421.415383937536,0.0
0,297.9,308.1,33.5,212,7.368970402194793,10.200000000000045,5560.3571974661345,7102.0
0,301.9,310.9,48.0,124,7.177782416195197,9.0,6579.751653678462,5952.0
0,297.4,308.4,41.5,213,7.3343293503005365,11.0,6653.526721160263,8839.5
0,296.6,307.6,37.4,88,7.341483852363161,11.0,6039.272053554874,3291.2
0,298.1,308.3,56.0,63,7.171656822768514,10.199999999999989,7629.462478997933,3528.0
1,300.6,312.1,52.3,49,7.165493475060845,11.5,7081.558248236361,2562.7
0,297.4,309.3,53.2,115,7.195187320178709,11.900000000000034,7420.693175191379,6118.0
0,299.8,310.6,32.5,124,7.443078374348516,10.800000000000011,5809.590214650925,4030.0
1,299.8,309.4,47.8,130,7.253470382684528,9.599999999999966,7067.913264144268,6214.0
0,302.3,311.1,35.6,183,7.396948602621014,8.800000000000011,6076.677950083617,6514.8
1,302.9,312.2,25.5,98,7.465082736399547,9.300000000000011,4659.767303437061,2499.0
1,302.3,311.1,57.1,146,7.16703787691222,8.800000000000011,7743.449932445681,8336.6
1,298.5,309.3,26.7,118,7.4342573821331355,10.800000000000011,4730.861545187797,3150.6
0,303.6,312.4,53.1,7,7.218176838403408,8.799999999999955,7579.123692711912,371.7
0,300.6,309.5,38.8,124,7.3632795869630385,8.899999999999977,6403.487361861051,4811.2
1,298.2,308.7,60.9,163,7.146772179452637,10.5,8092.962587133058,9926.699999999999
0,298.2,307.8,51.3,70,7.212294468500341,9.600000000000023,7279.227258000231,3591.0
0,301.7,310.8,37.8,0,7.392031567514591,9.100000000000023,6420.535737994532,0.0
2,304.2,313.5,29.8,156,7.429520842786462,9.300000000000011,5255.17241512091,4648.8
0,299.7,309.3,34.2,8,7.373374309910049,9.600000000000023,5701.613675147044,273.6
0,299.7,309.2,40.4,140,7.260522598089852,9.5,6016.024267918309,5656.0
0,299.3,308.7,48.7,85,7.25063551189868,9.399999999999977,7180.591720653022,4139.5
2,297.3,308.3,19.3,24,7.568379267836522,11.0,3910.811614821254,463.20000000000005
1,298.1,309.6,38.7,43,7.346010209913293,11.5,6277.56185632966,1664.1000000000001
0,298.5,309.6,26.4,100,7.45298232946546,11.100000000000023,4766.173046614146,2640.0
2,297.3,308.7,42.8,153,7.266128779556451,11.399999999999977,6409.267892343657,6548.4
0,300.8,312.5,50.7,121,7.268920128193722,11.699999999999989,7613.524132268721,6134.700000000001
1,296.9,307.9,20.4,68,7.590852123688581,11.0,4227.704065788856,1387.1999999999998
0,298.3,308.0,47.1,196,7.280697195384741,9.699999999999989,7156.7679763633,9231.6
0,299.5,310.0,38.5,52,7.315218389752975,10.5,6055.629279304565,2002.0
0,299.1,310.4,46.9,87,7.264730177929867,11.299999999999955,7013.417103579997,4080.2999999999997
0,299.7,311.0,25.4,194,7.510977752014095,11.300000000000011,4859.6040121319065,4927.599999999999
0,298.9,308.5,43.1,147,7.286191714702382,9.600000000000023,6585.081889214053,6335.7
2,300.7,312.4,47.2,74,7.284820912568604,11.699999999999989,7201.619447481051,3492.8
0,298.0,308.2,45.5,214,7.293017679772782,10.199999999999989,6999.4160723205,9737.0
0,298.1,309.9,30.0,53,7.399398083331354,11.799999999999955,5133.362395965722,1590.0
0,301.0,311.3,47.0,71,7.2078598714324755,10.300000000000011,6639.546633851788,3337.0
0,301.9,310.4,54.9,126,7.227662498728654,8.5,7910.7816291513855,6917.4
0,298.3,308.5,53.8,164,7.217443431696533,10.199999999999989,7673.40288824614,8823.199999999999
1,297.4,309.0,30.7,177,7.430114138561801,11.600000000000023,5417.10057246244,5433.9
0,302.3,311.3,31.6,135,7.3914152346753585,9.0,5364.122848347405,4266.0
0,298.7,309.2,31.4,180,7.369600720526409,10.5,5215.085692861105,5652.0
0,298.3,308.6,38.1,146,7.277938572945661,10.300000000000011,5773.2734035754265,5562.6
1,302.3,311.8,54.0,119,7.218176838403408,9.5,7707.5834163171985,6426.0
0,299.8,309.4,34.8,122,7.349873704738337,9.599999999999966,5666.804828545268,4245.599999999999
0,297.3,308.3,38.5,47,7.338888133838879,11.0,6200.770859900414,1809.5
1,299.8,309.1,56.7,7,7.212294468500341,9.300000000000011,8045.461706210782,396.90000000000003
0,301.5,310.7,46.1,81,7.2633296174768365,9.199999999999989,6884.130093909265,3734.1
1,301.8,310.0,23.9,198,7.485491608030754,8.199999999999989,4457.490624447925,4732.2
1,300.6,310.3,32.7,0,7.387090235656757,9.699999999999989,5526.87829175438,0.0
1,298.1,309.0,38.2,82,7.415776975415394,10.899999999999977,6644.489406293437,3132.4
0,297.6,309.1,38.9,157,7.315883504509785,11.5,6122.618506654611,6107.3
0,302.0,310.4,39.2,112,7.358193752733032,8.399999999999977,6436.662580282959,4390.400000000001
0,298.9,310.1,36.8,78,7.360103972989152,11.200000000000045,6054.142258781865,2870.3999999999996
0,299.0,308.8,50.7,112,7.1785454837637,9.800000000000011,6955.171975782444,5678.400000000001
0,300.9,310.4,30.9,200,7.38770923908104,9.5,5225.8822996139415,6180.0
0,301.3,311.0,35.6,202,7.367077059881012,9.699999999999989,5897.732832535143,7191.200000000001
0,302.3,310.9,33.5,104,7.3758821482150125,8.599999999999966,5598.946427227729,3484.0
0,300.0,311.3,53.2,158,7.3031700512368,11.300000000000011,8267.499002990995,8405.6
0,300.2,311.6,35.5,21,7.333023014386481,11.400000000000034,5684.135948017572,745.5
0,296.7,307.8,47.5,3,7.244941546337007,11.100000000000023,6963.8637154573735,142.5
0,302.5,310.3,40.9,170,7.346010209913293,7.800000000000011,6634.425837826437,6953.0
0,297.5,308.6,44.9,77,7.347943823148687,11.100000000000023,7297.375191562466,3457.2999999999997
0,300.0,309.3,22.0,175,7.587310506022615,9.300000000000011,4543.161856111319,3850.0
0,297.0,308.1,52.5,213,7.217443431696533,11.100000000000023,7487.986089831271,11182.5
2,299.9,311.2,49.6,50,7.21890970761906,11.300000000000011,7084.75220076751,2480.0
0,302.3,310.9,47.2,173,7.247080584585756,8.599999999999966,6934.709735632062,8165.6
0,297.1,308.4,28.4,202,7.454141078146678,11.299999999999955,5133.19484435753,5736.799999999999
0,302.5,310.2,43.0,108,7.282761179605593,7.699999999999989,6547.288529591368,4644.0
0,301.1,311.0,21.7,28,7.5595594960077,9.899999999999977,4358.499039933311,607.6
1,302.0,310.5,44.7,76,7.262628600974241,8.5,6670.386601734527,3397.2000000000003
0,297.6,308.3,42.3,193,7.2991214627108,10.699999999999989,6547.016258228056,8163.9
0,302.6,310.6,37.5,199,7.346010209913293,8.0,6082.908775513237,7462.5
1,302.3,311.4,23.9,43,7.526178913346146,9.099999999999966,4642.697983352556,1027.7
1,300.9,311.3,24.6,100,7.496652438168283,10.400000000000034,4639.566862674478,2460.0
2,301.8,311.1,36.4,120,7.342131730584722,9.300000000000011,5881.605990246714,4368.0
0,296.3,307.3,57.7,33,7.224753405767971,11.0,8290.076582194795,1904.1000000000001
0,302.8,312.4,57.1,8,7.227662498728654,9.599999999999966,8227.78927184962,456.8
1,298.0,307.5,52.9,92,7.266827347520591,9.5,7927.274990582733,4866.8
0,298.4,310.0,37.3,103,7.349230824613334,11.600000000000023,6069.996829706982,3841.8999999999996
0,300.8,311.7,29.0,8,7.469654172932128,10.899999999999977,5323.6381910181435,232.0
2,302.2,311.1,34.1,89,7.348587530927593,8.900000000000034,5545.6754877983585,3034.9
0,301.3,311.2,30.1,18,7.419979923661835,9.899999999999977,5257.643801341735,541.8000000000001
0,300.1,309.4,41.7,30,7.289610521451167,9.299999999999955,6393.015386349085,1251.0
0,299.2,309.9,41.4,219,7.324489979348532,10.699999999999989,6572.463158722134,9066.6
0,297.6,309.0,33.8,22,7.332369205929062,11.399999999999977,5408.398360811996,743.5999999999999
0,301.0,312.3,43.5,136,7.261927092702751,11.300000000000011,6486.7605111322055,5916.0
0,299.4,310.5,28.1,179,7.4673710669175595,11.100000000000023,5146.651332890407,5029.900000000001
0,298.9,309.1,45.5,196,7.2813856635702825,10.200000000000045,6918.415341735443,8918.0
0,300.6,309.8,42.4,133,7.315218389752975,9.199999999999989,6669.056660844508,5639.2
0,298.3,308.9,27.3,170,7.443663683115591,10.599999999999966,4882.914629621544,4641.0
1,301.7,311.0,37.1,190,7.317212408359839,9.300000000000011,5847.079886983764,7049.0
1,303.5,311.6,34.2,107,7.354362330421477,8.100000000000023,5594.171206394274,3659.4
0,299.0,309.9,34.5,214,7.3453648404168685,10.899999999999977,5592.66324192055,7383.0
0,298.8,308.9,37.9,2,7.246368080102461,10.099999999999966,5564.367964087218,75.8
0,300.2,311.7,41.3,44,7.348587530927593,11.5,6716.609901644345,1817.1999999999998
0,303.4,311.7,47.1,213,7.249215057114389,8.300000000000011,6934.814455387181,10032.300000000001
1,302.3,310.8,31.8,169,7.385230923066573,8.5,5364.772110829146,5374.2
0,297.9,309.1,50.3,24,7.274479558773871,11.200000000000045,7595.596110192234,1207.1999999999998
0,303.0,312.3,21.9,132,7.566828479208331,9.300000000000011,4430.7766149169,2890.7999999999997
0,297.3,308.3,38.2,14,7.3098814858247865,11.0,5976.440200483079,534.8000000000001
1,300.2,309.4,40.0,48,7.31455283232408,9.199999999999989,6287.374097384373,1920.0
0,297.6,308.3,47.8,84,7.271703706887368,10.699999999999989,7198.058975806981,4015.2
0,301.7,310.8,50.7,133,7.234177179749849,9.100000000000023,7353.36884462495,6743.1
0,298.3,309.1,47.4,33,7.259819610363186,10.800000000000011,7053.440993986732,1564.2
0,296.8,307.6,46.7,144,7.243512974665482,10.800000000000011,6836.79676459518,6724.8
0,299.2,308.9,41.5,150,7.370860166536716,9.699999999999989,6901.241301895819,6225.0
0,302.2,310.6,30.5,122,7.398174092970465,8.400000000000034,5212.530530836185,3721.0
0,299.5,309.3,49.2,179,7.260522598089852,9.800000000000011,7326.445395583684,8806.800000000001
0,301.3,310.6,45.2,88,7.256297239690681,9.300000000000011,6702.39943087461,3977.6000000000004
1,297.9,307.5,32.4,126,7.404279118037268,9.600000000000023,5571.174748169995,4082.3999999999996
0,304.0,313.1,50.9,119,7.355641102974253,9.100000000000023,8336.488377663827,6057.099999999999
0,298.1,308.5,49.4,5,7.312553498102598,10.399999999999977,7749.387542560967,247.0
0,300.5,312.0,45.1,151,7.282073658093465,11.5,6862.31696891784,6810.1
0,303.3,312.2,40.0,50,7.317876198626496,8.899999999999977,6308.318048408305,2000.0
2,300.9,310.6,27.7,176,7.430707082545968,9.700000000000045,4890.642947549374,4875.2
0,302.3,311.1,33.1,156,7.344072850573066,8.800000000000011,5358.782140836301,5163.6
1,297.6,309.2,48.1,0,7.274479558773871,11.599999999999966,7263.383159050626,0.0
0,301.9,309.8,44.7,131,7.318539548567902,7.900000000000034,7054.226392150131,5855.700000000001
1,302.4,310.5,45.7,144,7.224753405767971,8.100000000000023,6565.970533904717,6580.8
2,300.9,311.2,35.0,90,7.325807502595773,10.300000000000011,5563.760589507524,3150.0
1,304.1,313.5,33.6,108,7.370230641807081,9.399999999999977,5583.992446196642,3628.8
0,297.5,308.5,57.4,143,7.201170883281678,11.0,8054.62468478375,8208.199999999999
1,300.5,311.5,56.1,7,7.223295679562314,11.0,8048.4462192316905,392.7
0,295.6,306.2,61.8,27,7.142036574706803,10.599999999999966,8173.732934256851,1668.6
1,298.8,310.3,41.8,91,7.3613754289773485,11.5,6885.470506774797,3803.7999999999997
0,301.4,310.7,54.1,90,7.270312886079025,9.300000000000011,8135.42644783408,4869.0
1,300.9,312.1,48.6,76,7.168579897264035,11.200000000000045,6600.925988163659,3693.6
0,300.6,309.5,21.4,64,7.613818684808629,8.899999999999977,4538.030588110456,1369.6
1,299.0,309.0,52.2,44,7.20934025660291,10.0,7385.06751449967,2296.8
0,298.1,309.9,32.8,51,7.355001921105257,11.799999999999955,5368.604853866525,1672.8
0,301.3,311.1,40.3,191,7.282761179605593,9.800000000000011,6136.1797149426075,7697.299999999999
2,297.5,308.4,39.7,34,7.307202314764738,10.899999999999977,6194.487674593235,1349.8000000000002
1,297.0,307.9,47.4,112,7.253470382684528,10.899999999999977,7008.767546452686,5308.8
2,301.4,310.6,33.6,49,7.423568444259167,9.200000000000045,5890.109234362431,1646.4
0,303.8,313.0,43.0,0,7.2640301428995295,9.199999999999989,6425.708893897444,0.0
0,300.2,311.8,48.2,175,7.270312886079025,11.600000000000023,7248.198794558275,8435.0
2,300.2,309.9,22.9,165,7.553286605600419,9.699999999999989,4570.745039609838,3778.4999999999995
1,297.6,308.6,45.4,138,7.254884810077338,11.0,6722.54751175963,6265.2
0,302.9,311.1,33.9,96,7.349873704738337,8.200000000000045,5520.249531255305,3254.3999999999996
1,304.2,313.7,18.4,139,7.656337166430183,9.5,4071.4203032482756,2557.6
2,302.2,311.1,39.6,96,7.29776828253138,8.900000000000034,6120.827798842066,3801.6000000000004
0,298.8,309.8,28.2,67,7.416979621381154,11.0,4911.0004679446365,1889.3999999999999
0,300.6,311.3,38.5,0,7.3343293503005365,10.699999999999989,6172.548885895666,0.0
1,295.6,306.1,49.2,158,7.288244401020124,10.5,7532.533873659177,7773.6
2,300.0,309.7,42.4,107,7.333023014386481,9.699999999999989,6788.939836505495,4536.8
1,301.5,310.7,65.6,0,7.198183577101943,9.199999999999989,9177.806890295175,0.0
0,302.1,311.2,50.3,146,7.260522598089852,9.099999999999966,7490.248036541856,7343.799999999999
0,301.3,310.9,17.4,143,7.680637427560936,9.599999999999966,3944.897895112703,2488.2
1,298.5,309.0,22.0,196,7.561121589530238,10.5,4425.6662908670605,4312.0
0,297.4,308.6,53.6,103,7.152268856032539,11.200000000000045,7162.161043751962,5520.8
1,299.8,309.1,39.4,209,7.284134806195205,9.300000000000011,6007.3953600964505,8234.6
0,301.5,310.5,52.9,116,7.20934025660291,9.0,7484.100986916332,6136.4
1,297.4,308.0,34.6,181,7.379008127628304,10.600000000000023,5800.908946951506,6262.6
0,298.1,307.7,12.8,125,7.850882664809852,9.599999999999966,3440.8398258197326,1600.0
0,298.9,310.0,43.6,78,7.260522598089852,11.100000000000023,6492.54104161481,3400.8
0,298.8,309.8,49.3,42,7.19668657083435,11.0,6887.020359150568,2070.6
0,298.8,309.7,39.0,131,7.317212408359839,10.899999999999977,6146.52602674843,5109.0
0,302.4,312.1,40.4,28,7.283448228756631,9.700000000000045,6155.63664544384,1131.2
1,298.7,310.3,38.7,88,7.310550158534422,11.600000000000023,6058.718512080595,3405.6000000000004
0,300.0,310.1,34.6,195,7.298445101508147,10.100000000000023,5351.619309586116,6747.0
0,298.4,308.0,41.1,162,7.3310603052186325,9.600000000000023,6567.876433447895,6658.2
1,297.4,308.4,46.2,95,7.2991214627108,11.0,7150.6418706888,4389.0
1,301.5,311.0,39.7,118,7.363913501405819,9.5,6556.179236801028,4684.6
2,300.4,309.4,40.4,112,7.333676395657684,9.0,6472.937503456409,4524.8
0,302.3,310.7,33.4,139,7.385851078125209,8.399999999999977,5638.195391446578,4642.599999999999
0,298.2,308.1,43.5,37,7.232010331664759,9.900000000000034,6295.437518528586,1609.5
1,301.7,309.9,47.9,189,7.268920128193722,8.199999999999989,7193.053371512262,9053.1
0,301.7,310.9,31.3,42,7.400620577371135,9.199999999999989,5362.363556461394,1314.6000000000001
0,297.7,309.1,38.3,60,7.298445101508147,11.400000000000034,5923.902299339545,2298.0
0,299.8,309.1,35.6,93,7.344072850573066,9.300000000000011,5763.523994373786,3310.8
0,302.2,311.0,46.8,150,7.288927694521257,8.800000000000011,7169.994081434914,7020.0
1,297.1,307.9,26.9,183,7.416378479192928,10.799999999999955,4681.7898679387245,4922.7
1,302.1,311.1,51.6,86,7.280008252884188,9.0,7835.132078052945,4437.6
0,299.2,308.5,53.6,143,7.226209010100671,9.300000000000011,7712.232973444512,7664.8
0,298.4,308.7,44.9,135,7.234898420314831,10.300000000000011,6516.856968753595,6061.5
1,301.5,310.5,29.3,114,7.460490305825338,9.0,5329.617689035476,3340.2000000000003
0,298.4,309.2,45.5,11,7.262628600974241,10.800000000000011,6789.767122570939,500.5
2,299.2,308.7,51.4,173,7.278628942320682,9.5,7793.998158241941,8892.199999999999
0,299.0,308.7,38.6,16,7.2633296174768365,9.699999999999989,5764.1523129045045,617.6
1,296.8,307.4,43.9,30,7.29505641646263,10.599999999999966,6767.074351636509,1317.0
0,301.9,310.9,31.4,27,7.362010551259734,9.0,5175.627289132016,847.8
0,300.3,310.7,32.3,123,7.3395376954076745,10.399999999999977,5205.587611071752,3972.8999999999996
0,299.0,310.2,41.1,54,7.307202314764738,11.199999999999989,6412.933083772845,2219.4
0,301.9,310.3,46.3,24,7.303843225277705,8.400000000000034,7200.059123129768,1111.1999999999998
0,301.4,311.1,44.5,159,7.29505641646263,9.700000000000045,6859.562839358193,7075.5
1,300.9,310.8,43.6,185,7.2813856635702825,9.900000000000034,6629.514481311326,8066.0
2,298.7,309.5,40.4,108,7.282073658093465,10.800000000000011,6147.175289230172,4363.2
0,300.6,310.6,39.7,67,7.282761179605593,10.0,6044.822200576217,2659.9
1,298.8,309.7,47.3,141,7.286191714702382,10.899999999999977,7226.783604636304,6669.299999999999
1,302.5,310.3,27.3,186,7.444833273892193,7.800000000000011,4888.6323282510775,5077.8
2,296.9,307.5,48.3,22,7.242797922793756,10.600000000000023,7065.975948674554,1062.6
1,302.1,310.7,30.3,81,7.3833681469923835,8.599999999999966,5102.1977968421115,2454.3
2,302.5,311.5,36.0,44,7.394493107219038,9.0,6129.8755856844045,1584.0
0,299.0,310.1,29.2,62,7.389563953677635,11.100000000000023,4947.547662481397,1810.3999999999999
0,302.2,310.6,53.2,159,7.19668657083435,8.400000000000034,7431.83535713611,8458.800000000001
1,300.1,310.1,49.3,61,7.275172319452771,10.0,7449.752907237084,3007.2999999999997
0,296.5,307.3,42.1,162,7.31455283232408,10.800000000000011,6617.461237497053,6820.2
0,298.3,308.3,46.9,65,7.267525427828172,10.0,7033.062529640445,3048.5
2,297.4,308.5,45.1,63,7.293017679772782,11.100000000000023,6937.882744212187,2841.3
2,302.6,311.5,34.4,228,7.396335293800808,8.899999999999977,5868.243749493446,7843.2
1,298.3,308.4,43.4,69,7.3395376954076745,10.099999999999966,6994.504715805388,2994.6
1,300.0,309.1,30.8,155,7.393263094763838,9.100000000000023,5237.998375281286,4774.0
0,299.0,308.7,42.8,202,7.338238150065589,9.699999999999989,6888.8424828896505,8645.599999999999
1,298.9,308.7,49.8,167,7.246368080102461,9.800000000000011,7311.491414552597,8316.6
0,298.1,308.0,46.0,61,7.2633296174768365,9.899999999999977,6869.197056829202,2806.0
0,298.0,308.7,45.8,114,7.321188556739478,10.699999999999989,7247.00498934991,5221.2
1,295.6,306.2,51.6,126,7.269616749608169,10.599999999999966,7754.078987590328,6501.6
1,301.6,310.7,23.8,81,7.491087593534876,9.099999999999966,4463.763337779594,1927.8
1,300.6,311.9,35.3,0,7.396335293800808,11.299999999999955,6021.773382474378,0.0
0,303.8,312.9,34.3,180,7.323170717943469,9.099999999999966,5438.117827314955,6173.999999999999
0,302.0,310.5,22.0,106,7.590346945602565,8.5,4556.984863787114,2332.0
1,298.6,309.7,32.2,110,7.400009517162692,11.099999999999966,5513.180947784728,3542.0000000000005
1,297.9,308.1,31.4,209,7.395107546562485,10.200000000000045,5349.901905602154,6562.599999999999
0,303.4,311.8,35.9,171,7.355641102974253,8.400000000000034,5879.76292255661,6138.9
0,299.1,310.1,48.8,229,7.269616749608169,11.0,7333.315011519535,11175.199999999999
2,300.4,309.3,51.2,54,7.242082359256962,8.900000000000034,7484.865441128706,2764.8
0,301.1,310.4,24.8,47,7.536363938404511,9.299999999999955,4866.8715631372115,1165.6000000000001
0,298.0,308.0,39.2,87,7.2682230211595655,10.0,5882.48563618972,3410.4
1,300.0,309.3,43.9,138,7.249925536717988,9.300000000000011,6468.25653040256,6058.2
1,302.3,311.8,48.0,180,7.297091005160418,9.5,7414.158662471912,8640.0
0,302.8,310.8,39.5,23,7.324489979348532,8.0,6270.828376075466,908.5
0,299.1,308.3,33.7,30,7.352441100243583,9.199999999999989,5501.797910403221,1011.0000000000001
1,299.0,310.0,57.4,146,7.198931240688173,11.0,8036.591942952145,8380.4
1,300.5,311.4,51.9,68,7.237778191923443,10.899999999999977,7554.5878540873755,3529.2
1,303.7,312.4,37.4,146,7.340186835320115,8.699999999999989,6031.439015871924,5460.4
1,302.8,312.3,49.0,218,7.267525427828172,9.5,7347.975777236286,10682.0
1,302.3,310.1,37.8,31,7.355001921105257,7.800000000000011,6186.989740126666,1171.8
1,302.2,311.0,47.0,187,7.270312886079025,8.800000000000011,7067.745712536077,8789.0
0,298.1,309.0,40.5,58,7.311886164077165,10.899999999999977,6349.0016732722925,2349.0
0,297.3,307.9,34.4,193,7.365180126021013,10.599999999999966,5688.12577068763,6639.2
0,302.6,310.4,36.2,84,7.40184157874383,7.7999999999999545,6209.420711673299,3040.8
0,302.1,311.0,50.0,205,7.21890970761906,8.899999999999977,7141.887299160796,10250.0
0,301.0,311.2,42.1,64,7.253470382684528,10.199999999999989,6225.086787039199,2694.4
1,296.9,307.5,31.2,116,7.350516171833998,10.600000000000023,5083.850895745147,3619.2
1,298.2,308.9,38.8,20,7.25063551189868,10.699999999999989,5720.88211008906,776.0
2,297.1,308.3,41.5,141,7.30854279753919,11.199999999999989,6484.037797499093,5851.5
0,302.3,311.4,37.2,15,7.359467638255621,9.099999999999966,6116.052578008611,558.0
0,298.9,309.9,44.2,115,7.313886831633462,11.0,6942.919764433444,5083.0
0,298.5,309.4,21.5,164,7.555905093611346,10.899999999999977,4302.568218723902,3526.0
0,298.9,310.1,23.4,192,7.573017256052546,11.200000000000045,4763.659772491275,4492.799999999999
0,300.5,311.6,32.5,168,7.362645270417825,11.100000000000023,5360.342465187585,5460.0
0,301.9,310.5,55.7,204,7.201170883281678,8.600000000000023,7816.073082621167,11362.800000000001
2,298.3,309.1,40.9,162,7.266128779556451,10.800000000000011,6124.744317683541,6625.8
2,303.8,312.5,25.1,175,7.466799475018602,8.699999999999989,4594.558311924049,4392.5
0,297.9,307.7,37.6,72,7.344072850573066,9.800000000000011,6087.317477203774,2707.2000000000003
0,300.9,310.7,36.2,208,7.292337176173877,9.800000000000011,5564.975338666913,7529.6
0,298.8,308.5,37.0,11,7.277247726631484,9.699999999999989,5602.716338412037,407.0
0,300.9,310.8,39.0,10,7.29776828253138,9.900000000000034,6028.087983708095,390.0
0,303.0,312.5,40.2,127,7.2875606403097235,9.5,6150.421601638882,5105.400000000001
2,304.0,313.1,39.8,132,7.25063551189868,9.100000000000023,5868.327525297541,5253.599999999999
0,301.5,311.1,18.7,103,7.638679823876112,9.600000000000023,4065.3465574513357,1926.1
1,300.6,311.6,31.5,69,7.295735072749282,11.0,4858.944277674654,2173.5
1,297.2,308.6,43.7,160,7.247792581767846,11.400000000000034,6425.059631415702,6992.0
1,303.8,312.7,49.3,167,7.21890970761906,8.899999999999977,7041.900876972544,8233.1
0,297.5,308.7,37.6,112,7.282073658093465,11.199999999999989,5721.133437501348,4211.2
0,303.4,312.3,38.7,96,7.340186835320115,8.900000000000034,6241.087965621484,3715.2000000000003
0,296.2,307.2,43.6,22,7.213031659834869,11.0,6191.199474282476,959.2
0,300.5,309.8,43.9,164,7.27655640271871,9.300000000000011,6642.950025893177,7199.599999999999
0,297.1,308.5,36.2,0,7.349873704738337,11.399999999999977,5894.7797354407685,0.0
2,297.6,309.5,33.1,224,7.392647520721623,11.899999999999977,5625.681380709778,7414.400000000001
1,300.6,309.8,28.9,127,7.414572881350589,9.199999999999989,5020.799131187599,3670.2999999999997
2,296.6,307.7,31.0,91,7.411556287811163,11.099999999999966,5369.400724005434,2821.0
1,300.8,310.9,46.2,56,7.328437352895162,10.099999999999966,7363.516188896045,2587.2000000000003
1,299.5,308.7,51.9,114,7.186901020411631,9.199999999999989,7179.575939028362,5916.599999999999
0,303.5,311.8,45.2,173,7.280697195384741,8.300000000000011,6868.06608347391,7819.6
0,303.2,311.4,35.5,63,7.384610383176974,8.199999999999989,5985.257603864154,2236.5
1,298.1,308.9,46.2,173,7.21081845347222,10.799999999999955,6545.885284872765,7992.6
0,297.9,307.6,39.0,35,7.346655163176539,9.700000000000045,6330.309196983433,1365.0
1,301.2,310.4,41.6,117,7.232010331664759,9.199999999999989,6020.464385535383,4867.2
1,301.4,311.2,36.3,28,7.340835554123275,9.800000000000011,5857.845077810063,1016.3999999999999
0,302.6,311.7,34.1,137,7.341483852363161,9.099999999999966,5506.395107652975,4671.7
0,302.6,311.0,20.7,137,7.601901959875166,8.399999999999977,4337.565560884891,2835.9
1,300.9,311.0,38.8,127,7.350516171833998,10.100000000000023,6322.224831888196,4927.599999999999
1,303.7,312.6,43.3,189,7.265429723253953,8.900000000000034,6479.608151857532,8183.7
1,297.2,307.9,29.0,188,7.466227556215481,10.699999999999989,5305.416953627323,5452.0
1,303.0,312.2,71.3,122,7.1372784372603855,9.199999999999989,9385.413804819898,8698.6
0,299.8,309.7,40.3,101,7.266827347520591,9.899999999999977,6039.1149739221955,4070.2999999999997
1,300.9,310.6,29.2,158,7.444248649496705,9.700000000000045,5225.808995785357,4613.599999999999
2,303.7,312.9,49.8,2,7.2868764117507,9.199999999999989,7613.963955240223,99.6
0,297.5,308.9,43.5,0,7.275172319452771,11.399999999999977,6573.311388738604,0.0
0,300.3,311.8,43.1,57,7.319202458767849,11.5,6806.239540051262,2456.7000000000003
1,297.3,308.3,31.1,8,7.4133673356952405,11.0,5396.491724654891,248.8
0,297.5,308.3,40.8,37,7.3427791893318455,10.800000000000011,6596.841917713991,1509.6
0,297.3,308.4,39.4,59,7.286191714702382,11.099999999999966,6019.773235151593,2324.6
0,299.1,310.0,46.6,27,7.240649694255466,10.899999999999977,6802.637180475147,1258.2
2,299.7,309.6,41.0,179,7.348587530927593,9.900000000000034,6667.8209677340965,7339.0
0,301.2,310.8,28.9,38,7.445417556701687,9.600000000000023,5178.171979181423,1098.2
0,296.4,307.3,37.5,83,7.305188215393037,10.900000000000034,5839.435344860029,3112.5
0,301.2,311.2,34.1,204,7.351799869057777,10.0,5563.530206046261,6956.400000000001
0,302.9,312.4,34.8,150,7.3537223303996315,9.5,5688.6703134142535,5220.0
0,299.1,308.8,50.1,84,7.265429723253953,9.699999999999989,7497.190956306291,4208.400000000001
0,300.5,311.6,45.4,204,7.277938572945661,11.100000000000023,6879.438648879905,9261.6
1,302.2,310.9,53.4,58,7.172424577124845,8.699999999999989,7280.829470253561,3097.2
0,301.8,310.9,36.5,33,7.27931883541462,9.099999999999966,5538.470768646126,1204.5
0,304.2,313.4,49.4,96,7.284820912568604,9.199999999999989,7537.288150541607,4742.4
1,299.7,310.5,35.4,134,7.374629015218945,10.800000000000011,5909.084453990114,4743.599999999999
1,301.6,310.6,38.9,0,7.348587530927593,9.0,6326.29843036235,0.0
0,299.7,309.4,29.8,93,7.409136443920128,9.699999999999989,5149.070359233671,2771.4
1,298.5,309.4,47.4,20,7.328437352895162,10.899999999999977,7554.7763496465905,948.0
1,301.7,310.9,48.0,66,7.269616749608169,9.199999999999989,7213.096732642165,3168.0
0,302.5,310.5,39.5,147,7.318539548567902,8.0,6233.6005031304285,5806.5
1,299.7,309.6,34.4,91,7.340186835320115,9.900000000000034,5547.633747219096,3130.4
2,298.6,309.7,39.1,66,7.288927694521257,11.099999999999966,5990.315568036435,2580.6
0,299.8,309.7,34.2,96,7.393263094763838,9.899999999999977,5816.21897515,3283.2000000000003
0,299.0,310.4,53.8,228,7.22402480828583,11.399999999999977,7724.108193675081,12266.4
1,303.9,313.3,34.3,161,7.318539548567902,9.400000000000034,5412.974614110726,5522.299999999999
1,303.6,312.3,31.3,100,7.4377951216719325,8.699999999999989,5565.582713246606,3130.0
1,301.5,311.1,38.6,149,7.318539548567902,9.600000000000023,6091.569099261634,5751.400000000001
0,297.3,308.6,47.6,110,7.214504414151143,11.300000000000011,6769.168746738904,5236.0
0,300.2,311.6,26.4,20,7.477604243197589,11.400000000000034,4885.050912625985,528.0
0,297.7,308.8,24.5,186,7.5480289699350145,11.100000000000023,4864.442064818435,4557.0
0,297.4,309.1,41.1,152,7.2305631534092925,11.700000000000045,5939.495070876864,6247.2
0,298.7,310.0,32.6,197,7.349873704738337,11.300000000000011,5308.558546280913,6422.200000000001
0,298.8,310.1,47.4,187,7.301147805856032,11.300000000000011,7351.263977547044,8863.8
0,302.3,311.5,26.1,7,7.492760300922379,9.199999999999989,4903.334981869877,182.70000000000002
1,298.8,308.7,39.5,89,7.312553498102598,9.899999999999977,6196.3726301853885,3515.5
0,299.2,310.3,47.0,21,7.273092595999522,11.100000000000023,7087.433026498573,987.0
0,302.8,312.3,29.9,162,7.475905969367397,9.5,5523.296876129287,4843.8
0,298.8,309.4,54.1,171,7.23561914106675,10.599999999999966,7857.824848987374,9251.1
1,298.9,310.3,35.2,50,7.347299700743164,11.400000000000034,5717.19597470885,1760.0000000000002
0,302.4,311.8,30.0,122,7.407924322559599,9.400000000000034,5177.344693115979,3660.0
0,303.3,311.7,38.5,221,7.3395376954076745,8.399999999999977,6204.802570472521,8508.5
0,299.6,310.1,20.4,60,7.629489916393995,10.5,4394.334140135259,1224.0
0,300.9,310.8,30.2,53,7.455876687491824,9.900000000000034,5468.025789377131,1600.6
0,301.7,310.9,33.0,160,7.3833681469923835,9.199999999999989,5556.849085669626,5280.0
0,298.6,309.6,35.0,21,7.355001921105257,11.0,5728.694203820988,735.0
0,298.1,307.5,43.7,153,7.309212365692763,9.399999999999977,6832.346175002595,6686.1
1,298.9,308.6,39.8,114,7.325148957955575,9.700000000000045,6322.62276695765,4537.2
0,297.3,307.9,24.7,75,7.494430215031565,10.599999999999966,4648.080578765706,1852.5
0,297.9,309.7,16.8,27,7.693937325509272,11.800000000000011,3859.8863979065636,453.6
0,300.6,309.7,33.2,185,7.388946097618437,9.099999999999966,5621.817221745863,6142.000000000001
1,301.0,311.6,35.8,156,7.383989457978509,10.600000000000023,6032.0882783536645,5584.799999999999
1,300.4,310.4,36.3,21,7.3427791893318455,10.0,5869.249059142595,762.3
1,298.5,308.7,28.3,15,7.416378479192928,10.199999999999989,4925.451794151149,424.5
0,300.4,309.7,27.4,115,7.4342573821331355,9.300000000000011,4854.891623151522,3151.0
0,302.6,311.9,30.9,89,7.3987862754199485,9.299999999999955,5284.127427411497,2750.1
0,297.4,308.6,59.1,118,7.1891677384203225,11.200000000000045,8194.153286505185,6973.8
0,302.2,311.5,38.5,37,7.342131730584722,9.300000000000011,6220.929412760948,1424.5
1,303.5,312.2,23.6,109,7.506042178518122,8.699999999999989,4492.98014945798,2572.4
1,300.8,311.9,28.3,211,7.3914152346753585,11.099999999999966,4803.945462285808,5971.3
0,301.4,310.6,43.9,210,7.27655640271871,9.200000000000045,6642.950025893177,9219.0
0,302.8,312.4,34.4,64,7.372118028337787,9.599999999999966,5727.75172602491,2201.6
0,297.1,308.6,37.1,59,7.274479558773871,11.5,5602.318403342582,2188.9
0,299.0,310.3,24.0,221,7.533158807455563,11.300000000000011,4694.796061524587,5304.0
0,303.9,313.1,49.3,199,7.262628600974241,9.200000000000045,7356.824596543896,9810.699999999999
0,302.9,312.6,59.9,24,7.192182058713246,9.700000000000045,8330.163304454602,1437.6
0,301.1,311.4,38.7,55,7.3343293503005365,10.299999999999955,6204.6140749133065,2128.5
0,303.6,312.7,32.9,19,7.401231264413015,9.099999999999966,5639.923267406051,625.1
0,300.3,309.6,34.6,177,7.3783837129967145,9.300000000000011,5797.285643424366,6124.2
1,300.2,310.3,40.1,209,7.278628942320682,10.100000000000023,6080.531637072021,8380.9
0,299.6,310.2,24.8,99,7.463936604468925,10.599999999999966,4526.6580227044615,2455.2000000000003
0,304.2,313.8,53.9,142,7.2456550675945355,9.600000000000023,7907.797116130475,7653.8
1,297.5,308.4,28.1,15,7.430114138561801,10.899999999999977,4958.3233252832115,421.5
0,300.8,310.1,61.2,189,7.2485040723706105,9.300000000000011,9004.432863719067,11566.800000000001
0,298.9,310.0,28.8,56,7.434847875211999,11.100000000000023,5105.967708026419,1612.8
0,298.9,310.2,27.6,103,7.442492722794441,11.300000000000011,4930.792501662252,2842.8
0,298.5,308.7,33.9,128,7.362645270417825,10.199999999999989,5591.249525226434,4339.2
0,301.0,310.3,34.5,126,7.388946097618437,9.300000000000011,5841.9486189829,4347.0
0,301.3,310.3,41.5,197,7.2868764117507,9.0,6344.969962700186,8175.5
0,297.5,308.8,57.3,0,7.177782416195197,11.300000000000011,7854.578536578664,0.0
0,301.0,311.6,63.5,143,7.210079628170788,10.600000000000023,8990.400416533032,9080.5
1,302.2,310.9,44.2,57,7.305860032684009,8.699999999999989,6887.376406317976,2519.4
0,302.1,310.9,30.3,186,7.413970290190444,8.799999999999955,5260.848225848396,5635.8
0,298.8,310.0,39.9,190,7.338238150065589,11.199999999999989,6422.075118394791,7581.0
0,300.1,311.5,54.0,26,7.19668657083435,11.399999999999977,7543.592279799811,1404.0
1,300.1,309.6,38.0,157,7.31455283232408,9.5,5973.005392515155,5966.0
2,300.5,309.4,36.2,103,7.404279118037268,8.899999999999977,6224.584132214624,3728.6000000000004
1,295.8,306.3,76.2,89,7.119635638017636,10.5,9854.861995045823,6781.8
0,302.5,311.5,32.4,194,7.38025578842646,9.0,5438.850865600793,6285.599999999999
0,295.3,305.7,51.0,187,7.297091005160418,10.399999999999977,7877.543578876406,9537.0
0,301.7,311.2,38.0,166,7.257707677160043,9.5,5642.719284867748,6308.0
1,297.5,309.4,26.6,105,7.513163545234075,11.899999999999977,5100.333785200982,2793.0
1,298.5,308.3,43.6,5,7.273092595999522,9.800000000000011,6574.725105432719,218.0
0,301.4,310.8,62.6,183,7.1592919047975645,9.400000000000034,8423.761821580552,11455.800000000001
1,302.2,311.6,50.5,69,7.234898420314831,9.400000000000034,7329.649820090346,3484.5
0,300.6,311.7,43.9,185,7.332369205929062,11.099999999999966,7024.5173976226815,8121.5
2,297.7,309.3,48.9,147,7.244941546337007,11.600000000000023,7169.114435491906,7188.3
0,295.7,306.1,47.9,117,7.25063551189868,10.400000000000034,7062.6353884862365,5604.3
1,295.9,306.6,38.6,104,7.334981878871814,10.700000000000045,6192.6236629521045,4014.4
0,297.2,308.1,30.9,204,7.44600149832412,10.900000000000034,5539.758821634097,6303.599999999999
0,299.4,310.5,36.1,169,7.323170717943469,11.100000000000023,5723.500103967052,6100.900000000001
0,301.1,311.2,29.6,186,7.4815557019095165,10.099999999999966,5498.876229235383,5505.6
0,298.2,308.9,54.0,18,7.153833801578843,10.699999999999989,7226.91974031796,972.0
0,301.5,310.8,52.4,165,7.232010331664759,9.300000000000011,7583.469562549377,8646.0
1,299.2,310.6,50.9,85,7.275172319452771,11.400000000000034,7691.529877857355,4326.5
0,296.9,308.1,33.7,229,7.349873704738337,11.200000000000045,5487.681687413091,7717.300000000001
0,303.2,311.3,52.9,12,7.2399325913204695,8.100000000000023,7716.767338841193,634.8
0,303.3,311.4,32.5,2,7.396948602621014,8.099999999999966,5547.5290274639765,65.0
2,297.3,308.7,47.6,98,7.2991214627108,11.399999999999977,7367.3279879823995,4664.8
0,296.8,308.0,29.7,46,7.424165281042028,11.199999999999989,5209.546017815274,1366.2
0,298.6,309.6,48.6,25,7.234898420314831,11.0,7053.880816958234,1215.0
0,302.6,312.1,28.7,180,7.419979923661835,9.5,5013.102229186305,5166.0
1,300.1,309.2,44.3,98,7.284820912568604,9.099999999999966,6759.147066173951,4341.4
0,303.1,311.2,34.8,25,7.426549072397305,8.099999999999966,6118.691515837623,869.9999999999999
0,297.3,308.7,35.8,148,7.370230641807081,11.399999999999977,5949.6109992214215,5298.4
0,303.8,313.1,42.2,25,7.285506548522785,9.300000000000011,6443.155205100378,1055.0
1,301.5,310.6,14.2,126,7.796880342783522,9.100000000000023,3616.433911204378,1789.1999999999998
0,302.4,311.8,46.1,202,7.256297239690681,9.400000000000034,6835.854286799104,9312.2
0,302.6,312.1,68.5,0,7.161622002939187,9.5,9239.214554697342,0.0
1,303.7,312.0,48.6,76,7.246368080102461,8.300000000000011,7135.310898539282,3693.6
1,300.8,309.7,39.0,171,7.301822342137932,8.899999999999977,6052.592406406096,6669.0
0,300.1,309.6,33.6,168,7.408530566894626,9.5,5802.144640061917,5644.8
0,297.7,308.5,45.5,86,7.282073658093465,10.800000000000011,6923.180090593387,3913.0
1,301.9,310.9,37.0,35,7.302496423727326,9.0,5746.077683170851,1295.0
1,300.7,309.6,37.2,19,7.337587743538596,8.900000000000034,5983.603031733264,706.8000000000001
0,299.4,308.7,37.8,112,7.316548177182976,9.300000000000011,5953.443742258802,4233.599999999999
1,304.4,313.6,38.9,199,7.32052696227274,9.200000000000045,6151.133695973695,7741.099999999999
1,298.6,309.9,32.3,6,7.419979923661835,11.299999999999955,5641.923414728837,193.79999999999998
0,297.5,308.6,53.5,192,7.2305631534092925,11.100000000000023,7731.459520484482,10272.0
0,301.0,311.1,64.4,177,7.1204443723924875,10.100000000000023,8335.524955916726,11398.800000000001
2,301.6,310.6,26.2,171,7.507690077819904,9.0,4996.200460709991,4480.2
0,303.0,311.2,44.0,142,7.284134806195205,8.199999999999989,6708.766391985884,6248.0
0,300.6,310.6,22.0,24,7.566311014772463,10.0,4448.704636993387,528.0
0,298.5,308.9,31.9,205,7.453561871643373,10.399999999999977,5762.466324847077,6539.5
1,300.8,312.4,43.7,139,7.290292882446597,11.599999999999966,6704.211082638179,6074.3
0,300.7,310.7,41.3,82,7.340835554123275,10.0,6664.710791007042,3386.6
2,299.4,309.0,51.7,62,7.255591274253665,9.600000000000023,7660.826045656271,3205.4
1,300.7,311.3,37.1,58,7.354362330421477,10.600000000000023,6068.530753135308,2151.8
1,299.0,310.3,39.9,78,7.277938572945661,11.300000000000011,6046.026477760092,3112.2
0,301.6,310.9,51.2,132,7.234177179749849,9.299999999999955,7425.887275045315,6758.400000000001
0,298.4,308.3,48.5,73,7.2813856635702825,9.900000000000034,7374.574595036681,3540.5
0,297.8,308.4,33.2,177,7.44716835960004,10.599999999999966,5959.056721133215,5876.400000000001
0,297.6,308.6,38.1,152,7.307872780763706,11.0,5948.825601058024,5791.2
0,297.2,308.5,47.9,188,7.277938572945661,11.300000000000011,7258.262363025274,9005.199999999999
1,301.3,310.4,39.8,187,7.31455283232408,9.099999999999966,6255.937226897451,7442.599999999999
0,297.5,308.8,50.7,190,7.215975002651466,11.300000000000011,7220.636555010781,9633.0
0,300.6,310.0,31.0,107,7.400009517162692,9.399999999999977,5307.720788239955,3317.0
2,300.6,309.8,36.2,166,7.340835554123275,9.199999999999989,5841.707763546125,6009.200000000001
1,302.4,311.0,37.1,168,7.307202314764738,8.600000000000023,5788.803343259673,6232.8
1,300.9,312.0,50.7,185,7.246368080102461,11.100000000000023,7443.626801562585,9379.5
0,298.2,308.6,39.5,7,7.2682230211595655,10.400000000000034,5927.504658915661,276.5
1,299.8,309.8,45.2,106,7.2640301428995295,10.0,6754.466093120104,4791.200000000001
0,300.9,310.7,37.5,12,7.31986492980897,9.800000000000011,5925.829142833747,450.0
1,298.6,309.3,40.8,177,7.32052696227274,10.699999999999989,6451.574673411998,7221.599999999999
0,300.7,310.2,35.9,10,7.309212365692763,9.5,5612.842738732109,359.0
0,303.7,312.5,36.0,125,7.403670290012373,8.800000000000011,6186.42425344902,4500.0
0,302.1,310.6,53.6,5,7.234177179749849,8.5,7773.975741063064,268.0
1,300.9,311.4,45.4,118,7.268920128193722,10.5,6817.633049408281,5357.2
0,302.7,312.1,37.5,33,7.342131730584722,9.400000000000034,6059.346830611313,1237.5
0,301.5,310.6,41.9,204,7.330405211844402,9.100000000000023,6691.330552758461,8547.6
1,300.4,310.2,47.3,5,7.2305631534092925,9.800000000000011,6835.477295680673,236.5
0,300.8,310.8,27.1,39,7.462789157412448,10.0,4940.79323827618,1056.9
1,301.8,310.8,38.8,96,7.319202458767849,9.0,6127.19475995334,3724.7999999999997
0,303.9,313.1,41.1,12,7.273092595999522,9.200000000000045,6197.733987001944,493.20000000000005
1,304.0,313.0,46.8,30,7.282761179605593,9.0,7125.886120578512,1404.0
0,300.7,311.0,48.3,70,7.247080584585756,10.300000000000011,7096.323733708232,3381.0
1,300.7,311.0,44.3,72,7.254177846456518,10.300000000000011,6555.02731949471,3189.6
0,300.2,309.8,55.0,102,7.266128779556451,9.600000000000023,8236.208740161243,5610.0
0,301.5,310.7,35.4,150,7.3758821482150125,9.199999999999989,5916.4986126525855,5310.0
1,302.3,310.8,27.8,127,7.47477218239787,8.5,5129.550596879366,3530.6
0,300.3,311.1,30.9,156,7.382124365737512,10.800000000000011,5196.759735715164,4820.4
0,301.2,310.4,44.4,53,7.324489979348532,9.199999999999989,7048.728605006347,2353.2
0,297.9,308.1,40.8,2,7.3343293503005365,10.200000000000045,6541.298559598524,81.6
1,298.6,309.4,43.8,138,7.2868764117507,10.799999999999955,6696.6189003920035,6044.4
0,300.5,309.6,50.2,219,7.220373836723949,9.100000000000023,7180.968711771455,10993.800000000001
0,297.0,307.7,60.1,128,7.182352111885263,10.699999999999989,8276.159326739391,7692.8
0,303.5,312.0,45.1,32,7.270312886079025,8.5,6782.028332667597,1443.2
0,300.6,310.0,35.9,95,7.317212408359839,9.399999999999977,5657.956009237657,3410.5
0,297.5,309.3,29.9,32,7.457609289715606,11.800000000000011,5423.101014430797,956.8
0,300.7,311.0,52.0,91,7.254177846456518,10.300000000000011,7694.388727172121,4732.0
0,296.9,307.9,56.5,110,7.215239978730097,11.0,8040.749317230396,6215.0
0,300.7,311.2,47.9,80,7.24422751560335,10.5,7017.490702054153,3832.0
0,299.0,308.4,38.6,5,7.360103972989152,9.399999999999977,6350.26878230924,193.0
1,302.1,311.4,43.4,33,7.291656209174461,9.299999999999955,6667.276425007474,1432.2
1,300.7,311.5,40.6,33,7.273786317844895,10.800000000000011,6126.5873853736475,1339.8
1,302.6,311.0,48.6,111,7.1929342212158,8.399999999999977,6763.786151325753,5394.6
1,297.3,308.6,50.7,157,7.294377299288821,11.300000000000011,7809.96792089769,7959.900000000001
1,300.3,309.3,57.9,204,7.238496840894365,9.0,8434.013885606766,11811.6
0,302.6,311.5,38.9,213,7.2640301428995295,8.899999999999977,5813.02502261885,8285.699999999999
1,299.1,310.0,36.0,195,7.365812837209472,10.899999999999977,5956.459671206248,7020.0
0,299.0,310.2,37.8,42,7.362645270417825,11.199999999999989,6234.490621048944,1587.6
2,302.7,311.1,43.4,130,7.257707677160043,8.400000000000034,6444.579393770006,5642.0
0,303.1,311.3,34.8,215,7.29641326877392,8.199999999999989,5371.620782813972,7481.999999999999
1,300.7,311.0,51.6,130,7.229113877793302,10.300000000000011,7446.077243832384,6708.0
0,304.1,313.4,56.6,115,7.226209010100671,9.299999999999955,8143.88780404775,6509.0
1,298.8,309.0,29.5,162,7.415776975415394,10.199999999999989,5131.215640985769,4779.0
0,300.8,311.4,67.2,18,7.187657164114956,10.599999999999966,9303.135493222384,1209.6000000000001
1,297.6,308.9,43.2,206,7.2682230211595655,11.299999999999955,6482.739272535609,8899.2
0,299.0,308.6,32.2,106,7.415776975415394,9.600000000000023,5600.852326770908,3413.2000000000003
1,300.4,311.6,49.9,79,7.2456550675945355,11.200000000000045,7320.947608439902,3942.1
1,298.2,309.4,46.5,76,7.25063551189868,11.199999999999989,6856.211807194363,3534.0
1,299.9,309.6,44.4,20,7.21890970761906,9.700000000000045,6341.995921654786,888.0
0,299.7,309.0,33.0,151,7.381501894506707,9.300000000000011,5546.48182991278,4983.0
1,299.7,309.6,39.1,176,7.336285660021297,9.900000000000034,6281.028080224121,6881.6
2,300.9,312.0,17.8,173,7.6638772587034705,11.100000000000023,3968.480783965651,3079.4
0,303.1,311.1,22.6,19,7.5256399750415355,8.0,4387.799627415792,429.40000000000003
0,300.6,309.8,28.6,135,7.4318919168078,9.199999999999989,5055.534673960791,3861.0
1,298.9,308.7,28.4,177,7.480428306074208,9.800000000000011,5270.000732445854,5026.8
0,301.2,311.7,49.3,206,7.2682230211595655,10.5,7398.1260679630905,10155.8
1,299.0,310.2,31.8,89,7.3938782901077555,11.199999999999989,5411.393345808419,2830.2000000000003
0,302.1,310.8,25.7,47,7.488293515159428,8.699999999999989,4806.657703943408,1207.8999999999999
1,299.7,309.1,24.7,189,7.524021415206125,9.400000000000034,4787.755788144309,4668.3
0,298.9,308.3,34.4,9,7.415175109613295,9.400000000000034,5979.916896353051,309.59999999999997
2,298.9,309.9,51.0,32,7.227662498728654,11.0,7348.813535277243,1632.0
0,298.5,308.8,30.6,11,7.371489295214277,10.300000000000011,5091.830541085265,336.6
0,302.1,310.5,36.0,124,7.352441100243583,8.399999999999977,5877.291536335785,4464.0
0,298.7,310.1,27.7,114,7.488293515159428,11.400000000000034,5180.716669230832,3157.7999999999997
2,303.4,311.7,19.0,53,7.596894438144544,8.300000000000011,3961.4436164216095,1007.0
0,298.2,308.8,33.7,16,7.388327859577107,10.600000000000023,5702.954088012575,539.2
0,301.6,311.2,43.7,91,7.330405211844402,9.599999999999966,6978.786280561927,3976.7000000000003
0,302.2,311.7,54.6,154,7.193685818395112,9.5,7604.539177279453,8408.4
1,298.3,308.7,28.6,18,7.419380582918692,10.399999999999977,4992.639989035923,514.8000000000001
0,303.4,312.3,42.8,92,7.299797366758161,8.900000000000034,6628.886162780607,3937.6
0,299.0,309.4,25.7,68,7.472500744737558,10.399999999999977,4731.3013681593,1747.6
0,300.5,311.2,67.5,208,7.147559271189454,10.699999999999989,8977.101007632833,14040.0
0,298.5,309.1,41.3,189,7.29641326877392,10.600000000000023,6374.940756615432,7805.7
1,301.8,311.3,31.6,145,7.393263094763838,9.5,5374.050281132748,4582.0
2,300.8,311.4,44.6,38,7.282073658093465,10.599999999999966,6786.238066823408,1694.8
0,300.7,309.5,29.0,17,7.373374309910049,8.800000000000011,4834.701654364452,493.0
0,300.7,309.6,44.1,122,7.313886831633462,8.900000000000034,6927.211801165495,5380.2
0,302.7,310.5,40.9,211,7.277247726631484,7.800000000000011,6193.2729254338465,8629.9
1,301.3,311.1,41.2,223,7.30854279753919,9.800000000000011,6437.1652351075345,9187.6
0,298.4,309.2,28.5,141,7.409741954080923,10.800000000000011,4927.430997522911,4018.5
2,300.6,311.1,40.2,28,7.2813856635702825,10.5,6112.533994236589,1125.6000000000001
0,304.3,313.6,56.0,19,7.251344983372214,9.300000000000011,8262.807557961634,1064.0
0,300.2,309.7,34.3,120,7.4127640174265625,9.5,5948.16586660077,4116.0
1,299.9,311.4,44.9,108,7.300472814267799,11.5,6958.837167211631,4849.2
1,299.9,309.9,42.1,159,7.402451520818244,10.0,7225.862070791252,6693.900000000001
0,301.3,310.3,31.3,180,7.394493107219038,9.0,5329.58627310894,5634.0
0,303.5,312.4,47.3,164,7.237778191923443,8.899999999999977,6885.00973985227,7757.2
0,300.6,310.4,49.7,155,7.277247726631484,9.799999999999955,7525.810865380494,7703.5
1,298.6,310.2,31.5,7,7.419979923661835,11.599999999999966,5502.185373497164,220.5
1,298.7,309.7,23.8,118,7.533158807455563,11.0,4655.672761011882,2808.4
2,300.1,311.5,46.2,134,7.260522598089852,11.399999999999977,6879.710920243216,6190.8
0,298.6,309.6,36.9,192,7.307872780763706,11.0,5761.461015197929,7084.799999999999
1,300.4,309.4,23.9,155,7.53689712956617,9.0,4692.754026299754,3704.5
1,295.8,306.5,37.7,60,7.323170717943469,10.699999999999989,5977.173238768916,2262.0
2,303.7,312.8,42.8,54,7.305860032684009,9.100000000000023,6669.224212452699,2311.2
0,299.0,308.7,38.9,18,7.27931883541462,9.699999999999989,5902.644189050256,700.1999999999999
0,298.9,310.0,17.4,151,7.710653323501202,11.100000000000023,4065.1580618921207,2627.3999999999996
1,298.8,309.7,48.5,138,7.298445101508147,10.899999999999977,7501.547298119267,6693.0
0,301.3,311.0,44.5,78,7.207118856207756,9.699999999999989,6281.719230607911,3471.0
0,303.6,312.8,27.2,14,7.444833273892193,9.199999999999989,4870.725250125615,380.8
0,300.1,309.7,30.4,41,7.403670290012373,9.599999999999966,5224.091591801394,1246.3999999999999
0,302.2,311.4,53.0,17,7.242797922793756,9.199999999999989,7753.555388814729,901.0
0,299.0,310.1,36.0,57,7.3343293503005365,11.100000000000023,5771.734023175169,2052.0
0,299.5,309.1,44.6,13,7.315218389752975,9.600000000000023,7015.092619661912,579.8000000000001
0,303.7,312.9,50.1,31,7.2875606403097235,9.199999999999989,7665.077667714128,1553.1000000000001
0,300.4,309.7,36.9,131,7.291656209174461,9.300000000000011,5668.721200063958,4833.9
0,297.6,309.5,30.9,151,7.362010551259734,11.899999999999977,5093.212841852844,4665.9
0,299.1,310.1,24.2,22,7.546974117516527,11.0,4799.809031958582,532.4
0,300.6,310.2,47.8,21,7.306531398939505,9.599999999999966,7453.344794837687,1003.8
0,298.2,308.4,43.5,158,7.2813856635702825,10.199999999999989,6614.309172867951,6873.0
1,303.0,312.5,42.1,76,7.329749689041512,9.5,6718.861376379418,3199.6
1,297.6,308.7,41.7,81,7.258412150595307,11.099999999999966,6196.5087658670445,3377.7000000000003
0,297.4,308.7,43.4,116,7.2682230211595655,11.300000000000011,6512.751954352903,5034.4
0,298.3,308.0,50.1,96,7.218176838403408,9.699999999999989,7150.924614027623,4809.6
0,301.7,309.8,46.0,109,7.243512974665482,8.100000000000023,6734.3180122350805,5014.0
1,300.5,309.3,25.5,98,7.540090320145325,8.800000000000011,5022.935414192041,2499.0
0,300.8,311.9,45.1,30,7.304515946460155,11.099999999999966,7018.1713804624305,1353.0
0,302.3,311.6,57.6,77,7.177782416195197,9.300000000000011,7895.701984414155,4435.2
1,303.5,312.4,31.7,22,7.382124365737512,8.899999999999977,5331.303677092903,697.4
0,300.7,310.2,24.2,77,7.4999765409521215,9.5,4579.33205952965,1863.3999999999999
1,303.2,311.4,19.0,5,7.6511201757027,8.199999999999989,4182.297579968972,95.0
0,302.7,310.5,29.0,209,7.453561871643373,7.800000000000011,5238.60574986098,6061.0
1,297.3,308.5,32.8,92,7.3938782901077555,11.199999999999989,5581.562947877866,3017.6
1,302.5,310.4,36.0,69,7.381501894506707,7.899999999999977,6050.707450813941,2484.0
0,300.9,310.8,38.1,125,7.307202314764738,9.900000000000034,5944.835778387966,4762.5
0,297.1,307.8,27.6,181,7.427738840532894,10.699999999999989,4858.5358706296865,4995.6
0,298.3,309.0,48.3,91,7.294377299288821,10.699999999999989,7440.265297423242,4395.3
1,298.8,309.7,48.7,133,7.239214973779806,10.899999999999977,7098.994087463784,6477.1
1,297.6,309.6,37.3,10,7.333676395657684,12.0,5976.251704923863,373.0
1,301.0,310.9,32.7,59,7.349230824613334,9.899999999999977,5321.4181322096065,1929.3000000000002
0,295.6,306.0,21.9,5,7.575584651557793,10.399999999999977,4469.76377974795,109.5
0,302.3,311.4,41.8,77,7.336936913707618,9.099999999999966,6719.1336477427285,3218.6
1,297.5,308.2,30.9,186,7.393263094763838,10.699999999999989,5255.004863512719,5747.4
1,297.6,309.7,33.7,165,7.340835554123275,12.099999999999966,5438.274906947636,5560.500000000001
1,300.0,310.1,53.5,199,7.181591944611865,10.100000000000023,7361.694065156963,10646.5
0,299.7,310.6,35.1,142,7.388327859577107,10.900000000000034,5939.872061995294,4984.2
0,301.9,310.8,29.8,94,7.409136443920128,8.900000000000034,5149.070359233671,2801.2000000000003
0,299.2,310.2,47.0,183,7.285506548522785,11.0,7176.025939329805,8601.0
1,298.2,308.0,47.2,168,7.252762418053187,9.800000000000011,6974.251915165245,7929.6
1,300.2,311.5,40.9,66,7.344719054149673,11.300000000000011,6625.859761857649,2699.4
0,297.7,308.7,27.2,125,7.4318919168078,11.0,4808.060948662011,3400.0
0,300.4,309.9,28.6,206,7.427738840532894,9.5,5034.569778985835,5891.6
0,302.3,311.1,29.9,141,7.371489295214277,8.800000000000011,4975.350757465668,4215.9
1,300.2,310.1,31.3,38,7.3901814282264295,9.900000000000034,5306.6421747622235,1189.4
0,299.3,308.6,37.0,78,7.381501894506707,9.300000000000011,6218.782657780996,2886.0
1,301.8,310.7,45.7,44,7.232733136177615,8.899999999999977,6618.613154803369,2010.8000000000002
0,303.1,312.4,61.5,127,7.247792581767846,9.299999999999955,9042.131975562143,7810.5
0,300.5,311.8,34.8,87,7.3758821482150125,11.300000000000011,5816.218975149999,3027.6
0,299.8,311.2,35.9,137,7.335633981927201,11.399999999999977,5763.220307083939,4918.3
1,301.5,310.6,43.0,100,7.30854279753919,9.100000000000023,6718.400609456892,4300.0
1,299.2,308.3,26.4,19,7.470793774195062,9.100000000000023,4851.875694204075,501.59999999999997
0,299.4,308.9,33.7,174,7.346655163176539,9.5,5470.036408675429,5863.8
0,299.4,309.2,42.1,22,7.2682230211595655,9.800000000000011,6317.669522540489,926.2
0,300.3,311.4,41.6,97,7.3427791893318455,11.099999999999966,6726.191759237795,4035.2000000000003
1,297.5,308.2,32.2,17,7.446585099157725,10.699999999999989,5776.195084743266,547.4000000000001
0,299.2,310.5,44.1,91,7.285506548522785,11.300000000000011,6733.24987073286,4013.1
0,297.6,309.5,36.2,63,7.358830898342354,11.899999999999977,5947.851707335412,2280.6000000000004
1,296.4,307.3,19.1,80,7.639161171659173,10.900000000000034,4154.3059894254875,1528.0
0,302.5,310.4,42.0,152,7.305188215393037,7.899999999999977,6540.167586243232,6384.0
1,298.1,308.5,51.1,116,7.224753405767971,10.399999999999977,7341.818255635252,5927.6
0,303.7,312.4,46.6,119,7.247792581767846,8.699999999999989,6851.436586360908,5545.400000000001
1,298.8,310.1,28.8,206,7.450079569807499,11.300000000000011,5184.381860660021,5932.8
2,299.1,308.3,42.8,21,7.280697195384741,9.199999999999989,6503.390008245206,898.8
0,298.0,308.9,36.7,104,7.313886831633462,10.899999999999977,5764.822519337271,3816.8
2,301.5,310.6,39.0,143,7.321849713788356,9.100000000000023,6175.114519896098,5577.0
0,302.5,311.9,42.9,52,7.301147805856032,9.399999999999977,6653.359169552072,2230.7999999999997
0,300.8,312.1,37.1,169,7.321849713788356,11.300000000000011,5874.275607388339,6269.900000000001
0,297.2,308.6,41.5,108,7.239214973779806,11.400000000000034,6049.450813752505,4482.0
0,297.9,309.8,50.5,38,7.2875606403097235,11.900000000000034,7726.275892606058,1919.0
0,302.0,310.7,42.7,92,7.282073658093465,8.699999999999989,6497.138238864563,3928.4
0,300.6,309.4,32.8,57,7.411556287811163,8.799999999999955,5681.1723789476855,1869.6
0,298.3,308.1,35.5,0,7.369600720526409,9.800000000000011,5896.036372502204,0.0
1,300.4,309.7,39.8,184,7.2909747781429814,9.300000000000011,6110.0626080157635,7323.2
0,300.8,312.0,46.5,7,7.256297239690681,11.199999999999989,6895.167556098879,325.5
1,300.8,310.7,21.1,44,7.54274354536855,9.899999999999977,4167.280767084813,928.4000000000001
1,300.6,310.5,18.0,16,7.676473646389156,9.899999999999977,4063.9642566837565,288.0
1,301.3,310.6,49.4,173,7.229113877793302,9.300000000000011,7128.608834211623,8546.199999999999
0,301.1,310.7,48.2,106,7.19668657083435,9.599999999999966,6733.35459048798,5109.200000000001
1,300.1,311.3,41.0,193,7.310550158534422,11.199999999999989,6418.797390059545,7913.0
0,302.5,310.3,58.5,55,7.190676034332207,7.800000000000011,8123.216124387128,3217.5
0,302.0,311.2,65.3,182,7.147559271189454,9.199999999999989,8684.514011828503,11884.6
1,298.0,307.6,41.8,89,7.319202458767849,9.600000000000023,6600.946932114681,3720.2
1,297.6,307.1,44.9,14,7.294377299288821,9.5,6916.519914167777,628.6
1,302.2,310.9,43.5,140,7.290292882446597,8.699999999999989,6673.528194388118,6090.0
0,300.9,310.4,47.0,65,7.2640301428995295,9.5,7023.4492561204615,3055.0
0,302.0,310.7,58.1,83,7.207118856207756,8.699999999999989,8201.52555726561,4822.3
0,301.0,311.7,34.5,152,7.344719054149673,10.699999999999989,5589.050410368921,5244.0
0,300.8,311.7,49.0,10,7.254884810077338,10.899999999999977,7255.612953220746,490.0
2,301.9,311.0,49.8,174,7.266128779556451,9.100000000000023,7457.512641091452,8665.199999999999
1,300.8,309.6,42.3,186,7.344072850573066,8.800000000000011,6848.232161854245,7867.799999999999
0,301.4,310.7,45.1,7,7.262628600974241,9.300000000000011,6730.076862152733,315.7
1,302.3,311.0,41.3,182,7.259819610363186,8.699999999999989,6145.719684634008,7516.599999999999
1,302.3,311.7,44.6,93,7.261225091971921,9.399999999999977,6646.123034473303,4147.8
0,299.8,310.3,30.4,33,7.431299675155903,10.5,5370.531697360727,1003.1999999999999
1,301.0,311.3,41.5,57,7.282761179605593,10.300000000000011,6318.894743675391,2365.5
1,298.1,308.0,29.3,35,7.430707082545968,9.899999999999977,5173.134958960169,1025.5
0,303.5,311.9,39.2,24,7.323830566202317,8.399999999999977,6219.096817046355,940.8000000000001
0,296.5,307.5,41.8,87,7.275172319452771,11.0,6316.423357454566,3636.6
0,303.4,311.9,37.9,203,7.3343293503005365,8.5,6076.353318842746,7693.7
1,299.9,309.5,38.2,160,7.367077059881012,9.600000000000023,6328.466129293328,6112.0
1,300.8,310.3,42.2,35,7.3098814858247865,9.5,6602.2454570781665,1477.0
1,300.5,311.7,17.2,196,7.669495251007694,11.199999999999989,3856.325926232495,3371.2
0,301.7,311.3,51.0,87,7.207118856207756,9.600000000000023,7199.27372496637,4437.0
1,297.3,308.7,37.0,184,7.341483852363161,11.399999999999977,5974.680908597069,6808.0
0,298.1,307.9,58.2,57,7.262628600974241,9.799999999999955,8684.932890848982,3317.4
0,297.3,308.5,44.5,140,7.332369205929062,11.199999999999989,7120.524469116385,6230.0
1,300.1,311.6,51.4,76,7.2682230211595655,11.5,7713.259227044683,3906.4
0,299.1,310.5,26.9,74,7.459914766241105,11.399999999999977,4890.245012479919,1990.6
2,300.2,311.4,54.6,15,7.1853870155804165,11.199999999999989,7541.644492354586,819.0
1,299.7,309.1,46.1,102,7.210079628170788,9.400000000000034,6526.889121294059,4702.2
1,300.9,311.9,56.1,35,7.1785454837637,11.0,7695.9595234989165,1963.5
0,297.4,308.7,4.2,118,7.963807953231451,11.300000000000011,1264.0512200983894,495.6
2,300.2,309.8,47.7,8,7.226209010100671,9.600000000000023,6863.311806591479,381.6
0,302.4,312.0,45.5,206,7.284820912568604,9.600000000000023,6942.239086025164,9373.0
1,301.7,311.1,40.5,174,7.364547014255642,9.400000000000034,6692.534829942336,7047.0
1,297.2,308.5,55.6,163,7.21890970761906,11.300000000000011,7941.778676666805,9062.800000000001
0,303.6,311.7,39.8,92,7.307872780763706,8.099999999999966,6214.258764359825,3661.6
1,300.4,311.0,46.1,199,7.2682230211595655,10.600000000000023,6917.9231588863795,9173.9
0,300.8,310.9,25.7,109,7.457609289715606,10.099999999999966,4661.327627788343,2801.2999999999997
0,303.7,312.6,29.1,141,7.440146680662688,8.900000000000034,5186.580975517533,4103.1
1,297.2,308.5,34.9,200,7.380879035564116,11.300000000000011,5862.170003696505,6980.0
0,298.4,309.3,27.6,64,7.499423290592229,10.900000000000034,5219.8190257925135,1766.4
0,300.0,309.3,51.2,173,7.242797922793756,9.300000000000011,7490.227092590832,8857.6
0,304.0,313.2,46.0,128,7.256297239690681,9.199999999999989,6821.02596947416,5888.0
0,302.0,310.7,28.1,39,7.4377951216719325,8.699999999999989,4996.577451828422,1095.9
0,300.5,311.4,27.1,37,7.404279118037268,10.899999999999977,4659.840607265644,1002.7
2,297.9,308.0,24.8,44,7.496097345175956,10.100000000000023,4674.689868541612,1091.2
1,299.6,309.2,47.7,28,7.2399325913204695,9.599999999999966,6958.219320656426,1335.6000000000001
0,303.5,311.8,23.5,159,7.573017256052546,8.300000000000011,4784.017292886538,3736.5
0,303.4,312.8,35.8,92,7.322510433997394,9.400000000000034,5672.187423958419,3293.6
0,300.9,311.3,40.2,168,7.27931883541462,10.400000000000034,6099.904791769159,6753.6
2,302.5,312.0,35.7,167,7.365180126021013,9.5,5903.084012021757,5961.900000000001
0,298.8,310.0,30.4,150,7.422373700986824,11.199999999999989,5322.779489026163,4560.0
0,297.5,308.4,56.0,73,7.233455418621439,10.899999999999977,8116.19990079411,4088.0
0,298.3,309.2,37.6,137,7.354362330421477,10.899999999999977,6150.316881883763,5151.2
1,302.3,311.8,34.4,191,7.352441100243583,9.5,5616.078579165305,6570.4
0,304.1,313.2,25.8,186,7.509335266016592,9.099999999999966,4928.027900127093,4798.8
1,297.5,308.5,41.6,118,7.277938572945661,11.0,6303.626603378943,4908.8
0,298.8,310.0,32.4,183,7.385230923066573,11.199999999999989,5465.994226127809,5929.2
0,304.0,313.1,35.7,119,7.407924322559599,9.100000000000023,6161.040184808015,4248.3
0,300.0,309.7,32.0,117,7.349230824613334,9.699999999999989,5207.5039825904405,3744.0
0,302.1,310.7,42.8,98,7.307872780763706,8.599999999999966,6682.670229010063,4194.4
0,299.5,308.7,13.0,179,7.843848638152472,9.199999999999989,3470.0985254001657,2327.0
1,297.5,309.4,58.2,34,7.238496840894365,11.899999999999977,8477.713439418201,1978.8000000000002
0,297.6,308.3,36.9,61,7.392647520721623,10.699999999999989,6271.529998434768,2250.9
0,298.4,308.0,32.4,154,7.381501894506707,9.600000000000023,5445.636705732547,4989.599999999999
0,302.7,312.1,35.2,31,7.379008127628304,9.400000000000034,5901.50274371945,1091.2
0,298.6,309.4,15.5,44,7.746300662231439,10.799999999999955,3752.7371444681276,682.0
0,300.3,311.5,60.1,58,7.247080584585756,11.199999999999989,8830.001167616247,3485.8
1,299.7,309.6,60.0,186,7.1808311990445555,9.900000000000034,8249.822308326797,11160.0
1,303.7,312.6,30.5,163,7.421775793644647,8.900000000000034,5337.09467955102,4971.5
1,300.2,310.3,29.2,42,7.4413203897176174,10.100000000000023,5210.519911537887,1226.3999999999999
0,300.8,311.8,43.3,180,7.2640301428995295,11.0,6470.53942106417,7793.999999999999
0,298.7,309.6,55.6,194,7.274479558773871,10.900000000000034,8395.927310669746,10786.4
0,300.1,311.3,39.5,133,7.299797366758161,11.199999999999989,6117.780453968084,5253.5
0,298.3,308.9,27.0,172,7.529943370601589,10.599999999999966,5264.680968885776,4644.0
0,300.8,311.4,40.9,22,7.337587743538596,10.599999999999966,6578.746344029314,899.8
2,298.5,309.1,19.0,184,7.62657020629066,10.600000000000023,4080.824137258022,3496.0
2,296.9,307.8,54.5,172,7.204892510204673,10.900000000000034,7676.21984965886,9374.0
1,300.2,310.3,29.4,221,7.4413203897176174,10.100000000000023,5246.208404082668,6497.4
0,302.1,311.4,44.6,31,7.346010209913293,9.299999999999955,7234.606170343743,1382.6000000000001
1,298.1,307.8,43.7,200,7.233455418621439,9.699999999999989,6333.5345654411185,8740.0
0,303.5,313.0,38.5,82,7.301822342137932,9.5,5974.995067862428,3157.0
0,298.2,307.8,41.6,62,7.272398392570047,9.600000000000023,6268.775868875121,2579.2000000000003
1,298.9,309.8,53.7,71,7.21081845347222,10.900000000000034,7608.528999949513,3812.7000000000003
0,299.1,308.1,40.7,10,7.299797366758161,9.0,6303.637075354457,407.0
0,297.4,308.1,45.7,110,7.269616749608169,10.700000000000045,6867.469180869729,5027.0
0,301.2,311.0,35.1,64,7.357556200910353,9.800000000000011,5759.764555164991,2246.4
2,301.8,311.1,50.1,149,7.288927694521257,9.300000000000011,7675.57058717712,7464.900000000001
0,299.3,309.0,23.5,100,7.488293515159428,9.699999999999989,4395.1928421272405,2350.0
0,297.2,308.6,49.8,12,7.254177846456518,11.400000000000034,7368.856896407146,597.5999999999999
0,298.1,308.3,38.7,188,7.310550158534422,10.199999999999989,6058.718512080595,7275.6
0,303.6,312.4,16.8,0,7.711101251840158,8.799999999999955,3926.739489574954,0.0
1,301.1,311.3,22.7,38,7.554858521040676,10.199999999999989,4537.957284281872,862.6
0,299.2,308.4,34.1,89,7.390798521735676,9.199999999999989,5784.928712320245,3034.9
0,300.8,312.3,26.3,144,7.527793987721444,11.5,5117.172721824222,3787.2000000000003
0,297.4,308.7,40.2,114,7.246368080102461,11.300000000000011,5902.0472864460735,4582.8
1,301.7,310.1,44.0,61,7.266827347520591,8.400000000000034,6593.574661354258,2684.0
0,298.2,307.8,34.6,78,7.368970402194793,9.600000000000023,5742.936090517262,2698.8
1,303.8,312.6,47.1,162,7.249215057114389,8.800000000000011,6934.814455387181,7630.2
0,295.6,306.2,25.8,29,7.508787170634276,10.599999999999966,4925.326130445006,748.2
0,304.2,313.2,44.9,37,7.289610521451167,9.0,6883.606495133667,1661.3
1,302.4,311.8,37.2,195,7.405495663199472,9.400000000000034,6404.32511990201,7254.000000000001
1,295.6,306.1,29.0,161,7.4205789054108005,10.5,5068.540867546652,4669.0
0,297.2,308.3,30.3,124,7.4127640174265625,11.100000000000023,5254.5022086881445,3757.2000000000003
1,298.0,308.2,51.2,215,7.2254814727822945,10.199999999999989,7361.547457499795,11008.0
0,298.1,309.0,36.0,56,7.351158226430694,10.899999999999977,5869.751713967169,2016.0
1,298.6,309.5,38.1,89,7.356918242356021,10.899999999999977,6248.062301312452,3390.9
1,302.3,311.2,23.9,111,7.519149957669823,8.899999999999977,4610.161555436878,2652.8999999999996
0,302.1,311.4,37.4,102,7.325807502595773,9.299999999999955,5945.275601359469,3814.7999999999997
1,300.2,311.4,39.7,196,7.2640301428995295,11.199999999999989,5932.573095063454,7781.200000000001
0,301.4,310.4,39.4,199,7.352441100243583,9.0,6432.369070323053,7840.599999999999
2,301.5,310.5,33.8,57,7.370230641807081,9.0,5617.230496471621,1926.6
0,300.7,310.6,40.5,87,7.249925536717988,9.900000000000034,5967.2981658611325,3523.5
0,300.0,311.4,45.6,187,7.302496423727326,11.399999999999977,7081.652496015968,8527.2
2,298.2,308.8,28.4,34,7.516433302915632,10.600000000000023,5463.313400396746,965.5999999999999
0,300.6,311.7,49.1,206,7.278628942320682,11.099999999999966,7445.239485791427,10114.6
0,297.9,309.1,44.4,28,7.284820912568604,11.200000000000045,6774.404734494886,1243.2
2,299.6,310.9,31.2,120,7.426549072397305,11.299999999999955,5485.723427992352,3744.0
0,301.1,310.5,44.1,103,7.264730177929867,9.399999999999977,6594.70563470955,4542.3
1,297.9,309.1,39.2,59,7.351799869057777,11.200000000000045,6395.612436276054,2312.8
1,298.0,309.9,33.9,40,7.356279876550748,11.899999999999977,5555.749528240868,1356.0
0,301.2,310.6,30.0,40,7.421177528595393,9.400000000000034,5246.459731494954,1200.0
1,296.3,307.2,51.1,177,7.160069207596127,10.899999999999977,6881.6168197863935,9044.7
1,296.6,307.4,25.8,72,7.490529402060711,10.799999999999955,4836.167730936128,1857.6000000000001
2,300.8,310.6,44.1,136,7.290292882446597,9.800000000000011,6765.576859138299,5997.6
1,297.8,307.3,54.0,180,7.182352111885263,9.5,7436.14981104704,9720.0
0,301.7,310.6,34.5,216,7.393263094763838,8.900000000000034,5867.238439844297,7452.0
1,301.0,310.7,46.1,103,7.283448228756631,9.699999999999989,7024.129934528739,4748.3
0,299.0,310.1,29.7,89,7.417580402414544,11.100000000000023,5175.334073817682,2643.2999999999997
0,297.4,308.6,43.1,73,7.329749689041512,11.200000000000045,6878.45428318178,3146.3
0,301.8,310.8,41.2,33,7.317212408359839,9.0,6493.253135949624,1359.6000000000001
2,297.3,308.4,35.6,16,7.3343293503005365,11.099999999999966,5707.603645139889,569.6
1,299.8,309.7,28.5,103,7.441906728051625,9.899999999999977,5088.594700652067,2935.5
1,301.4,310.8,26.5,6,7.48605261786314,9.400000000000034,4945.180996015693,159.0
1,298.9,310.2,36.1,126,7.38025578842646,11.300000000000011,6059.9542051910075,4548.6
1,298.6,309.6,42.4,2,7.330405211844402,11.0,6771.1793660372,84.8
1,297.5,308.3,45.2,34,7.286191714702382,10.800000000000011,6905.932746925179,1536.8000000000002
0,298.3,308.5,42.9,89,7.282073658093465,10.199999999999989,6527.569799702335,3818.1
1,301.4,311.1,25.4,88,7.472500744737558,9.700000000000045,4676.072169309191,2235.2
1,298.2,307.8,31.2,173,7.3777589082278725,9.600000000000023,5224.342919213682,5397.599999999999
0,303.3,311.6,56.8,187,7.198931240688173,8.300000000000011,7952.585755395153,10621.6
1,301.7,310.7,21.8,84,7.529406457837013,9.0,4248.459521253573,1831.2
0,297.4,309.0,22.6,161,7.51425465281641,11.600000000000023,4338.0996316360015,3638.6000000000004
0,302.5,310.9,34.4,146,7.393263094763838,8.399999999999977,5850.231951612865,5022.4
1,297.5,308.6,27.0,133,7.519149957669823,11.100000000000023,5208.132301121159,3591.0
0,300.1,310.4,39.4,115,7.349230824613334,10.299999999999955,6411.73927856448,4531.0
1,298.0,308.0,37.0,111,7.349873704738337,10.0,6025.051110809625,4107.0
2,297.0,307.9,45.6,172,7.278628942320682,10.899999999999977,6914.519766844992,7843.2
0,298.9,309.1,4.6,143,7.959275960116396,10.200000000000045,1378.1748092277942,657.8
1,300.2,310.2,51.5,7,7.271703706887368,10.0,7755.230904896644,360.5
2,298.3,309.4,29.8,0,7.397561535524052,11.099999999999966,5089.778033884919,0.0
0,300.6,309.8,48.0,125,7.283448228756631,9.199999999999989,7313.627697557038,6000.0
0,299.6,309.1,45.3,166,7.29776828253138,9.5,7001.856042614787,7519.799999999999
0,300.5,311.9,28.4,158,7.444833273892193,11.399999999999977,5085.610187631158,4487.2
0,300.2,311.7,54.2,173,7.278628942320682,11.5,8218.573933399091,9376.6
2,299.0,308.2,30.4,55,7.416378479192928,9.199999999999989,5290.944683469786,1672.0
1,300.6,309.4,35.2,105,7.340835554123275,8.799999999999955,5680.334620906729,3696.0000000000005
0,302.2,311.3,40.2,118,7.349230824613334,9.100000000000023,6541.926878129241,4743.6
0,300.7,311.8,43.7,217,7.275172319452771,11.100000000000023,6603.533510066139,9482.900000000001
0,298.9,310.4,25.4,81,7.513163545234075,11.5,4870.243539252065,2057.4
0,298.5,308.0,49.6,152,7.22983877815125,9.5,7162.663698576537,7539.2
0,302.0,309.7,36.3,209,7.254884810077338,7.699999999999989,5375.07653473292,7586.7
0,297.8,309.7,42.9,206,7.240649694255466,11.899999999999977,6262.513627518965,8837.4
1,297.3,308.1,52.0,214,7.222566018822171,10.800000000000011,7454.78992745834,11128.0
1,301.0,310.4,25.0,142,7.492203042618741,9.399999999999977,4694.06302323875,3550.0
0,302.6,311.0,36.2,139,7.390798521735676,8.399999999999977,6141.185319237328,5031.8
1,300.6,309.4,35.7,117,7.366445148327599,8.799999999999955,5910.561002537302,4176.900000000001
0,298.5,309.4,37.7,43,7.3453648404168685,10.899999999999977,6111.403020881297,1621.1000000000001
1,299.5,309.3,24.0,151,7.551186867296149,9.800000000000011,4780.247381702229,3624.0
1,299.2,310.8,39.8,177,7.315218389752975,11.600000000000023,6260.105073151212,7044.599999999999
0,297.0,307.8,47.5,168,7.254884810077338,10.800000000000011,7033.502352611948,7980.0
1,301.6,309.9,31.1,83,7.465655310134056,8.299999999999955,5686.345534850598,2581.3
1,303.3,311.5,47.3,60,7.2254814727822945,8.199999999999989,6800.804584760553,2838.0
0,299.3,308.5,38.5,57,7.254177846456518,9.199999999999989,5696.807038387051,2194.5
0,298.3,309.7,44.3,173,7.3031700512368,11.399999999999977,6884.402365272576,7663.9
0,302.3,311.7,41.2,147,7.282073658093465,9.399999999999977,6268.901532581265,6056.400000000001
2,299.4,309.2,36.1,212,7.322510433997394,9.800000000000011,5719.719720807233,7653.200000000001
0,297.5,308.8,45.9,150,7.315218389752975,11.300000000000011,7219.5684135085585,6885.0
1,297.1,308.4,42.0,165,7.259819610363186,11.299999999999955,6249.884425051535,6930.0
1,300.2,310.1,40.5,188,7.303843225277705,9.900000000000034,6298.1078722841385,7614.0
0,303.5,312.5,46.1,166,7.2305631534092925,9.0,6662.061381202517,7652.6
0,302.5,310.4,40.2,48,7.305188215393037,7.899999999999977,6259.874689689951,1929.6000000000001
2,299.1,308.2,46.1,112,7.280008252884188,9.099999999999966,6999.992030973658,5163.2
1,300.8,309.6,38.7,44,7.247792581767846,8.800000000000011,5689.92695047569,1702.8000000000002
2,298.6,309.5,41.0,39,7.226936018493289,10.899999999999977,5903.576194870819,1599.0
2,301.3,310.0,36.3,2,7.334981878871814,8.699999999999989,5823.633133812471,72.6
1,296.8,307.8,38.9,112,7.347299700743164,11.0,6318.151233414042,4356.8
2,301.1,310.6,58.5,68,7.236339342754344,9.5,8503.034676206134,3978.0
0,303.7,312.8,44.5,55,7.278628942320682,9.100000000000023,6747.722140890397,2447.5
2,304.2,313.0,40.9,23,7.274479558773871,8.800000000000011,6176.1407734962695,940.6999999999999
0,297.4,308.6,42.6,161,7.3098814858247865,11.200000000000045,6664.825982737675,6858.6
0,298.0,307.7,43.9,205,7.249925536717988,9.699999999999989,6468.25653040256,8999.5
2,302.3,310.1,42.9,24,7.232733136177615,7.800000000000011,6213.096375077998,1029.6
2,304.2,313.3,37.3,27,7.3938782901077555,9.100000000000023,6347.326157190378,1007.0999999999999
1,299.3,310.8,40.9,141,7.329093736246592,11.5,6523.0668502321905,5766.9
0,299.1,308.3,31.4,121,7.379008127628304,9.199999999999989,5264.408697522464,3799.3999999999996
1,299.9,309.2,35.7,97,7.3453648404168685,9.300000000000011,5787.190659030831,3462.9
2,303.3,312.6,24.2,132,7.510977752014095,9.300000000000011,4630.0164210075645,3194.4
1,299.1,310.1,44.4,24,7.253470382684528,11.0,6565.174663765806,1065.6
0,302.3,310.2,35.3,170,7.3453648404168685,7.899999999999977,5722.348186660736,6000.999999999999
0,298.4,309.3,37.4,16,7.3343293503005365,10.900000000000034,5996.190346298647,598.4
0,304.1,313.3,43.9,182,7.2813856635702825,9.199999999999989,6675.130406641449,7989.8
1,301.2,310.9,46.7,166,7.2868764117507,9.699999999999989,7140.0023435686435,7752.200000000001
1,299.6,308.9,35.3,77,7.358193752733032,9.299999999999955,5796.280333775216,2718.1
0,303.3,312.6,44.0,140,7.288927694521257,9.300000000000011,6741.02007656274,6160.0
0,299.4,308.7,47.6,96,7.286191714702382,9.300000000000011,7272.61944145218,4569.6
1,302.6,311.6,19.2,174,7.621684998724611,9.0,4103.673987825131,3340.7999999999997
1,299.6,309.3,39.8,48,7.363913501405819,9.699999999999989,6572.693542183398,1910.3999999999999
1,300.5,311.9,26.3,89,7.421177528595393,11.399999999999977,4599.396364610577,2340.7000000000003
0,303.7,312.3,38.9,117,7.321188556739478,8.600000000000023,6155.20729444785,4551.3
0,298.3,309.0,40.0,96,7.326465613840322,10.699999999999989,6362.772321070528,3840.0
1,300.8,310.6,36.2,0,7.317212408359839,9.800000000000011,5705.236978674185,0.0
0,299.1,308.3,25.2,34,7.545918151209323,9.199999999999989,4992.8703724971865,856.8
1,303.4,311.8,50.9,69,7.183111701743281,8.400000000000034,7014.589964837338,3512.1
0,298.2,308.3,33.2,94,7.371489295214277,10.100000000000023,5524.469737386628,3120.8
0,298.9,309.3,32.5,93,7.418180822726788,10.400000000000034,5666.647748912589,3022.5
0,298.0,307.8,36.4,109,7.357556200910353,9.800000000000011,5973.089168319249,3967.6
1,299.2,308.2,28.2,14,7.423568444259167,9.0,4943.484535982755,394.8
0,302.3,311.0,43.1,30,7.332369205929062,8.699999999999989,6896.50796896441,1293.0
0,300.2,311.4,47.8,34,7.2813856635702825,11.199999999999989,7268.137435933058,1625.1999999999998
1,303.8,312.7,41.7,125,7.313886831633462,8.899999999999977,6550.220682734719,5212.5
0,301.8,310.9,31.7,202,7.383989457978509,9.099999999999966,5341.262525804782,6403.4
1,304.3,313.5,48.1,167,7.256297239690681,9.199999999999989,7132.42063329798,8032.7
1,301.2,310.3,43.2,56,7.22983877815125,9.100000000000023,6238.449027792468,2419.2000000000003
0,296.9,307.9,47.1,204,7.221105098182496,11.0,6742.454737207879,9608.4
1,298.1,308.7,56.8,59,7.182352111885263,10.599999999999966,7821.727949397627,3351.2
1,300.6,309.5,40.2,96,7.346655163176539,8.899999999999977,6525.087941506001,3859.2000000000003
0,298.8,309.8,40.0,90,7.288927694521257,11.0,6128.200069602491,3600.0
1,297.4,308.9,57.3,163,7.188412736496954,11.5,7938.584724135656,9339.9
0,301.3,310.8,32.2,43,7.395721608602045,9.5,5489.577114980758,1384.6000000000001
0,301.1,310.8,32.9,119,7.3833681469923835,9.699999999999989,5540.010149046385,3915.1
0,297.5,309.4,45.4,70,7.275172319452771,11.899999999999977,6860.421541350175,3178.0
2,298.5,309.2,40.6,39,7.358193752733032,10.699999999999989,6666.543386721636,1583.4
0,302.6,311.7,54.1,19,7.134890851565884,9.099999999999966,7104.334794974887,1027.9
1,299.9,309.5,18.1,62,7.633369649679584,9.600000000000023,3914.057927229964,1122.2
2,301.7,310.5,50.5,176,7.236339342754344,8.800000000000011,7340.226515357432,8888.0
0,299.8,309.4,32.4,53,7.396948602621014,9.599999999999966,5530.459707379471,1717.1999999999998
0,300.5,311.5,36.9,65,7.409741954080923,11.0,6379.7264494244,2398.5
0,300.7,310.7,40.4,214,7.256297239690681,10.0,5990.640199277305,8645.6
2,298.4,308.9,23.9,24,7.48605261786314,10.5,4459.993426595285,573.5999999999999
0,297.6,308.3,31.7,39,7.388946097618437,10.699999999999989,5367.819455703128,1236.3
0,297.4,308.3,27.3,65,7.4413203897176174,10.900000000000034,4871.479232362477,1774.5
0,300.5,310.6,46.7,206,7.340186835320115,10.100000000000023,7531.235348695692,9620.2
0,302.4,311.0,54.6,176,7.1929342212158,8.600000000000023,7598.82147864992,9609.6
2,297.6,308.7,32.1,49,7.414572881350589,11.099999999999966,5576.73536716685,1572.9
2,298.0,309.4,40.5,53,7.307202314764738,11.399999999999977,6319.313622695869,2146.5
1,303.7,312.7,48.5,147,7.293017679772782,9.0,7460.91603313284,7129.5
0,302.3,310.9,48.9,28,7.253470382684528,8.599999999999966,7230.563987796125,1369.2
0,298.2,307.8,31.5,64,7.395107546562485,9.600000000000023,5366.939809760123,2016.0
1,298.1,309.4,47.6,70,7.217443431696533,11.299999999999955,6789.107388113686,3332.0
0,302.7,312.4,48.7,9,7.275864600546533,9.699999999999989,7364.186395328809,438.3
0,299.2,310.4,36.4,32,7.385230923066573,11.199999999999989,6140.8083281188965,1164.8
1,300.4,310.1,35.1,193,7.284820912568604,9.700000000000045,5355.441580647985,6774.3
0,303.5,312.3,29.8,25,7.427738840532894,8.800000000000011,5245.810469013212,745.0
2,300.8,310.3,46.8,182,7.284820912568604,9.5,7140.588774197312,8517.6
0,303.9,312.6,32.3,127,7.404279118037268,8.700000000000045,5553.979764379346,4102.099999999999
0,299.6,309.4,46.4,16,7.194436851100335,9.799999999999955,6467.324524581994,742.4
0,300.4,311.5,32.5,154,7.3758821482150125,11.100000000000023,5431.813698056752,5005.0
0,298.9,308.5,44.7,136,7.291656209174461,9.600000000000023,6866.987469996178,6079.200000000001
0,299.3,308.7,38.9,94,7.337587743538596,9.399999999999977,6257.047256301719,3656.6
2,297.3,308.5,55.0,104,7.269616749608169,11.199999999999989,8265.006672819149,5720.0
0,302.6,311.8,50.1,21,7.2640301428995295,9.199999999999989,7486.6980368433005,1052.1000000000001
0,299.0,310.2,40.6,67,7.3098814858247865,11.199999999999989,6351.923354440131,2720.2000000000003
0,303.4,311.6,30.1,182,7.44600149832412,8.200000000000045,5396.334645022212,5478.2
2,297.3,308.8,38.0,191,7.355641102974253,11.5,6223.70448627162,7258.0
2,298.1,307.6,44.1,104,7.311218384419629,9.5,6908.739236362387,4586.400000000001
2,301.9,309.8,27.5,126,7.45298232946546,7.900000000000034,4964.7635902230695,3465.0
0,302.3,311.0,32.7,171,7.3727463664043285,8.699999999999989,5448.118563928883,5591.700000000001
0,298.0,308.5,46.2,122,7.241366283322318,10.5,6749.083497706953,5636.400000000001
2,298.3,308.0,41.0,52,7.348587530927593,9.699999999999989,6667.8209677340965,2132.0
0,300.6,310.2,52.6,21,7.201916317531627,9.599999999999966,7386.575478973395,1104.6000000000001
0,300.6,311.7,47.7,22,7.305860032684009,11.099999999999966,7432.756890981163,1049.4
0,300.9,312.1,28.8,74,7.445417556701687,11.200000000000045,5160.25442908045,2131.2000000000003
0,298.2,308.2,21.4,41,7.5953872788539725,10.0,4455.1134860067095,877.4
1,303.7,312.7,47.3,158,7.242082359256962,9.0,6914.72920635523,7473.4
0,299.5,309.3,19.3,177,7.587310506022615,9.800000000000011,3985.591991952203,3416.1
0,300.4,311.8,57.9,168,7.186144304522325,11.400000000000034,8003.521444285356,9727.199999999999
2,296.7,307.9,53.8,133,7.261927092702751,11.199999999999989,8022.706103423279,7155.4
0,302.2,311.6,31.4,89,7.413970290190444,9.400000000000034,5451.836115235631,2794.6
0,302.8,310.9,29.8,42,7.443663683115591,8.099999999999966,5330.067983982492,1251.6000000000001
1,298.9,308.5,37.6,142,7.349873704738337,9.600000000000023,6122.754642336267,5339.2
2,296.8,307.5,30.0,33,7.4360278163518485,10.699999999999989,5324.999547834699,990.0
1,302.7,312.2,58.6,2,7.208600337960199,9.5,8284.379827516284,117.2
1,298.0,308.1,44.8,148,7.247080584585756,10.100000000000023,6582.097376193143,6630.4
0,297.5,308.4,31.0,45,7.466227556215481,10.899999999999977,5671.307778015414,1395.0
0,300.9,311.0,56.5,120,7.183111701743281,10.100000000000023,7786.332672167183,6780.0
0,301.3,310.4,39.1,194,7.318539548567902,9.099999999999966,6170.475434744298,7585.400000000001
0,295.9,306.6,50.2,51,7.254884810077338,10.700000000000045,7433.301433707785,2560.2000000000003
2,300.5,310.9,46.5,137,7.277938572945661,10.399999999999977,7046.121083103867,6370.5
0,298.4,308.6,44.0,124,7.298445101508147,10.200000000000045,6805.527445716449,5456.0
0,301.7,310.5,53.2,174,7.24422751560335,8.800000000000011,7793.956270339895,9256.800000000001
1,302.1,310.8,41.3,39,7.251344983372214,8.699999999999989,6093.820573996705,1610.6999999999998
2,297.3,308.6,29.4,166,7.4318919168078,11.300000000000011,5196.948231274379,4880.4
0,299.8,309.4,32.5,27,7.383989457978509,9.599999999999966,5476.057794594808,877.5
1,301.3,310.1,37.8,199,7.330405211844402,8.800000000000011,6036.5702838727875,7522.2
0,300.3,310.0,40.8,182,7.353081920515432,9.699999999999989,6665.202973856104,7425.599999999999
0,300.4,309.5,39.3,110,7.277938572945661,9.100000000000023,5955.108786365204,4323.0
1,295.4,305.8,38.2,181,7.3310603052186325,10.400000000000034,6104.4496291413525,6914.200000000001
0,298.6,309.8,41.6,118,7.311886164077165,11.199999999999989,6521.443694027836,4908.8
0,301.0,310.4,16.6,175,7.6984827878809465,9.399999999999977,3831.3188487099205,2905.0000000000005
0,304.1,313.1,20.8,59,7.585788821732034,9.0,4288.818514876691,1227.2
1,300.0,309.1,45.2,152,7.29641326877392,9.100000000000023,6976.93274089631,6870.400000000001
0,299.1,308.3,61.4,17,7.174724309836376,9.199999999999989,8390.879818472979,1043.8
0,300.8,311.2,48.1,172,7.227662498728654,10.399999999999977,6930.939824447753,8273.2
1,299.0,309.7,44.7,209,7.257707677160043,10.699999999999989,6637.619790357588,9342.300000000001
0,300.7,311.9,39.7,181,7.288244401020124,11.199999999999989,6078.081194802222,7185.700000000001
1,297.3,308.7,34.1,21,7.412160334945205,11.399999999999977,5909.911740055559,716.1
1,298.0,308.7,48.5,181,7.228388451573604,10.699999999999989,6993.656485788918,8778.5
0,301.9,310.6,33.4,87,7.384610383176974,8.700000000000045,5631.200111804584,2905.7999999999997
1,298.4,309.1,39.6,78,7.291656209174461,10.700000000000045,6083.505678117419,3088.8
1,303.0,312.5,33.7,135,7.3796321526095525,9.5,5653.547307547121,4549.5
0,299.2,310.4,46.8,39,7.22983877815125,11.199999999999989,6758.319780108506,1825.1999999999998
1,298.0,308.6,44.1,165,7.282073658093465,10.600000000000023,6710.159164728975,7276.5
2,302.3,311.7,44.5,152,7.27931883541462,9.399999999999977,6752.382169993222,6764.0
1,299.8,311.1,25.5,171,7.475339236566737,11.300000000000011,4707.833671036985,4360.5
2,297.0,308.1,13.3,98,7.840312983320164,11.100000000000023,3537.642767452346,1303.4
2,301.3,310.6,32.5,59,7.381501894506707,9.300000000000011,5462.444226429253,1917.5
0,301.7,310.7,20.9,5,7.6128310304073565,9.0,4427.624550287798,104.5
0,300.3,310.4,25.9,7,7.463363045520021,10.099999999999966,4724.724967537785,181.29999999999998
0,299.3,309.2,41.5,127,7.290292882446597,9.899999999999977,6366.699311887515,5270.5
0,302.5,311.5,18.8,190,7.593877844605118,9.0,3907.9318215554636,3572.0
1,302.4,310.4,34.3,149,7.369600720526409,8.0,5696.733734558467,5110.7
0,299.0,308.5,34.7,159,7.380879035564116,9.5,5828.575906254119,5517.3
1,299.4,310.7,45.7,219,7.30854279753919,11.300000000000011,7140.25367098093,10008.300000000001
0,301.8,310.8,26.5,56,7.459914766241105,9.0,4817.527614524827,1484.0
0,304.1,313.3,50.3,39,7.286191714702382,9.199999999999989,7685.141972795055,1961.6999999999998
1,297.5,308.9,44.8,2,7.270312886079025,11.399999999999977,6736.915062162047,89.6
0,299.3,308.6,37.7,42,7.2682230211595655,9.300000000000011,5657.390522560011,1583.4
0,302.0,310.5,27.1,175,7.501082124259871,8.5,5133.770803010689,4742.5
0,300.8,311.1,33.4,172,7.31986492980897,10.300000000000011,5277.938489883924,5744.8
0,304.0,312.9,53.9,202,7.1808311990445555,8.899999999999977,7411.090373646905,10887.8
1,301.8,311.1,41.8,125,7.24422751560335,9.300000000000011,6123.822783838488,5225.0
0,296.3,307.3,49.0,13,7.275864600546533,11.0,7409.550993246646,637.0
0,300.1,311.5,47.2,201,7.294377299288821,11.399999999999977,7270.8182616641225,9487.2
0,302.2,310.8,41.4,66,7.271703706887368,8.600000000000023,6234.3021254897285,2732.4
1,300.3,311.5,40.9,76,7.332369205929062,11.199999999999989,6544.482040154161,3108.4
0,300.7,310.6,40.7,82,7.277938572945661,9.900000000000034,6167.2500662866105,3337.4
0,297.6,309.5,34.9,68,7.346010209913293,11.899999999999977,5661.160433744319,2373.2
1,300.5,311.5,48.2,82,7.229113877793302,11.0,6955.444247145754,3952.4
0,298.1,307.7,40.3,109,7.236339342754344,9.599999999999966,5857.6461102753365,4392.7
0,300.3,311.7,31.8,156,7.400009517162692,11.399999999999977,5444.69422793647,4960.8
0,302.0,311.3,41.1,26,7.357556200910353,9.300000000000011,6744.339692800032,1068.6000000000001
0,298.8,308.7,43.4,66,7.280008252884188,9.899999999999977,6590.01418968019,2864.4
0,299.3,308.7,36.3,211,7.365180126021013,9.399999999999977,6002.295508022122,7659.299999999999
0,301.4,310.1,46.6,37,7.315218389752975,8.700000000000045,7329.67076404137,1724.2
0,302.5,312.2,27.9,56,7.4821189235521155,9.699999999999989,5185.98407291335,1562.3999999999999
1,304.0,313.2,40.6,124,7.313886831633462,9.199999999999989,6377.43308678728,5034.400000000001
1,300.3,311.5,47.3,40,7.27655640271871,11.199999999999989,7157.438182796065,1892.0
0,300.8,311.9,31.8,21,7.353081920515432,11.099999999999966,5194.937611976082,667.8000000000001
0,302.6,312.3,42.0,58,7.349230824613334,9.699999999999989,6834.8489771499535,2436.0
2,302.4,310.2,44.9,127,7.269616749608169,7.800000000000011,6747.250901992359,5702.3
0,297.7,309.3,24.6,15,7.546446273746024,11.600000000000023,4876.568612461292,369.0
0,300.8,311.2,48.7,111,7.242797922793756,10.399999999999977,7124.4933478354205,5405.700000000001
0,301.9,310.4,21.5,92,7.5443321080536885,8.5,4253.035774552302,1978.0
0,297.9,309.4,35.7,39,7.351799869057777,11.5,5824.5756116085495,1392.3000000000002
0,298.2,308.2,42.4,164,7.2909747781429814,10.0,6509.212426629859,6953.599999999999
1,298.2,307.7,21.6,93,7.577121930876679,9.5,4415.319979061239,2008.8000000000002
1,297.2,307.9,35.9,197,7.333676395657684,10.699999999999989,5751.941989457552,7072.299999999999
1,303.7,313.0,39.9,137,7.293017679772782,9.300000000000011,6137.94947880413,5466.3
0,302.3,311.2,50.3,110,7.234898420314831,8.899999999999977,7300.621503971176,5533.0
1,298.2,308.9,35.2,142,7.373374309910049,10.699999999999989,5868.327525297543,4998.400000000001
0,301.7,310.6,26.2,71,7.463936604468925,8.900000000000034,4782.195169147454,1860.2
1,300.4,309.7,42.8,104,7.273092595999522,9.300000000000011,6454.08794753487,4451.2
1,298.3,308.1,28.6,89,7.45182223652793,9.800000000000011,5157.364163839148,2545.4
0,299.2,308.6,50.0,193,7.231287004327616,9.400000000000034,7230.899091012506,9650.0
0,299.1,308.4,37.9,130,7.342131730584722,9.299999999999955,6123.979863471167,4927.0
1,300.7,311.3,53.0,35,7.207118856207756,10.600000000000023,7481.598184768973,1855.0
0,304.1,313.3,24.5,190,7.5411524551363085,9.199999999999989,4831.088822812824,4655.0
1,303.8,312.8,47.9,200,7.259116128097101,9.0,7122.8283037290175,9580.0
2,299.8,309.2,42.6,111,7.269616749608169,9.399999999999977,6401.623350219922,4728.6
0,298.9,309.1,54.9,145,7.232733136177615,10.200000000000045,7951.025431043872,7960.5
1,301.7,311.2,34.5,139,7.355001921105257,9.5,5646.8557151949735,4795.5
2,298.8,310.1,44.0,56,7.2305631534092925,11.300000000000011,6358.583530865742,2464.0
0,299.1,310.5,54.9,58,7.1929342212158,11.399999999999977,7640.573245016129,3184.2
0,299.1,308.6,46.7,196,7.25063551189868,9.5,6885.70089023606,9153.2
1,300.8,310.5,29.7,162,7.436617265234227,9.699999999999989,5274.859729083407,4811.4
1,300.1,309.2,44.4,19,7.282761179605593,9.099999999999966,6760.456063112948,843.6
0,301.2,310.8,52.6,23,7.239214973779806,9.600000000000023,7667.496694057393,1209.8
0,300.2,309.3,43.2,53,7.334981878871814,9.100000000000023,6930.6047212313715,2289.6000000000004
0,297.7,307.1,30.2,0,7.447751280047908,9.400000000000034,5423.7502769125385,0.0
2,302.0,310.6,43.2,12,7.271703706887368,8.600000000000023,6505.358739641457,518.4000000000001
1,302.2,311.4,35.1,24,7.3395376954076745,9.199999999999989,5656.84597983339,842.4000000000001
1,301.7,311.0,47.8,27,7.32052696227274,9.300000000000011,7558.462485026802,1290.6
0,303.7,312.5,46.2,165,7.288244401020124,8.800000000000011,7073.233027704348,7623.000000000001
1,301.0,310.9,21.9,37,7.555381944240273,9.899999999999977,4380.322636900248,810.3
0,296.9,308.0,41.0,120,7.323170717943469,11.100000000000023,6500.37407929776,4920.0
0,299.6,310.9,28.0,76,7.413970290190444,11.299999999999955,4861.509911675085,2128.0
1,299.0,310.2,39.9,97,7.355641102974253,11.199999999999989,6534.889710585201,3870.2999999999997
0,302.3,310.8,48.1,24,7.321188556739478,8.5,7610.937554317265,1154.4
0,300.0,309.5,26.0,37,7.455298485683291,9.5,4704.849158016074,962.0
0,298.7,309.2,44.8,178,7.242082359256962,10.5,6549.257260987618,7974.4
1,303.6,312.5,48.2,17,7.286191714702382,8.899999999999977,7364.29111508393,819.4000000000001
0,302.9,312.2,30.5,46,7.425357887027151,9.300000000000011,5356.258394737918,1403.0
0,297.5,308.8,41.5,223,7.335633981927201,11.300000000000011,6662.2184608351945,9254.5
2,302.0,309.8,57.3,147,7.155396301896734,7.800000000000011,7680.565719496325,8423.1
1,297.9,310.0,41.7,185,7.272398392570047,12.100000000000023,6283.84504163684,7714.500000000001
0,295.6,306.0,51.1,7,7.258412150595307,10.399999999999977,7593.323691506138,357.7
0,300.0,309.2,27.9,5,7.473069088032197,9.199999999999989,5139.237174227935,139.5
0,301.5,310.6,20.2,210,7.6004023345004,9.100000000000023,4226.44742872742,4242.0
0,302.3,311.6,32.3,150,7.413970290190444,9.300000000000011,5608.0989338251875,4845.0
0,297.0,308.2,29.4,130,7.363913501405819,11.199999999999989,4855.205782416881,3822.0
1,298.8,309.8,45.5,64,7.254177846456518,11.0,6732.590136275606,2912.0
0,297.9,308.0,62.9,41,7.167809184316444,10.100000000000023,8536.586885746472,2578.9
0,299.9,310.3,53.3,146,7.1459844677143876,10.400000000000034,7077.421817909134,7781.799999999999
0,302.0,310.6,53.1,194,7.214504414151143,8.600000000000023,7551.320597727643,10301.4
0,300.1,311.4,36.2,199,7.360739903058278,11.299999999999955,5959.224272741407,7203.8
0,300.8,309.8,31.1,151,7.4133673356952405,9.0,5396.491724654891,4696.1
0,299.8,310.9,40.7,166,7.343426229147367,11.099999999999966,6584.935281556887,6756.200000000001
2,297.0,307.9,27.3,179,7.52131798019924,10.899999999999977,5277.435835059349,4886.7
0,303.5,311.9,38.7,14,7.309212365692763,8.399999999999977,6050.613203034335,541.8000000000001
1,299.3,308.9,34.9,160,7.363913501405819,9.599999999999966,5763.492578447251,5584.0
1,300.7,311.9,28.2,191,7.437206366871292,11.199999999999989,5011.405769153367,5386.2
0,302.7,311.9,46.5,15,7.237059026124737,9.199999999999989,6763.691903546144,697.5
0,304.0,313.1,41.0,69,7.290292882446597,9.100000000000023,6289.992091262364,2829.0
2,301.9,311.2,41.8,18,7.29641326877392,9.300000000000011,6452.119216138622,752.4
2,300.7,310.6,32.6,43,7.397561535524052,9.900000000000034,5568.012211565381,1401.8
1,297.6,308.3,40.2,0,7.338888133838879,10.699999999999989,6474.571131636277,0.0
0,300.3,311.7,47.3,15,7.27655640271871,11.399999999999977,7157.438182796065,709.5
0,300.5,309.8,43.8,119,7.264730177929867,9.300000000000011,6549.843691616287,5212.2
0,297.0,307.8,33.3,155,7.348587530927593,10.800000000000011,5415.571664037692,5161.5
0,297.4,308.3,40.5,222,7.297091005160418,10.900000000000034,6255.696371460675,8991.0
0,299.6,310.2,34.1,38,7.370860166536716,10.599999999999966,5670.6585155336725,1295.8
1,298.9,310.7,33.6,218,7.40184157874383,11.800000000000011,5763.440218569691,7324.8
0,298.3,307.9,47.8,99,7.24422751560335,9.599999999999966,7002.840408312913,4732.2
0,300.8,309.7,46.6,12,7.257707677160043,8.899999999999977,6919.755754600975,559.2
2,299.0,308.7,48.5,25,7.25063551189868,9.699999999999989,7151.102637611326,1212.5
1,299.5,310.7,56.5,7,7.261225091971921,11.199999999999989,8419.415951743085,395.5
0,296.9,307.9,39.2,133,7.336936913707618,11.0,6301.197105060168,5213.6
0,300.7,311.9,35.8,32,7.304515946460155,11.199999999999989,5570.9653086597555,1145.6
1,302.2,310.5,23.7,129,7.513709247839705,8.300000000000011,4546.764215687435,3057.2999999999997
0,298.1,308.4,38.2,211,7.373374309910049,10.299999999999955,6368.469075749038,8060.200000000001
1,298.1,307.8,32.6,57,7.3833681469923835,9.699999999999989,5489.493339176662,1858.2
1,301.9,311.0,47.4,121,7.233455418621439,9.100000000000023,6869.783487457872,5735.4
0,300.7,311.0,44.9,119,7.270312886079025,10.300000000000011,6751.952818997231,5343.099999999999
0,296.6,307.4,45.1,185,7.221835825288449,10.799999999999955,6460.873787666625,8343.5
0,297.9,309.9,33.8,33,7.341483852363161,12.0,5457.951748934619,1115.3999999999999
2,299.0,310.3,27.6,69,7.413970290190444,11.300000000000011,4792.059770079727,1904.4
1,301.5,310.4,12.0,21,7.878534196140362,8.899999999999977,3316.265205129386,252.0
0,300.6,309.6,41.6,140,7.252762418053187,9.0,6146.798298111741,5824.0
0,299.0,309.1,35.0,200,7.373374309910049,10.100000000000023,5834.984755267443,7000.0
0,301.8,310.6,48.4,110,7.2813856635702825,8.800000000000011,7359.369286593306,5324.0
1,302.3,311.7,36.6,121,7.402451520818244,9.399999999999977,6281.865838265079,4428.6
2,297.8,307.9,33.5,13,7.3783837129967145,10.099999999999966,5612.978874413764,435.5
0,301.4,310.6,43.3,212,7.349873704738337,9.200000000000045,7050.938191839371,9179.599999999999
0,298.9,308.6,46.5,122,7.254177846456518,9.700000000000045,6880.559150259685,5673.0
0,296.8,307.9,46.5,121,7.254177846456518,11.099999999999966,6880.559150259685,5626.5
0,301.0,310.5,61.4,77,7.130098510125578,9.5,8024.381619505193,4727.8
2,300.2,311.5,43.6,127,7.267525427828172,11.300000000000011,6538.198854846982,5537.2
0,299.3,309.0,46.6,158,7.258412150595307,9.699999999999989,6924.6356951895505,7362.8
1,302.2,310.4,47.5,167,7.284134806195205,8.199999999999989,7242.41826407567,7932.5
0,297.4,309.4,45.5,94,7.295735072749282,12.0,7018.475067752278,4277.0
1,297.4,308.0,55.1,63,7.212294468500341,10.600000000000023,7818.42927711136,3471.3
0,301.2,309.9,52.4,13,7.232010331664759,8.699999999999989,7583.469562549377,681.1999999999999
0,300.5,311.7,32.7,85,7.3901814282264295,11.199999999999989,5543.999971716445,2779.5000000000005
1,300.5,309.8,44.4,111,7.252053951852814,9.300000000000011,6555.875549511181,4928.4
0,302.0,311.0,22.7,48,7.531552381407289,9.0,4433.363192868355,1089.6
0,295.5,306.2,48.9,65,7.278628942320682,10.699999999999989,7414.912644708774,3178.5
0,297.5,308.5,33.1,9,7.433666540166168,11.0,5861.38460553311,297.90000000000003
0,300.1,311.4,42.2,139,7.271703706887368,11.299999999999955,6354.771731779386,5865.8
0,300.9,309.7,14.4,201,7.764720544771477,8.800000000000011,3551.256335617902,2894.4
2,303.2,311.4,36.6,43,7.382746449738912,8.199999999999989,6159.218061068933,1573.8
0,301.3,310.1,31.0,37,7.416378479192928,8.800000000000011,5395.37122327511,1147.0
0,300.5,309.7,34.5,155,7.388327859577107,9.199999999999989,5838.3357874312715,5347.5
1,299.4,309.3,28.4,201,7.4342573821331355,9.900000000000034,5032.077448813986,5708.4
0,301.8,310.0,32.6,201,7.404279118037268,8.199999999999989,5605.564715751291,6552.6
0,300.1,311.4,31.3,41,7.396335293800808,11.299999999999955,5339.419458114676,1283.3
0,301.4,310.5,39.5,0,7.3987862754199485,9.100000000000023,6754.790724360974,0.0
0,302.7,312.4,24.8,13,7.578145472419466,9.699999999999989,5074.635557294617,322.40000000000003
0,299.7,309.3,54.6,131,7.257002707092073,9.600000000000023,8101.978958048861,7152.6
1,299.7,310.8,47.6,192,7.2485040723706105,11.100000000000023,7003.447782892607,9139.2
0,300.3,311.9,34.0,177,7.383989457978509,11.599999999999966,5728.798923576106,6018.0
1,301.0,311.6,43.9,145,7.278628942320682,10.600000000000023,6656.741617642437,6365.5
0,303.7,312.2,33.8,96,7.358193752733032,8.5,5549.979469733776,3244.7999999999997
0,303.9,312.7,33.9,165,7.3796321526095525,8.800000000000011,5687.099517087459,5593.5
0,301.6,310.4,41.7,116,7.3777589082278725,8.799999999999955,6982.53524779521,4837.200000000001
2,297.7,308.4,27.7,96,7.461065514354283,10.699999999999989,5041.481282823733,2659.2
0,301.0,310.9,25.1,166,7.511524648390866,9.899999999999977,4804.835580204325,4166.6
0,300.0,309.3,46.0,35,7.295735072749282,9.300000000000011,7095.601167397907,1610.0
0,299.0,310.0,39.6,212,7.3031700512368,11.0,6154.0030172639745,8395.2
0,298.8,309.8,27.5,130,7.469654172932128,11.0,5048.277594930998,3575.0
1,298.1,308.9,25.1,118,7.498315870766981,10.799999999999955,4741.752399720243,2961.8
0,301.7,309.5,65.5,229,7.1693500166706,7.800000000000011,8903.168860518354,14999.5
1,298.5,308.1,39.2,127,7.31455283232408,9.600000000000023,6161.626615436687,4978.400000000001
0,300.9,310.9,20.2,105,7.59890045687141,10.0,4220.101411567169,2121.0
0,298.9,308.7,29.4,116,7.454719949364001,9.800000000000011,5317.019902494581,3410.3999999999996
0,300.2,311.5,36.1,125,7.332369205929062,11.300000000000011,5776.425468204528,4512.5
0,297.8,307.4,40.8,137,7.321849713788356,9.599999999999966,6460.119805429764,5589.599999999999
0,298.4,307.9,35.9,132,7.3427791893318455,9.5,5804.5741383806935,4738.8
2,297.8,307.5,31.3,124,7.397561535524052,9.699999999999989,5345.974914785167,3881.2000000000003
0,297.6,308.6,46.4,13,7.212294468500341,11.0,6583.94044388325,603.1999999999999
1,299.4,309.1,62.0,142,7.190676034332207,9.700000000000045,8609.220507897468,8804.0
0,303.6,311.8,33.2,155,7.387090235656757,8.199999999999989,5611.387134135946,5146.0
0,301.5,310.7,33.1,38,7.358193752733032,9.199999999999989,5435.039066514438,1257.8
1,299.9,309.4,42.8,190,7.31986492980897,9.5,6763.34632835425,8131.999999999999
1,297.4,309.0,41.8,144,7.311886164077165,11.600000000000023,6552.7967887106615,6019.2
0,302.0,311.3,39.9,25,7.31986492980897,9.300000000000011,6305.082207975107,997.5
1,297.2,308.0,42.5,56,7.2991214627108,10.800000000000011,6577.971417841428,2380.0
0,298.3,309.4,35.8,140,7.358193752733032,11.099999999999966,5878.380621789029,5012.0
0,298.0,308.1,37.1,35,7.282761179605593,10.100000000000023,5648.939638321855,1298.5
2,301.2,312.4,47.8,90,7.241366283322318,11.199999999999989,6982.817991134032,4302.0
1,300.9,311.1,37.7,133,7.344072850573066,10.200000000000045,6103.507151345274,5014.1
0,298.4,308.6,47.1,101,7.2682230211595655,10.200000000000045,7067.986567972852,4757.1
0,297.3,308.7,39.3,187,7.317876198626496,11.399999999999977,6197.922482561159,7349.099999999999
0,300.0,309.5,30.1,35,7.403670290012373,9.5,5172.538056355987,1053.5
1,301.7,311.1,41.4,108,7.306531398939505,9.400000000000034,6455.407416449378,4471.2
2,300.4,309.8,39.7,107,7.278628942320682,9.400000000000034,6019.877954906714,4247.900000000001
2,299.5,310.8,32.4,67,7.3783837129967145,11.300000000000011,5428.672105403162,2170.7999999999997
1,298.3,307.7,27.1,7,7.4489161025442,9.399999999999977,4872.683509546353,189.70000000000002
0,297.4,308.3,42.6,164,7.307202314764738,10.900000000000034,6646.9817364652845,6986.400000000001
0,301.0,309.7,42.0,141,7.292337176173877,8.699999999999989,6456.601221657744,5922.0
0,299.3,308.6,48.2,65,7.181591944611865,9.300000000000011,6632.404746552628,3133.0
1,300.4,310.5,43.0,9,7.313886831633462,10.100000000000023,6754.424205218055,387.0
1,300.7,310.6,38.5,50,7.360739903058278,9.900000000000034,6337.849019352048,1925.0
1,300.7,311.0,25.6,176,7.462214939768189,10.300000000000011,4664.636772050125,4505.6
2,304.2,313.5,41.4,58,7.344072850573066,9.300000000000011,6702.525094580751,2401.2
0,299.6,309.2,33.3,33,7.379008127628304,9.599999999999966,5582.9557206209565,1098.8999999999999
0,298.2,308.1,49.9,69,7.288244401020124,9.900000000000034,7639.704071048635,3443.1
1,300.2,309.1,42.2,40,7.249215057114389,8.900000000000034,6213.358174465797,1688.0
1,299.1,310.3,59.0,81,7.1180162044653335,11.199999999999989,7618.04802568989,4779.0
0,299.3,309.1,41.1,118,7.293697720601438,9.800000000000011,6326.853445064484,4849.8
1,302.1,311.5,23.1,159,7.532088143541722,9.399999999999977,4513.903156530887,3672.9
0,298.3,309.6,30.9,189,7.331714969726466,11.300000000000011,4941.128341492562,5840.099999999999
0,298.0,308.8,27.2,193,7.490529402060711,10.800000000000011,5098.595437265995,5249.599999999999
1,298.3,309.1,32.7,0,7.398174092970465,10.800000000000011,5588.516339617811,0.0
0,298.7,309.5,40.0,160,7.277247726631484,10.800000000000011,6056.9906361211215,6400.0
0,299.0,308.7,16.6,208,7.719129840906732,9.699999999999989,3911.282853719293,3452.8
0,298.6,308.3,60.5,32,7.153833801578843,9.699999999999989,8096.826746096973,1936.0
0,298.2,308.0,42.4,48,7.252762418053187,9.800000000000011,6265.005957690813,2035.1999999999998
0,297.9,307.6,54.3,151,7.20414929203594,9.700000000000045,7642.363952828674,8199.3
0,298.3,309.1,40.1,18,7.374001859350161,10.800000000000011,6689.424653215282,721.8000000000001
0,296.3,307.4,47.1,215,7.290292882446597,11.099999999999966,7225.820182889204,10126.5
0,299.2,310.7,27.0,225,7.460490305825338,11.5,4911.251795356923,6075.0
0,299.2,308.3,43.0,26,7.252053951852814,9.100000000000023,6349.158752904972,1118.0
0,298.6,309.6,35.8,5,7.340186835320115,11.0,5773.4095392570825,179.0
0,298.4,309.3,35.8,18,7.321849713788356,10.900000000000034,5668.438456725135,644.4
0,299.9,309.2,44.3,214,7.307872780763706,9.300000000000011,6916.875961335182,9480.199999999999
0,300.4,310.4,61.4,19,7.1693500166706,10.0,8345.871267722549,1166.6
2,302.3,311.1,40.3,145,7.283448228756631,8.800000000000011,6140.399921073929,5843.5
0,297.8,308.8,35.2,66,7.352441100243583,11.0,5746.685057750546,2323.2000000000003
0,302.2,310.8,32.9,52,7.422971251049421,8.600000000000023,5763.953345369776,1710.8
0,302.7,312.0,37.0,77,7.31455283232408,9.300000000000011,5815.821040080546,2849.0
0,302.3,311.7,32.1,197,7.407924322559599,9.399999999999977,5539.758821634097,6323.700000000001
1,297.6,308.6,42.0,90,7.368970402194793,11.0,6971.19409831575,3780.0
0,302.9,312.3,22.8,148,7.5443321080536885,9.400000000000034,4510.196077199651,3374.4
1,299.8,310.3,23.7,198,7.498869733976931,10.5,4479.754044386365,4692.599999999999
0,299.4,309.3,59.0,38,7.2456550675945355,9.900000000000034,8656.030238435957,2242.0
1,298.9,308.2,20.0,23,7.612336837167746,9.300000000000011,4234.866897039041,460.0
0,297.5,308.5,52.3,148,7.288244401020124,11.0,8007.144747812497,7740.4
0,302.7,312.2,52.1,213,7.280008252884188,9.5,7911.0539005146975,11097.300000000001
1,300.7,310.6,39.2,189,7.305860032684009,9.900000000000034,6108.261428227707,7408.8
0,302.2,311.3,48.6,104,7.297091005160418,9.100000000000023,7506.835645752812,5054.400000000001
1,299.1,310.4,51.4,66,7.329749689041512,11.299999999999955,8203.07540964138,3392.4
1,300.2,310.0,30.7,179,7.417580402414544,9.800000000000011,5349.587746336796,5495.3
0,299.1,308.6,57.8,152,7.13966033596492,9.5,7626.530325854582,8785.6
0,298.5,309.5,66.7,12,7.166265974133638,11.0,9038.34112042681,800.4000000000001
0,299.3,309.0,47.8,148,7.321188556739478,9.699999999999989,7563.468089321522,7074.4
0,299.6,309.2,39.1,110,7.352441100243583,9.599999999999966,6383.391640853589,4301.0
0,302.3,312.0,28.1,167,7.465655310134056,9.699999999999989,5137.82345753382,4692.7
0,299.9,309.5,35.5,171,7.357556200910353,9.600000000000023,5825.402897673994,6070.5
0,297.6,308.6,47.5,75,7.232733136177615,11.0,6879.3025131982495,3562.5
0,302.0,310.8,19.7,66,7.575071699507561,8.800000000000011,4018.683434570015,1300.2
1,301.2,310.3,54.5,49,7.213768308118642,9.100000000000023,7744.706569507118,2670.5
0,299.2,310.6,38.4,172,7.357556200910353,11.400000000000034,6301.280880864263,6604.8
0,297.4,308.4,34.5,205,7.3613754289773485,11.0,5682.984030711256,7072.5
1,297.6,308.6,36.9,25,7.3752557780097545,11.0,6163.333547445136,922.5
1,303.8,313.1,18.6,22,7.658227526161352,9.300000000000011,4123.4660215427475,409.20000000000005
0,297.9,307.9,45.2,91,7.29776828253138,10.0,6986.399406759126,4113.2
0,297.3,308.3,41.9,95,7.266128779556451,11.0,6274.493567504655,3980.5
0,297.9,307.6,20.2,182,7.589841512182657,9.700000000000045,4182.025308605661,3676.4
0,299.4,310.8,53.9,215,7.227662498728654,11.400000000000034,7766.687246106733,11588.5
2,300.0,311.2,43.1,45,7.2399325913204695,11.199999999999989,6287.19607380067,1939.5
0,300.3,311.8,45.9,53,7.257707677160043,11.5,6815.8109256692005,2432.7
1,299.3,309.3,37.9,204,7.329093736246592,10.0,6044.602289090465,7731.599999999999
0,297.7,309.0,38.2,94,7.318539548567902,11.300000000000011,6028.444030875503,3590.8
0,299.1,308.6,41.6,183,7.271008538280992,9.5,6260.063185249166,7612.8
0,300.6,310.0,36.9,105,7.321188556739478,9.399999999999977,5838.744194476238,3874.5
0,300.7,309.5,34.5,197,7.299797366758161,8.800000000000011,5343.3778648582,6796.5
1,299.5,310.9,48.7,119,7.229113877793302,11.399999999999977,7027.5961584232,5795.3
0,300.8,310.9,47.7,82,7.284820912568604,10.099999999999966,7277.9077890857225,3911.4
1,297.8,308.5,41.9,196,7.305860032684009,10.699999999999989,6528.983516396452,8212.4
1,300.3,311.4,48.1,119,7.234898420314831,11.099999999999966,6981.3100266603105,5723.900000000001
2,297.7,308.2,40.1,165,7.3310603052186325,10.5,6408.074087135294,6616.5
0,300.6,309.6,32.8,53,7.429520842786462,9.0,5784.216617985431,1738.3999999999999
0,297.8,307.9,48.6,46,7.277938572945661,10.099999999999966,7364.333002985977,2235.6
1,304.0,313.1,31.4,116,7.43543801981455,9.100000000000023,5570.211326422895,3642.3999999999996
1,299.3,309.2,37.5,111,7.273092595999522,9.899999999999977,5654.8667764616275,4162.5
0,296.9,307.8,57.1,202,7.244941546337007,10.900000000000034,8371.297224265601,11534.2
0,298.9,308.2,30.4,53,7.430707082545968,9.300000000000011,5367.34821680509,1611.1999999999998
1,302.9,312.4,50.9,5,7.19668657083435,9.5,7110.53420447797,254.5
0,298.4,308.3,62.3,20,7.2682230211595655,9.900000000000034,9348.950386087232,1246.0
1,300.8,309.4,62.4,113,7.202661196523238,8.599999999999966,8769.316069524404,7051.2
1,298.5,308.0,51.9,157,7.2875606403097235,9.5,7940.469679727809,8148.3
0,299.9,311.3,27.5,26,7.4073177104694174,11.400000000000034,4743.019508757191,715.0
0,301.1,311.3,60.0,53,7.1459844677143876,10.199999999999989,7967.0789695037165,3180.0
1,300.3,311.9,41.6,184,7.265429723253953,11.599999999999966,6225.212450745343,7654.400000000001
0,302.4,310.2,37.7,29,7.3395376954076745,7.800000000000011,6075.871607969197,1093.3000000000002
0,301.4,310.3,47.6,176,7.226209010100671,8.900000000000034,6848.923312238037,8377.6
2,302.0,309.9,27.2,192,7.459338895220296,7.899999999999977,4941.934683606984,5222.4
0,298.3,309.1,49.8,133,7.241366283322318,10.800000000000011,7274.986107917883,6623.4
1,298.6,309.4,45.1,176,7.249925536717988,10.799999999999955,6645.065364946595,7937.6
1,297.5,308.7,53.0,168,7.277247726631484,11.199999999999989,8025.512592860486,8904.0
1,302.6,310.2,39.0,97,7.355001921105257,7.599999999999966,6383.402112829101,3783.0
0,300.6,310.3,22.3,223,7.560601162768557,9.699999999999989,4483.681035203353,4972.900000000001
0,300.4,309.7,31.3,152,7.430114138561801,9.300000000000011,5522.972244888417,4757.6
0,300.7,311.8,38.1,34,7.273786317844895,11.100000000000023,5749.334467555073,1295.4
0,300.5,311.6,47.2,202,7.31986492980897,11.100000000000023,7458.643614446743,9534.400000000001
1,298.5,309.6,44.5,124,7.271703706887368,11.100000000000023,6701.121849862148,5518.0
1,298.9,309.8,43.1,218,7.239214973779806,10.900000000000034,6282.682652355012,9395.800000000001
1,297.8,309.8,29.0,178,7.424761761823209,12.0,5089.798977835943,5162.0
1,302.2,311.5,53.0,36,7.215975002651466,9.300000000000011,7548.199949025076,1908.0
0,301.8,311.2,26.6,202,7.518064181233078,9.399999999999977,5125.403694576628,5373.200000000001
0,300.2,310.4,41.8,5,7.325807502595773,10.199999999999989,6644.7197897547,209.0
0,297.5,308.5,40.4,129,7.344072850573066,11.0,6540.628353165756,5211.599999999999
1,302.9,312.5,40.0,20,7.347299700743164,9.600000000000023,6496.813607623693,800.0
1,302.1,311.2,35.1,57,7.388327859577107,9.099999999999966,5939.872061995294,2000.7
0,300.2,311.8,51.4,189,7.252053951852814,11.600000000000023,7589.459532542222,9714.6
0,301.6,310.7,40.4,213,7.284820912568604,9.099999999999966,6164.098001657509,8605.199999999999
2,297.0,307.8,40.7,184,7.247792581767846,10.800000000000011,5983.980022851695,7488.8
1,300.5,311.6,41.4,108,7.282761179605593,11.100000000000023,6303.6684912809915,4471.2
0,299.9,309.1,48.3,198,7.253470382684528,9.200000000000045,7141.845411258749,9563.4
0,298.3,309.1,45.1,138,7.247080584585756,10.800000000000011,6626.173921123008,6223.8
0,302.2,310.9,40.5,68,7.380879035564116,8.699999999999989,6802.8047320833375,2754.0
0,302.5,310.2,29.9,156,7.448333860897476,7.699999999999989,5373.003083581551,4664.4
1,300.7,309.6,36.5,71,7.330405211844402,8.900000000000034,5828.963369348062,2591.5
1,301.1,311.1,37.7,153,7.38770923908104,10.0,6375.914650338045,5768.1
0,301.2,310.2,42.3,42,7.234177179749849,9.0,6135.059213562828,1776.6
0,299.1,310.3,46.6,157,7.29505641646263,11.199999999999989,7183.272546384085,7316.2
0,299.2,308.8,51.4,183,7.2485040723706105,9.600000000000023,7562.5465554764705,9406.199999999999
1,301.0,310.7,29.9,148,7.4133673356952405,9.699999999999989,5188.266963574959,4425.2
0,297.9,308.9,41.9,50,7.356918242356021,11.0,6871.228620078523,2095.0
1,302.3,311.2,42.7,68,7.267525427828172,8.899999999999977,6403.236034448764,2903.6000000000004
0,300.7,310.8,49.1,71,7.299797366758161,10.100000000000023,7604.633425059062,3486.1
1,297.7,308.9,39.1,108,7.333676395657684,11.199999999999989,6264.649910523406,4222.8
2,300.2,311.5,36.8,27,7.323830566202317,11.300000000000011,5838.3357874312715,993.5999999999999
1,300.3,311.6,32.5,115,7.388946097618437,11.300000000000011,5503.28493092592,3737.5
2,302.3,311.6,53.9,74,7.273786317844895,9.300000000000011,8133.572908168463,3988.6
0,298.8,309.8,42.8,23,7.271008538280992,11.0,6440.6419309775065,984.4
0,300.4,311.1,50.8,189,7.242797922793756,10.700000000000045,7431.709693429966,9601.199999999999
0,297.1,308.7,42.3,64,7.29641326877392,11.599999999999966,6529.297675661811,2707.2
0,300.5,311.3,41.8,39,7.307202314764738,10.800000000000011,6522.155788362649,1630.1999999999998
1,299.2,308.4,43.5,53,7.255591274253665,9.199999999999989,6445.762727002858,2305.5
0,302.5,310.2,41.6,16,7.298445101508147,7.699999999999989,6434.316857768278,665.6
0,297.2,308.6,32.1,52,7.410347097821024,11.400000000000034,5553.204838191463,1669.2
0,299.1,310.7,51.1,188,7.177782416195197,11.599999999999966,7004.69394797853,9606.800000000001
0,302.2,310.8,29.7,16,7.4645098346365275,8.600000000000023,5424.148211981992,475.2
0,301.0,310.9,44.3,194,7.299797366758161,9.899999999999977,6861.206939513572,8594.199999999999
1,302.0,310.6,37.4,96,7.3395376954076745,8.600000000000023,6027.522497030449,3590.3999999999996
0,302.7,312.3,61.2,170,7.205635176410364,9.600000000000023,8626.310771932998,10404.0
1,302.3,311.2,47.7,88,7.2485040723706105,8.899999999999977,7018.16090848692,4197.6
0,298.2,307.8,46.6,188,7.226936018493289,9.600000000000023,6709.9183092921985,8760.800000000001
0,298.3,310.0,23.9,114,7.527793987721444,11.699999999999989,4650.2063897946355,2724.6
0,299.7,309.4,51.9,117,7.217443431696533,9.699999999999989,7402.409105947485,6072.3
0,301.0,311.1,35.6,158,7.38770923908104,10.100000000000023,6020.757600849719,5624.8
0,298.9,308.8,53.9,77,7.156176637480615,9.900000000000034,7230.469740016517,4150.3
0,300.3,311.7,41.5,172,7.2813856635702825,11.399999999999977,6310.203004000458,7138.0
1,298.2,308.7,36.2,28,7.3777589082278725,10.5,6061.5773613953625,1013.6000000000001
0,298.9,309.9,36.6,117,7.325148957955575,11.0,5814.271187704774,4282.2
0,298.8,309.8,33.6,27,7.399398083331354,11.0,5749.365883481609,907.2
0,297.8,307.2,38.1,188,7.312553498102598,9.399999999999977,5976.754359748438,7162.8
0,301.4,310.6,31.1,171,7.399398083331354,9.200000000000045,5321.585683817799,5318.1
1,300.7,311.0,25.0,153,7.442492722794441,10.300000000000011,4466.297555853489,3825.0
0,296.1,307.1,35.7,167,7.409741954080923,11.0,6172.255670581331,5961.900000000001
0,302.4,311.8,45.7,108,7.319202458767849,9.400000000000034,7216.824755924425,4935.6
0,297.4,307.9,47.7,156,7.237778191923443,10.5,6943.233923698802,7441.200000000001
0,303.9,313.4,48.5,174,7.274479558773871,9.5,7323.785513803646,8439.0
0,297.6,309.3,35.0,6,7.384610383176974,11.699999999999989,5900.958200992827,210.0
1,297.4,308.2,32.6,22,7.333676395657684,10.800000000000011,5223.21194585839,717.2
0,300.6,310.7,40.6,82,7.283448228756631,10.099999999999966,6186.110094183661,3329.2000000000003
0,299.3,310.5,26.0,102,7.506042178518122,11.199999999999989,4949.893384996079,2652.0
0,300.7,311.0,52.1,107,7.180069874302796,10.300000000000011,7158.139805155367,5574.7
0,298.7,309.7,40.6,162,7.32052696227274,11.0,6419.949307365861,6577.2
2,302.7,312.5,36.4,26,7.331714969726466,9.800000000000011,5820.617204865024,946.4
0,299.9,310.2,69.6,62,7.161622002939187,10.300000000000011,9387.581503750875,4315.2
1,298.2,308.3,49.1,22,7.328437352895162,10.100000000000023,7825.728244043198,1080.2
0,298.6,309.4,35.6,185,7.419380582918692,10.799999999999955,6214.614811527233,6586.0
0,301.6,309.8,42.5,91,7.29505641646263,8.199999999999989,6551.2678802859145,3867.5
0,297.4,308.8,34.2,142,7.403061091090091,11.400000000000034,5873.521625151478,4856.400000000001
0,299.8,309.8,33.4,153,7.4673710669175595,10.0,6117.372046923117,5110.2
0,298.4,309.4,50.0,201,7.234177179749849,11.0,7251.843042036439,10050.0
1,298.5,309.4,33.7,150,7.356279876550748,10.899999999999977,5522.972244888416,5055.0
0,297.4,308.4,57.4,52,7.22402480828583,11.0,8240.963017043674,2984.7999999999997
0,300.1,309.4,17.9,33,7.669495251007694,9.299999999999955,4013.269423230329,590.6999999999999
0,297.8,307.7,38.0,29,7.2399325913204695,9.899999999999977,5543.235517504071,1102.0
0,299.8,311.3,35.4,178,7.353081920515432,11.5,5783.043756728091,6301.2
0,297.6,308.3,43.2,139,7.315218389752975,10.699999999999989,6794.8879185962915,6004.8
0,304.3,313.5,29.8,17,7.372118028337787,9.199999999999989,4961.831437079719,506.6
0,304.1,313.5,44.6,113,7.293017679772782,9.399999999999977,6860.966084076797,5039.8
0,299.8,311.2,28.3,173,7.417580402414544,11.399999999999977,4931.378932290922,4895.900000000001
0,297.6,309.2,43.3,221,7.237778191923443,11.599999999999966,6302.767901386962,9569.3
1,301.2,310.1,45.5,44,7.299797366758161,8.900000000000034,7047.063560899945,2002.0
0,300.1,309.7,49.1,23,7.217443431696533,9.599999999999966,7003.049847823151,1129.3
0,299.6,310.8,30.9,114,7.405495663199472,11.199999999999989,5319.721672176668,3522.6
1,297.5,309.2,55.8,188,7.206377291472252,11.699999999999989,7871.00906615694,10490.4
0,300.6,310.3,41.0,213,7.3031700512368,9.699999999999989,6371.568780500579,8733.0
0,300.6,309.4,13.5,111,7.822845290279774,8.799999999999955,3528.6368685120556,1498.5
1,300.4,311.0,35.4,15,7.3752557780097545,10.600000000000023,5912.7915333213505,531.0
2,298.9,310.3,63.0,163,7.126087273299125,11.400000000000034,8200.499303665438,10269.0
0,300.3,310.6,53.8,86,7.2682230211595655,10.300000000000011,8073.4114088522165,4626.8
0,300.8,311.3,43.5,71,7.329749689041512,10.5,6942.291445902724,3088.5
1,302.0,311.4,35.9,30,7.370230641807081,9.399999999999977,5966.230024358912,1077.0
0,300.7,311.7,32.4,213,7.400009517162692,11.0,5547.424307708856,6901.2
2,298.7,308.4,33.3,53,7.353081920515432,9.699999999999989,5439.981838956085,1764.8999999999999
0,303.7,313.1,48.6,183,7.249215057114389,9.400000000000034,7155.668418934542,8893.800000000001
2,303.8,312.6,24.9,183,7.502186486602924,8.800000000000011,4722.222165390425,4556.7
1,299.3,308.6,52.1,71,7.278628942320682,9.300000000000011,7900.142102031229,3699.1
1,301.8,310.8,31.0,76,7.3901814282264295,9.0,5255.779789700605,2356.0
0,299.8,310.2,32.7,159,7.411556287811163,10.399999999999977,5663.8517314508945,5199.3
2,302.4,311.5,43.7,81,7.340186835320115,9.100000000000023,7047.430080042864,3539.7000000000003
0,299.0,310.3,45.0,171,7.327123292259293,11.300000000000011,7162.8312501847295,7695.0
0,297.2,308.4,51.2,102,7.288244401020124,11.199999999999989,7838.734437629061,5222.400000000001
1,298.8,308.6,41.1,13,7.304515946460155,9.800000000000011,6395.717156031173,534.3000000000001
1,298.3,308.1,32.7,83,7.396948602621014,9.800000000000011,5581.667667632986,2714.1000000000004
2,300.9,310.8,40.6,131,7.237778191923443,9.900000000000034,5909.75466042288,5318.6
1,298.8,309.1,34.7,95,7.352441100243583,10.300000000000011,5665.056008634771,3296.5000000000005
1,297.8,309.7,31.3,200,7.438971592395862,11.899999999999977,5572.138169917096,6260.0
0,298.2,308.8,36.0,39,7.312553498102598,10.600000000000023,5647.326954093012,1404.0
0,301.6,310.9,29.5,193,7.442492722794441,9.299999999999955,5270.231115907117,5693.5
1,301.7,310.8,40.4,48,7.324489979348532,9.100000000000023,6413.708009960729,1939.1999999999998
1,300.3,311.2,65.2,136,7.231287004327616,10.899999999999977,9429.092414680308,8867.2
0,297.8,307.8,28.9,128,7.474204806496124,10.0,5329.492025329333,3699.2
2,298.9,310.1,49.9,187,7.2813856635702825,11.200000000000045,7587.448913243925,9331.3
0,298.2,307.7,32.4,91,7.4318919168078,9.5,5727.249071200336,2948.4
0,302.7,312.4,47.3,62,7.282073658093465,9.699999999999989,7197.064138133344,2932.6
0,297.3,308.1,45.7,202,7.285506548522785,10.800000000000011,6977.540115476002,9231.400000000001
2,300.7,310.7,43.4,26,7.264730177929867,10.0,6490.027767491938,1128.3999999999999
2,300.1,309.4,40.8,28,7.355001921105257,9.299999999999955,6678.020671882751,1142.3999999999999
0,299.4,309.3,48.6,44,7.278628942320682,9.900000000000034,7369.422383084793,2138.4
2,301.5,310.4,35.7,161,7.365812837209472,8.899999999999977,5906.822507279529,5747.700000000001
0,304.2,313.4,43.4,56,7.259819610363186,9.199999999999989,6458.213905886585,2430.4
0,300.6,309.3,38.7,115,7.251344983372214,8.699999999999989,5710.190223091344,4450.5
1,297.3,308.7,44.5,105,7.277938572945661,11.399999999999977,6743.062111787572,4672.5
2,300.6,310.6,44.7,55,7.278628942320682,10.0,6778.048981973051,2458.5
1,303.5,312.4,54.2,177,7.1846291527173145,8.899999999999977,7480.718538825967,9593.4
0,299.0,310.3,39.9,114,7.347943823148687,11.300000000000011,6484.749891833906,4548.599999999999
1,301.6,310.6,23.6,181,7.562681246721884,9.0,4754.9470888653195,4271.6
0,297.1,308.1,34.6,208,7.305188215393037,11.0,5387.85234485752,7196.8
0,298.8,310.6,33.3,0,7.409741954080923,11.800000000000011,5757.31411289519,0.0
0,301.0,312.1,32.3,50,7.368970402194793,11.100000000000023,5361.180223228541,1614.9999999999998
0,297.4,308.7,57.4,96,7.265429723253953,11.300000000000011,8589.596025788045,5510.4
1,300.2,309.4,48.8,191,7.2682230211595655,9.199999999999989,7323.094363419855,9320.8
0,298.3,309.1,52.3,160,7.23561914106675,10.800000000000011,7596.38150835563,8368.0
0,301.0,310.9,41.8,71,7.247792581767846,9.899999999999977,6145.709212658497,2967.7999999999997
0,301.5,311.1,52.1,121,7.2633296174768365,9.600000000000023,7780.112318713074,6304.1
1,298.1,308.2,63.9,19,7.259116128097101,10.099999999999966,9502.061140047686,1214.1
0,301.6,310.7,50.5,214,7.261927092702751,9.099999999999966,7530.607030164974,10807.0
0,299.9,309.6,59.3,163,7.155396301896734,9.700000000000045,7948.648292602655,9665.9
0,299.2,308.7,51.0,171,7.189922170745808,9.5,7076.437452211009,8721.0
1,299.6,310.9,38.8,198,7.333676395657684,11.299999999999955,6216.583542923482,7682.4
0,303.2,311.5,39.2,225,7.318539548567902,8.300000000000011,6186.256701840831,8820.0
0,299.8,309.2,35.4,158,7.360739903058278,9.399999999999977,5827.528708702922,5593.2
0,300.5,309.9,47.9,114,7.261225091971921,9.399999999999977,7137.8765325397135,5460.599999999999
2,295.7,306.2,16.5,105,7.6787889981991535,10.5,3733.939948424149,1732.5
0,302.3,311.2,24.4,68,7.472500744737558,8.899999999999977,4491.9748398088295,1659.1999999999998
0,302.5,310.3,35.5,158,7.368339686311381,7.800000000000011,5888.601269888708,5609.0
0,300.6,311.5,38.6,31,7.258412150595307,10.899999999999977,5735.8570350711725,1196.6000000000001
0,300.7,310.8,39.5,202,7.3833681469923835,10.100000000000023,6651.3799661803105,7979.0
0,301.2,310.4,49.8,115,7.231287004327616,9.199999999999989,7201.975494648455,5727.0
0,300.2,309.8,59.4,26,7.21081845347222,9.600000000000023,8416.13822340784,1544.3999999999999
1,300.4,310.2,30.5,234,7.421775793644647,9.800000000000011,5337.09467955102,7137.0
0,300.1,311.4,40.9,93,7.266128779556451,11.299999999999955,6124.744317683541,3803.7
1,301.7,311.2,42.6,79,7.254177846456518,9.5,6303.4799957217765,3365.4
0,299.5,309.1,22.6,77,7.52456122628536,9.600000000000023,4383.066294484383,1740.2
2,300.1,310.1,42.7,64,7.2633296174768365,10.0,6376.406833187108,2732.8
1,303.7,312.8,47.3,49,7.220373836723949,9.100000000000023,6766.131873840433,2317.7
1,299.2,308.4,22.7,86,7.526717561352706,9.199999999999989,4411.96894689741,1952.2
0,298.6,309.8,28.3,64,7.4413203897176174,11.199999999999989,5049.921695086377,1811.2
0,302.2,311.5,43.8,88,7.2640301428995295,9.300000000000011,6545.256966342046,3854.3999999999996
1,301.1,311.1,41.8,156,7.270312886079025,10.0,6285.782357106554,6520.799999999999
0,298.9,310.0,33.4,58,7.352441100243583,11.100000000000023,5452.820480933756,1937.1999999999998
0,297.2,308.3,25.6,103,7.498869733976931,11.100000000000023,4838.890444569239,2636.8
0,303.1,312.8,15.1,113,7.753623546559746,9.699999999999989,3682.773876072683,1706.3
1,302.7,312.5,51.5,19,7.257002707092073,9.800000000000011,7641.976489734731,978.5
0,300.9,310.6,53.8,131,7.208600337960199,9.700000000000045,7605.795814340889,7047.799999999999
2,303.9,313.1,26.7,17,7.490529402060711,9.200000000000045,5004.871256433899,453.9
0,302.0,310.9,31.5,81,7.416979621381154,8.899999999999977,5485.692012065818,2551.5
0,299.6,309.0,33.6,70,7.407924322559599,9.399999999999977,5798.626056289896,2352.0
0,297.4,308.4,39.4,0,7.360103972989152,11.0,6481.880570543628,0.0
1,298.6,309.9,24.9,9,7.506042178518122,11.299999999999955,4740.474818707783,224.1
1,299.2,308.6,35.7,138,7.369600720526409,9.400000000000034,5929.253478826161,4926.6
2,302.9,312.3,26.9,209,7.470224135899966,9.400000000000034,4940.95031790886,5622.099999999999
0,298.7,310.2,27.3,26,7.4489161025442,11.5,4908.6442734544435,709.8000000000001
0,300.3,310.3,16.8,32,7.677400430514807,10.0,3796.5518900101933,537.6
0,296.9,308.0,53.9,7,7.195187320178709,11.100000000000023,7518.3338748649485,377.3
0,298.0,308.4,46.2,11,7.267525427828172,10.399999999999977,6928.091447108499,508.20000000000005
0,299.3,308.7,26.0,130,7.497207223203318,9.399999999999977,4906.329966866299,3380.0
1,297.3,308.2,24.5,41,7.52131798019924,10.899999999999977,4736.160364796852,1004.5
0,300.6,310.9,47.6,75,7.29505641646263,10.299999999999955,7337.420025920225,3570.0
1,299.9,309.3,41.9,106,7.2813856635702825,9.400000000000034,6371.024237773957,4441.4
2,298.2,308.8,39.9,53,7.382124365737512,10.600000000000023,6710.379076214726,2114.7
0,298.0,309.5,45.8,46,7.311218384419629,11.5,7175.0625175827045,2106.7999999999997
1,300.1,311.4,21.9,15,7.5569505720129,11.299999999999955,4387.20272481161,328.5
0,302.1,310.5,30.9,107,7.436617265234227,8.399999999999977,5487.985374702937,3306.2999999999997
2,303.3,312.5,49.8,120,7.192182058713246,9.199999999999989,6925.578172985628,5976.0
0,298.6,308.4,34.4,25,7.354362330421477,9.799999999999955,5626.885657893655,860.0
2,300.5,310.6,47.2,201,7.252762418053187,10.100000000000023,6974.251915165245,9487.2
0,300.6,310.1,42.0,23,7.340835554123275,9.5,6777.671990854619,966.0
0,297.5,308.3,32.9,32,7.368970402194793,10.800000000000011,5460.768710347337,1052.8
0,303.2,311.2,46.7,29,7.218176838403408,8.0,6665.632324852096,1354.3000000000002
0,301.4,311.0,25.7,182,7.458186157340487,9.600000000000023,4664.018925494918,4677.4
2,303.3,311.2,31.7,34,7.382746449738912,7.899999999999977,5334.623293330196,1077.8
1,300.3,311.6,53.4,151,7.180069874302796,11.300000000000011,7336.749819487458,8063.4
1,300.2,311.7,37.4,169,7.349873704738337,11.5,6090.186798494053,6320.599999999999
0,301.3,310.4,30.9,108,7.4360278163518485,9.099999999999966,5484.74953426974,3337.2
1,300.6,312.2,18.5,95,7.684783943522785,11.599999999999966,4211.723831157596,1757.5
0,299.0,310.1,35.8,142,7.367708572374371,11.100000000000023,5934.615130288286,5083.599999999999
2,301.0,311.2,32.7,19,7.3796321526095525,10.199999999999989,5485.786259845426,621.3000000000001
0,300.7,309.5,24.5,19,7.523481312573497,8.800000000000011,4746.42290079858,465.5
0,302.5,310.4,48.4,134,7.305860032684009,7.899999999999977,7541.832987913801,6485.599999999999
0,299.1,308.7,38.9,181,7.312553498102598,9.599999999999966,6102.250514283838,7040.9
0,301.5,310.7,43.6,56,7.2909747781429814,9.199999999999989,6693.435419836365,2441.6
1,299.9,309.4,38.1,193,7.302496423727326,9.5,5916.907019697552,7353.3
0,301.1,311.1,43.3,168,7.280008252884188,10.0,6574.829825187839,7274.4
0,299.3,309.1,40.3,125,7.295735072749282,9.800000000000011,6216.363631437731,5037.5
0,302.5,311.1,36.8,208,7.338888133838879,8.600000000000023,5926.970588164551,7654.4
0,300.9,311.6,33.5,148,7.421775793644647,10.700000000000045,5862.054811965875,4958.0
0,297.6,308.6,47.1,11,7.232010331664759,11.0,6816.439244199918,518.1
1,299.7,311.0,50.1,168,7.269616749608169,11.300000000000011,7528.66971469526,8416.800000000001
0,298.5,309.3,33.9,107,7.372118028337787,10.800000000000011,5644.4995207047805,3627.2999999999997
1,303.0,312.4,36.1,142,7.3310603052186325,9.399999999999977,5768.864701884891,5126.2
2,298.3,309.0,43.2,0,7.22983877815125,10.699999999999989,6238.449027792468,0.0
1,303.7,312.4,28.5,132,7.397561535524052,8.699999999999989,4867.740737104705,3762.0
0,301.5,311.0,45.3,99,7.3098814858247865,9.5,7087.244530939358,4484.7
0,297.4,308.9,23.8,131,7.501082124259871,11.5,4508.625280872856,3117.8
1,301.8,310.8,33.4,62,7.433666540166168,9.0,5914.508937305312,2070.7999999999997
1,298.9,309.9,31.4,86,7.406103381237015,11.0,5409.089511195785,2700.4
1,300.8,310.5,59.0,190,7.193685818395112,9.699999999999989,8217.359184239702,11210.0
0,299.4,309.0,47.9,75,7.270312886079025,9.600000000000023,7203.085524052725,3592.5
0,298.4,310.1,23.7,83,7.563719668414366,11.700000000000045,4780.058886143014,1967.1
0,303.8,313.2,41.9,145,7.330405211844402,9.399999999999977,6691.330552758461,6075.5
2,301.5,310.7,40.4,72,7.3777589082278725,9.199999999999989,6764.854292827973,2908.7999999999997
0,301.4,310.5,39.2,206,7.29776828253138,9.100000000000023,6059.001255419419,8075.200000000001
0,298.6,309.5,43.2,92,7.302496423727326,10.899999999999977,6708.933943594075,3974.4
1,298.1,307.7,47.7,103,7.261927092702751,9.599999999999966,7113.068422551867,4913.1
1,299.9,309.8,41.2,109,7.3938782901077555,9.900000000000034,7010.987605261223,4490.8
0,301.9,311.0,32.2,191,7.4205789054108005,9.100000000000023,5627.828135689732,6150.200000000001
0,298.0,308.1,23.4,78,7.506591780070841,10.100000000000023,4457.354488766269,1825.1999999999998
0,300.7,310.2,64.9,160,7.160069207596127,9.5,8740.057369943972,10384.0
1,302.2,310.6,49.2,134,7.205635176410364,8.400000000000034,6934.877287240253,6592.8
0,299.8,309.2,44.4,214,7.299797366758161,9.399999999999977,6876.69499129577,9501.6
1,298.8,309.9,53.2,194,7.255591274253665,11.099999999999966,7883.093725897748,10320.800000000001
1,302.5,311.8,37.6,54,7.356918242356021,9.300000000000011,6166.066733053759,2030.4
1,300.2,311.3,37.3,102,7.307872780763706,11.100000000000023,5823.915877151294,3804.6
1,300.7,311.9,30.9,116,7.4133673356952405,11.199999999999989,5361.787597808236,3584.3999999999996
0,298.9,310.1,26.1,131,7.508787170634276,11.200000000000045,4982.597364519948,3419.1000000000004
1,299.0,309.8,15.9,144,7.714677473800927,10.800000000000011,3729.698798341802,2289.6
1,303.4,312.9,54.3,68,7.176254532017144,9.5,7431.9714928177655,3692.3999999999996
0,297.8,308.4,27.5,146,7.460490305825338,10.599999999999966,5002.200902678348,4015.0
1,299.1,308.4,53.6,62,7.193685818395112,9.299999999999955,7465.2619029703055,3323.2000000000003
0,302.4,310.1,18.9,59,7.605890001053122,7.7000000000000455,3976.219573868993,1115.1
0,297.4,308.3,38.3,0,7.3537223303996315,10.900000000000034,6260.806695510514,0.0
1,300.2,311.4,20.9,20,7.581209826196346,11.199999999999989,4289.740048721743,418.0
1,300.7,312.3,47.2,131,7.266128779556451,11.600000000000023,7068.164591556558,6183.200000000001
1,296.9,307.9,47.6,60,7.273786317844895,11.0,7182.895555265656,2856.0
0,302.4,310.3,45.8,123,7.300472814267799,7.900000000000034,7098.323881031018,5633.4
0,299.1,308.9,29.6,108,7.430707082545968,9.799999999999955,5226.102211099693,3196.8
1,302.0,311.2,49.5,20,7.244941546337007,9.199999999999989,7257.079029792421,990.0
0,302.0,310.4,46.6,165,7.280008252884188,8.399999999999977,7075.9138534354115,7689.0
1,299.8,309.3,42.7,119,7.293697720601438,9.5,6573.154309105924,5081.3
0,303.8,312.9,35.7,182,7.3901814282264295,9.099999999999966,6052.623822332632,6497.400000000001
0,301.2,310.6,50.9,66,7.251344983372214,9.400000000000034,7510.301869647271,3359.4
0,298.1,308.0,31.0,164,7.437206366871292,9.899999999999977,5508.992157579943,5084.0
2,298.8,309.7,55.1,118,7.2875606403097235,10.899999999999977,8430.055478863243,6501.8
1,300.8,312.3,40.3,71,7.336936913707618,11.5,6478.016411579712,2861.2999999999997
1,301.3,311.0,33.0,145,7.403670290012373,9.699999999999989,5670.8888989949355,4785.0
1,302.3,310.9,29.7,137,7.463363045520021,8.599999999999966,5417.927858527885,4068.9
1,297.4,308.5,45.5,49,7.253470382684528,11.100000000000023,6727.825387417663,2229.5
2,298.9,310.1,54.6,185,7.1891677384203225,11.200000000000045,7570.232985502253,10101.0
1,299.0,310.6,22.2,192,7.488852955733459,11.600000000000023,4154.37929325407,4262.4
1,298.0,307.6,26.0,119,7.491645473605133,9.600000000000023,4879.102830535188,3094.0
0,300.7,310.2,32.6,26,7.404279118037268,9.5,5605.564715751291,847.6
0,303.3,311.4,21.5,0,7.580189417944541,8.099999999999966,4408.387531272318,0.0
0,301.0,310.8,57.2,20,7.226936018493289,9.800000000000011,8236.20874016124,1144.0
0,303.7,312.1,45.9,74,7.275172319452771,8.400000000000034,6935.97684466901,3396.6
1,300.9,311.9,40.9,28,7.300472814267799,11.0,6338.896216903245,1145.2
1,300.5,311.9,22.1,100,7.53689712956617,11.399999999999977,4339.324852770902,2210.0
0,297.2,308.4,30.0,183,7.381501894506707,11.199999999999989,5042.256209011618,5490.0
1,298.3,309.6,40.1,81,7.3343293503005365,11.300000000000011,6429.070398036785,3248.1
0,299.1,308.8,67.5,20,7.186144304522325,9.699999999999989,9330.530181161685,1350.0
1,297.7,309.2,27.4,176,7.438971592395862,11.5,4877.846193473752,4822.4
1,301.3,310.8,40.1,25,7.31986492980897,9.5,6336.68663007022,1002.5
0,302.1,310.7,49.3,41,7.215239978730097,8.599999999999966,7016.087457335549,2021.3
0,298.2,309.4,45.4,187,7.275172319452771,11.199999999999989,6860.421541350175,8489.8
1,302.2,311.4,37.4,37,7.338888133838879,9.199999999999989,6023.6059781889735,1383.8
0,297.2,308.5,25.8,7,7.4770384723196965,11.300000000000011,4771.325258566034,180.6
0,300.6,311.8,37.0,187,7.3395376954076745,11.199999999999989,5963.057015778787,6919.0
1,299.9,309.2,30.5,13,7.428927194802272,9.300000000000011,5375.422109924816,396.5
1,302.3,311.0,45.7,175,7.280008252884188,8.699999999999989,6939.254573004256,7997.500000000001
0,301.5,310.6,48.1,81,7.307202314764738,9.100000000000023,7505.160129670897,3896.1
0,301.4,310.7,34.2,94,7.381501894506707,9.300000000000011,5748.172078273245,3214.8
0,298.1,308.0,42.4,59,7.284134806195205,9.899999999999977,6464.8112504591245,2501.6
1,296.8,307.9,31.8,76,7.428927194802272,11.099999999999966,5604.538462151119,2416.8
0,296.6,307.4,35.0,168,7.397561535524052,10.799999999999955,5977.927221005777,5880.0
0,300.7,310.8,43.9,55,7.326465613840322,10.100000000000023,6983.142622374904,2414.5
1,300.9,310.8,48.1,22,7.246368080102461,9.900000000000034,7061.902350200401,1058.2
0,299.6,309.5,27.7,159,7.4977617006225685,9.899999999999977,5230.02920191668,4404.3
0,299.0,310.4,49.1,226,7.2196420401307355,11.399999999999977,7018.475067752277,11096.6
0,298.3,308.9,52.7,44,7.147559271189454,10.599999999999966,7008.788490403708,2318.8
0,303.8,313.1,55.8,193,7.177782416195197,9.300000000000011,7648.9612974012125,10769.4
1,303.8,312.6,23.9,149,7.478169694159785,8.800000000000011,4424.954196532247,3561.1
0,301.5,310.4,21.8,9,7.5595594960077,8.899999999999977,4378.584288965262,196.20000000000002
0,299.8,310.4,30.3,204,7.43543801981455,10.599999999999966,5375.076534732921,6181.2
1,300.5,309.9,26.5,101,7.484930283289661,9.399999999999977,4939.630848994351,2676.5
1,297.6,308.7,59.9,74,7.227662498728654,11.099999999999966,8631.253544374646,4432.599999999999
0,303.5,311.7,22.3,157,7.580699752224563,8.199999999999989,4574.755806230921,3501.1
0,298.1,307.9,17.5,5,7.6787889981991535,9.799999999999955,3960.2393392377335,87.5
0,296.2,307.2,41.8,20,7.27655640271871,11.0,6325.177928982569,836.0
0,298.3,310.0,47.6,101,7.2868764117507,11.699999999999989,7277.604101795876,4807.6
0,300.2,311.4,22.6,86,7.545389749611823,11.199999999999989,4475.366286646852,1943.6000000000001
0,298.3,308.1,41.3,0,7.422373700986824,9.800000000000011,7231.276082130938,0.0
0,297.5,308.5,50.7,38,7.175489713624222,11.0,6933.934809444177,1926.6000000000001
0,296.3,307.3,41.5,208,7.272398392570047,11.0,6253.706696113401,8632.0
1,297.5,309.5,43.7,46,7.278628942320682,12.0,6626.414776559784,2010.2
0,297.8,309.0,56.9,6,7.201170883281678,11.199999999999989,7984.462448853578,341.4
1,298.3,309.2,51.4,21,7.215239978730097,10.899999999999977,7314.947166471546,1079.3999999999999
0,297.7,307.2,35.8,195,7.325807502595773,9.5,5690.932260124839,6980.999999999999
1,304.3,313.5,15.1,172,7.716906135298388,9.199999999999989,3549.947338678906,2597.2
0,298.8,308.5,44.4,33,7.241366283322318,9.699999999999989,6486.132192601486,1465.2
0,298.6,309.9,30.6,2,7.396948602621014,11.299999999999955,5223.21194585839,61.2
2,298.8,309.9,42.1,30,7.3310603052186325,11.099999999999966,6727.678779760496,1263.0
0,300.8,311.8,43.4,223,7.257002707092073,11.0,6440.034556397813,9678.199999999999
2,298.4,308.5,47.1,122,7.243512974665482,10.100000000000023,6895.356051658094,5746.2
0,301.9,310.3,21.3,67,7.587310506022615,8.400000000000034,4398.606706144142,1427.1000000000001
1,298.2,309.0,47.9,97,7.254177846456518,10.800000000000011,7087.715769837396,4646.3
1,297.3,308.1,58.8,199,7.223295679562314,10.800000000000011,8435.80459341931,11701.199999999999
2,298.1,308.4,43.8,6,7.323830566202317,10.299999999999955,6948.888790475263,262.79999999999995
1,296.2,307.0,37.6,25,7.324489979348532,10.800000000000011,5969.1935934287985,940.0
1,300.6,310.0,41.2,127,7.304515946460155,9.399999999999977,6411.2785116419545,5232.400000000001
0,300.4,311.5,44.6,96,7.273786317844895,11.100000000000023,6730.1920538833665,4281.6
0,301.1,311.1,40.9,125,7.293697720601438,10.0,6296.065837059304,5112.5
0,298.1,307.7,48.1,111,7.310550158534422,9.599999999999966,7530.345230777174,5339.1
2,298.2,308.7,35.7,40,7.327123292259293,10.5,5682.512791813219,1428.0
0,300.3,311.5,45.0,82,7.277247726631484,11.199999999999989,6814.114465636261,3690.0
0,295.8,306.5,40.5,90,7.309212365692763,10.699999999999989,6332.037072942908,3645.0
0,300.7,310.8,21.4,59,7.503840746698951,10.100000000000023,4065.179005843144,1262.6
0,298.1,309.2,26.9,83,7.497207223203318,11.099999999999966,5076.164465719363,2232.7
0,300.8,311.2,54.4,85,7.266128779556451,10.399999999999977,8146.359190268574,4624.0
0,299.7,309.6,27.1,146,7.450660796211539,9.900000000000034,4881.197225637581,3956.6000000000004
1,300.9,311.2,40.0,93,7.29505641646263,10.300000000000011,6165.899181445567,3720.0
0,298.1,308.4,45.6,105,7.271703706887368,10.299999999999955,6866.767558510426,4788.0
0,301.5,310.5,54.9,187,7.237059026124737,9.0,7985.5201183802865,10266.3
0,300.5,311.6,47.8,156,7.340835554123275,11.100000000000023,7713.636218163114,7456.799999999999
0,296.2,307.1,53.4,203,7.254177846456518,10.900000000000034,7901.545346749832,10840.199999999999
0,302.3,310.9,30.3,112,7.390798521735676,8.599999999999966,5140.273899803619,3393.6
0,300.9,310.7,50.0,214,7.237059026124737,9.800000000000011,7272.78699306037,10700.0
0,301.9,311.0,44.9,186,7.227662498728654,9.100000000000023,6469.837798704867,8351.4
0,296.5,307.2,38.2,160,7.301147805856032,10.699999999999989,5924.436370090657,6112.0
0,302.0,310.9,34.4,7,7.344072850573066,8.899999999999977,5569.247904675793,240.79999999999998
1,298.3,308.4,47.5,178,7.275864600546533,10.099999999999966,7182.728003657462,8455.0
1,298.1,310.0,43.1,65,7.2399325913204695,11.899999999999977,6287.19607380067,2801.5
1,303.6,312.1,32.5,7,7.395107546562485,8.5,5537.31885133981,227.5
1,300.5,310.4,37.3,65,7.3453648404168685,9.899999999999977,6046.560548511203,2424.5
1,297.3,308.3,51.9,51,7.201916317531627,11.0,7288.2750448425695,2646.9
0,300.4,311.6,33.0,172,7.423568444259167,11.200000000000045,5784.928712320245,5676.0
0,300.8,310.5,39.0,47,7.301822342137932,9.699999999999989,6052.592406406096,1833.0
0,302.0,310.6,47.7,206,7.220373836723949,8.600000000000023,6823.350748037817,9826.2
0,298.9,308.7,41.2,110,7.351799869057777,9.800000000000011,6721.919193228914,4532.0
2,303.7,312.7,40.2,150,7.355641102974253,9.0,6584.024219687346,6030.0
2,300.3,309.9,46.7,210,7.240649694255466,9.599999999999966,6817.235114338828,9807.0
0,298.2,308.1,34.7,39,7.389563953677635,9.900000000000034,5879.4487632912505,1353.3000000000002
0,300.1,309.3,23.0,125,7.518607216815252,9.199999999999989,4434.148591031753,2875.0
0,300.7,310.8,28.9,100,7.432483807917119,10.100000000000023,5111.591158876344,2890.0
2,300.5,309.4,46.2,93,7.215975002651466,8.899999999999977,6579.751653678463,4296.6
0,300.4,311.1,20.1,195,7.607878073278507,10.700000000000045,4237.097427823091,3919.5000000000005
0,300.8,310.7,34.3,144,7.371489295214277,9.899999999999977,5707.509397360281,4939.2
2,301.8,309.9,51.3,116,7.257707677160043,8.099999999999966,7617.671034571459,5950.799999999999
1,298.8,310.3,37.1,99,7.332369205929062,11.5,5936.437254027369,3672.9
1,300.0,309.6,38.1,13,7.298445101508147,9.600000000000023,5892.968083677198,495.3
0,300.1,311.5,40.8,80,7.268920128193722,11.399999999999977,6126.859656736958,3264.0
0,295.8,306.4,47.6,84,7.24422751560335,10.599999999999966,6973.539820830432,3998.4
0,303.1,312.6,42.1,138,7.323170717943469,9.5,6674.774359474041,5809.8
1,301.0,311.2,35.8,13,7.3277805384216315,10.199999999999989,5702.179161824689,465.4
1,300.8,311.3,43.2,113,7.290292882446597,10.5,6627.503862013028,4881.6
0,303.7,312.6,42.5,183,7.2909747781429814,8.900000000000034,6524.564342730401,7777.5
0,302.1,311.3,30.6,50,7.399398083331354,9.199999999999989,5236.029643885036,1530.0
2,298.5,309.4,31.8,108,7.421775793644647,10.899999999999977,5564.577403597457,3434.4
0,298.6,308.4,36.6,188,7.352441100243583,9.799999999999955,5975.246395274715,6880.8
0,300.2,310.6,42.3,113,7.266827347520591,10.400000000000034,6338.822913074661,4779.9
0,303.7,313.0,29.0,42,7.469654172932128,9.300000000000011,5323.6381910181435,1218.0
1,298.9,308.2,51.3,43,7.252762418053187,9.300000000000011,7580.066170507988,2205.9
0,299.7,310.9,48.2,188,7.233455418621439,11.199999999999989,6985.72920032636,9061.6
0,298.3,309.2,52.1,26,7.232733136177615,10.899999999999977,7545.5086513185015,1354.6000000000001
1,300.5,311.9,44.5,30,7.321188556739478,11.399999999999977,7041.303974368363,1335.0
1,300.8,312.0,53.3,151,7.275172319452771,11.199999999999989,8054.19533378776,8048.299999999999
0,300.3,311.0,34.7,142,7.3864708488298945,10.699999999999989,5861.27988577799,4927.400000000001
0,299.7,310.2,39.5,26,7.293017679772782,10.5,6076.416150695818,1027.0
1,301.0,310.9,44.5,66,7.32052696227274,9.899999999999977,7036.643945265538,2937.0
0,297.5,308.5,48.0,131,7.197435354096591,11.0,6710.441908067798,6288.0
1,303.6,313.0,38.2,117,7.242082359256962,9.399999999999977,5584.411325217121,4469.400000000001
0,300.5,311.9,50.5,35,7.232733136177615,11.399999999999977,7313.784777189719,1767.5
0,299.4,309.2,42.3,114,7.306531398939505,9.800000000000011,6595.742360285234,4822.2
2,302.1,310.9,42.5,198,7.2813856635702825,8.799999999999955,6462.256088434205,8415.0
0,296.2,307.0,48.3,162,7.254884810077338,10.800000000000011,7151.961339603306,7824.599999999999
0,298.8,308.5,42.2,83,7.275864600546533,9.699999999999989,6381.286773775683,3502.6000000000004
0,298.4,308.6,42.0,120,7.307872780763706,10.200000000000045,6557.760505103333,5040.0
0,300.1,309.2,27.3,118,7.486613313139955,9.099999999999966,5097.328328229047,3221.4
0,300.1,309.7,33.8,140,7.427144133408616,9.599999999999966,5946.40657471476,4732.0
0,302.8,312.6,39.4,22,7.288244401020124,9.800000000000011,6032.151110206738,866.8
0,302.4,311.8,26.5,213,7.454719949364001,9.400000000000034,4792.551952928789,5644.5
1,301.7,310.8,34.4,157,7.315218389752975,9.100000000000023,5410.7440833266755,5400.8
0,302.0,311.0,32.5,25,7.430707082545968,9.0,5738.118981781758,812.5
0,300.8,311.8,61.1,178,7.188412736496954,11.0,8465.052821024234,10875.800000000001
0,301.7,311.0,43.0,23,7.344072850573066,9.300000000000011,6961.559880844741,989.0
0,300.9,310.9,32.0,183,7.38770923908104,10.0,5411.916944584017,5856.0
0,300.3,309.2,32.0,173,7.360739903058278,8.899999999999977,5267.822561539365,5536.0
0,303.1,311.2,49.2,111,7.24422751560335,8.099999999999966,7207.944520690279,5461.200000000001
0,298.6,308.2,54.0,41,7.189922170745808,9.599999999999966,7492.698478811657,2214.0
2,298.4,307.9,31.0,18,7.381501894506707,9.5,5210.331415978671,558.0
0,299.2,308.5,49.7,74,7.220373836723949,9.300000000000011,7109.445119024726,3677.8
0,299.0,310.1,42.8,104,7.277938572945661,11.100000000000023,6485.461986168721,4451.2
0,301.9,311.0,45.7,119,7.213031659834869,9.100000000000023,6489.39944896122,5438.3
0,301.0,311.2,45.4,36,7.291656209174461,10.199999999999989,6974.524186528556,1634.3999999999999
2,297.3,307.9,37.5,161,7.2875606403097235,10.599999999999966,5737.33358361836,6037.5
0,299.4,308.7,30.8,171,7.427738840532894,9.300000000000011,5421.844377369361,5266.8
1,298.9,310.1,37.9,73,7.3031700512368,11.200000000000045,5889.816019048096,2766.7
1,302.7,310.6,51.2,6,7.2078598714324755,7.900000000000034,7232.867822408756,307.20000000000005
1,300.4,311.7,42.6,176,7.243512974665482,11.300000000000011,6236.5640722003145,7497.6
0,303.6,312.6,39.8,21,7.340186835320115,9.0,6418.483230794186,835.8
0,301.3,310.3,41.2,131,7.349873704738337,9.0,6708.975831496124,5397.200000000001
0,300.5,309.9,46.5,134,7.232010331664759,9.399999999999977,6729.605623254695,6231.0
1,297.5,307.9,37.9,136,7.3427791893318455,10.399999999999977,6127.948742190202,5154.4
0,300.6,309.9,43.7,153,7.300472814267799,9.299999999999955,6772.854882119115,6686.1
1,302.7,311.6,38.8,171,7.31455283232408,8.900000000000034,6098.752874462842,6634.799999999999
1,303.5,312.9,42.8,106,7.271703706887368,9.399999999999977,6445.123936496628,4536.799999999999
0,302.8,312.4,36.8,237,7.333023014386481,9.599999999999966,5892.28740526892,8721.599999999999
2,296.8,308.0,58.6,19,7.179307969504034,11.199999999999989,8045.053299165814,1113.4
0,297.5,308.5,54.3,83,7.278628942320682,11.0,8233.737353940416,4506.9
2,302.2,311.6,44.2,142,7.213768308118642,9.400000000000034,6281.028080224121,6276.400000000001
0,303.5,312.0,56.8,88,7.273786317844895,8.5,8571.186292838009,4998.4
1,297.8,307.2,39.6,199,7.284134806195205,9.399999999999977,6037.889752787296,7880.400000000001
0,302.1,311.0,30.8,182,7.462214939768189,8.899999999999977,5612.141116372807,5605.6
1,299.6,309.0,64.0,120,7.1276936993473985,9.399999999999977,8344.07008793449,7680.0
0,297.9,308.1,50.3,193,7.2399325913204695,10.200000000000045,7337.493329748809,9707.9
0,303.5,312.1,36.4,107,7.328437352895162,8.600000000000023,5801.558209433247,3894.7999999999997
1,296.9,307.9,18.9,86,7.606387389772652,11.0,3978.1987772407547,1625.3999999999999
0,302.3,310.8,32.4,26,7.409136443920128,8.5,5598.318108697012,842.4
0,301.3,310.7,47.2,74,7.316548177182976,9.399999999999977,7433.929752238504,3492.8
0,297.6,308.6,51.0,37,7.20934025660291,11.0,7215.295847499678,1887.0
0,303.8,313.0,38.6,72,7.2813856635702825,9.199999999999989,5869.249059142596,2779.2000000000003
0,295.7,306.2,40.6,103,7.285506548522785,10.5,6198.864960357236,4181.8
1,301.1,311.6,55.5,210,7.144407180321139,10.5,7357.924153972655,11655.0
0,300.5,309.8,51.7,202,7.174724309836376,9.300000000000011,7065.284798290765,10443.400000000001
1,300.7,309.5,43.9,81,7.2399325913204695,8.800000000000011,6403.895768906019,3555.9
1,298.4,308.2,35.0,24,7.384610383176974,9.800000000000011,5900.958200992827,840.0
0,297.9,308.6,36.0,168,7.292337176173877,10.700000000000045,5534.229618563781,6048.0
0,297.9,308.0,36.7,4,7.31455283232408,10.100000000000023,5768.665734350163,146.8
1,299.8,311.1,35.7,170,7.354362330421477,11.300000000000011,5839.529592639637,6069.000000000001
0,304.1,313.2,35.8,146,7.358830898342354,9.099999999999966,5882.129589022313,5226.799999999999
1,297.4,308.4,35.0,105,7.355641102974253,11.0,5732.359395250176,3675.0
0,298.0,307.7,45.6,140,7.260522598089852,9.699999999999989,6790.364025175122,6384.0
1,298.1,307.7,38.3,81,7.312553498102598,9.599999999999966,6008.128398382288,3102.2999999999997
0,298.0,307.8,29.9,24,7.392647520721623,9.800000000000011,5081.808860520313,717.5999999999999
1,303.9,313.2,48.0,215,7.260522598089852,9.300000000000011,7147.751605447496,10320.0
0,301.6,310.4,41.1,167,7.325148957955575,8.799999999999955,6529.140596029131,6863.7
1,299.0,310.2,57.2,10,7.1693500166706,11.199999999999989,7774.981050712212,572.0
0,300.3,311.4,57.7,142,7.203405521083095,11.099999999999966,8114.849015953067,8193.4
0,297.3,308.4,43.4,14,7.273786317844895,11.099999999999966,6549.110653330451,607.6
1,299.5,310.1,31.5,44,7.414572881350589,10.600000000000023,5472.49732292074,1386.0
1,300.1,309.4,56.2,127,7.2078598714324755,9.299999999999955,7939.202570690862,7137.400000000001
2,302.8,312.3,47.2,223,7.302496423727326,9.5,7330.131530963897,10525.6
0,298.0,308.1,24.3,200,7.48324441607385,10.100000000000023,4521.91421779754,4860.0
0,302.7,312.3,48.5,0,7.259819610363186,9.600000000000023,7217.128443214272,0.0
0,298.8,309.7,63.4,37,7.111512116496157,10.899999999999977,8133.059781368376,2345.7999999999997
1,302.9,311.0,36.5,44,7.350516171833998,8.100000000000023,5947.453772265957,1606.0
1,298.7,310.1,42.5,61,7.346010209913293,11.400000000000034,6893.963278915002,2592.5
2,300.2,309.3,35.6,63,7.317876198626496,9.100000000000023,5614.403063083391,2242.8
0,300.4,309.7,42.5,127,7.336285660021297,9.300000000000011,6827.204435026219,5397.5
1,297.4,307.9,34.3,166,7.395107546562485,10.5,5844.001126183245,5693.799999999999
0,295.6,306.2,49.9,133,7.277247726631484,10.599999999999966,7556.095818561099,6636.7
1,297.3,308.2,38.2,44,7.2813856635702825,10.899999999999977,5808.427825369097,1680.8000000000002
0,303.0,311.2,47.6,106,7.216709486709457,8.199999999999989,6784.122727769992,5045.6
2,297.4,308.7,33.8,127,7.392647520721623,11.300000000000011,5744.653494501223,4292.599999999999
2,301.5,310.7,46.7,130,7.240649694255466,9.199999999999989,6817.235114338828,6071.0
0,301.4,310.7,21.8,19,7.595889917718538,9.300000000000011,4540.669525939472,414.2
2,300.6,310.4,35.6,150,7.299797366758161,9.799999999999955,5513.746434462375,5340.0
0,301.6,310.8,57.8,195,7.212294468500341,9.199999999999989,8201.546501216635,11271.0
0,298.4,307.9,14.2,164,7.775695749915245,9.5,3540.595864546721,2328.7999999999997
0,300.0,309.5,30.2,11,7.424165281042028,9.5,5297.248812727989,332.2
2,298.1,309.5,40.2,65,7.333676395657684,11.399999999999977,6440.893258389794,2613.0
1,303.5,312.7,16.7,45,7.6577552711348655,9.199999999999989,3700.502930614441,751.5
2,296.8,308.0,51.0,24,7.282073658093465,11.199999999999989,7760.048013632148,1224.0
1,298.2,309.1,28.8,186,7.409741954080923,10.900000000000034,4979.298692233679,5356.8
0,303.7,312.3,37.4,103,7.382124365737512,8.600000000000023,6289.929259409292,3852.2
2,298.0,307.8,47.8,19,7.181591944611865,9.800000000000011,6577.364043261735,908.1999999999999
0,297.4,308.3,46.6,7,7.3453648404168685,10.900000000000034,7554.148031115874,326.2
2,297.8,308.9,32.2,195,7.409136443920128,11.099999999999966,5563.760589507525,6279.000000000001
0,298.5,308.1,31.1,34,7.355641102974253,9.600000000000023,5093.6107769223,1057.4
2,301.0,311.0,37.6,118,7.403061091090091,10.0,6457.438979698701,4436.8
0,301.1,310.5,37.5,119,7.334981878871814,9.399999999999977,6016.1499316244535,4462.5
0,299.8,311.1,46.1,58,7.2909747781429814,11.300000000000011,7077.233322349918,2673.8
0,302.4,310.2,36.2,166,7.315883504509785,7.800000000000011,5697.6552684035205,6009.200000000001
0,299.7,309.2,30.8,137,7.406103381237015,9.5,5305.731112892682,4219.6
1,301.0,310.9,53.4,180,7.215239978730097,9.899999999999977,7599.575460886781,9612.0
0,298.9,308.6,40.7,124,7.301147805856032,9.700000000000045,6312.161263421197,5046.8
0,296.3,307.2,58.6,29,7.163946684342547,10.899999999999977,7922.321746165574,1699.4
0,304.1,313.6,31.4,144,7.385230923066573,9.5,5297.2907006300375,4521.599999999999
0,299.2,308.8,39.2,179,7.341483852363161,9.600000000000023,6329.932205865003,7016.8
2,299.0,310.5,56.8,136,7.198183577101943,11.5,7946.637673304359,7724.799999999999
0,300.7,311.1,46.2,97,7.2633296174768365,10.400000000000034,6899.06313098933,4481.400000000001
1,297.5,308.6,50.5,129,7.265429723253953,11.100000000000023,7557.048768332688,6514.5
0,300.4,309.7,50.2,179,7.181591944611865,9.300000000000011,6907.608263007094,8985.800000000001
0,298.8,309.8,22.0,134,7.547501682814967,11.0,4365.766590938616,2948.0
1,300.2,311.7,39.5,68,7.37650812632622,11.5,6605.879232580817,2686.0
1,301.4,311.0,43.2,13,7.2640301428995295,9.600000000000023,6455.5959120085945,561.6
1,298.0,308.2,42.6,2,7.2909747781429814,10.199999999999989,6539.916258830944,85.2
0,302.4,311.8,56.4,100,7.186144304522325,9.400000000000034,7796.176329148429,5640.0
1,302.7,310.5,22.7,207,7.53955882930103,7.800000000000011,4469.0202694866,4698.9
1,299.9,309.2,36.5,177,7.362010551259734,9.300000000000011,6016.254651379573,6460.5
1,301.8,311.1,31.6,6,7.4073177104694174,9.300000000000011,5450.160599153718,189.60000000000002
0,298.5,309.4,60.9,187,7.215975002651466,10.899999999999977,8673.308998030701,11388.3
0,298.2,308.9,44.4,100,7.195187320178709,10.699999999999989,6193.210093580774,4440.0
2,300.5,311.6,53.5,78,7.20934025660291,11.100000000000023,7568.986820416329,4173.0
2,298.6,309.5,34.2,119,7.329093736246592,10.899999999999977,5454.4959970156715,4069.8
0,302.3,311.4,34.7,75,7.321188556739478,9.099999999999966,5490.634784507466,2602.5
2,297.7,308.9,40.9,87,7.299797366758161,11.199999999999989,6334.613178918851,3558.2999999999997
1,300.5,309.8,35.9,204,7.356918242356021,9.300000000000011,5887.2818009741995,7323.599999999999
0,301.7,310.9,31.2,146,7.441906728051625,9.199999999999989,5570.672093345421,4555.2
0,297.6,308.6,40.5,135,7.348587530927593,11.0,6586.5060778836805,5467.5
0,299.8,309.4,43.4,51,7.297091005160418,9.599999999999966,6703.63512398502,2213.4
0,301.4,310.7,27.8,181,7.422971251049421,9.300000000000011,4870.452978762304,5031.8
0,299.1,308.2,46.4,12,7.251344983372214,9.099999999999966,6846.326262311069,556.8
0,299.7,310.6,31.3,129,7.424165281042028,10.900000000000034,5490.194961535963,4037.7000000000003
0,302.0,310.0,28.6,190,7.417580402414544,8.0,4983.655034046657,5434.0
0,299.0,310.3,36.7,173,7.318539548567902,11.300000000000011,5791.725024427512,6349.1
1,297.5,308.7,53.6,194,7.218176838403408,11.199999999999989,7650.49020582596,10398.4
0,300.7,310.6,43.2,187,7.307872780763706,9.900000000000034,6745.125090963429,8078.400000000001
1,296.7,307.8,60.5,0,7.160069207596127,11.100000000000023,8147.511107574889,0.0
0,296.6,307.4,42.8,156,7.270312886079025,10.799999999999955,6436.159925458384,6676.799999999999
0,297.4,308.6,30.5,159,7.400009517162692,11.200000000000045,5222.112388429633,4849.5
0,302.6,311.6,22.4,180,7.577633832602728,9.0,4581.19607117078,4031.9999999999995
0,298.5,308.8,58.7,26,7.174724309836376,10.300000000000011,8021.899761308857,1526.2
0,296.2,306.8,31.1,136,7.412160334945205,10.600000000000023,5389.978155886449,4229.6
0,298.8,309.8,36.3,69,7.319202458767849,11.0,5732.401283152222,2504.7
1,302.1,310.0,45.1,6,7.212294468500341,7.899999999999977,6399.476595239969,270.6
1,298.1,309.1,52.5,150,7.278628942320682,11.0,7960.795784196536,7875.0
0,299.4,310.6,54.5,22,7.207118856207756,11.200000000000045,7693.341529620925,1199.0
0,301.3,310.3,44.3,47,7.244941546337007,9.0,6494.719212521298,2082.1
1,303.1,311.2,44.5,27,7.306531398939505,8.099999999999966,6938.783334106216,1201.5
1,300.1,311.1,35.2,183,7.388327859577107,11.0,5956.794774422631,6441.6
1,297.4,308.2,34.6,4,7.337587743538596,10.800000000000011,5565.394217687391,138.4
0,297.2,308.1,38.5,164,7.277247726631484,10.900000000000034,5829.85348726658,6314.0
1,297.4,309.3,36.8,88,7.313220387090301,11.900000000000034,5776.676795616815,3238.3999999999996
0,301.7,311.0,49.2,25,7.203405521083095,9.300000000000011,6919.420651384591,1230.0
1,302.5,312.0,29.4,192,7.3727463664043285,9.5,4898.308433624133,5644.799999999999
1,298.5,308.2,37.5,15,7.355641102974253,9.699999999999989,6141.813637768046,562.5
0,299.2,310.7,42.6,17,7.336936913707618,11.5,6847.729507029671,724.2
2,300.6,311.9,30.5,45,7.380879035564116,11.299999999999955,5123.099859963995,1372.5
1,297.2,308.3,39.4,9,7.380879035564116,11.100000000000023,6618.03719615021,354.59999999999997
0,300.2,311.6,47.3,66,7.277247726631484,11.400000000000034,7162.391427213225,3121.7999999999997
0,300.6,310.1,32.7,44,7.4127640174265625,9.5,5670.700403435721,1438.8000000000002
1,300.1,310.5,57.4,99,7.1929342212158,10.399999999999977,7988.504631401198,5682.599999999999
0,303.8,312.7,36.6,134,7.3758821482150125,8.899999999999977,6117.057887657758,4904.400000000001
0,299.2,308.4,43.5,224,7.27655640271871,9.199999999999989,6582.422007434014,9744.0
0,302.4,310.1,31.8,100,7.444248649496705,7.7000000000000455,5691.120755684054,3180.0
0,302.6,312.2,27.1,32,7.4360278163518485,9.599999999999966,4810.249591544012,867.2
1,301.7,310.8,41.3,147,7.329749689041512,9.100000000000023,6591.1870509375285,6071.099999999999
0,298.9,308.7,34.1,80,7.360739903058278,9.800000000000011,5613.523417140386,2728.0
0,298.5,308.3,44.0,44,7.285506548522785,9.800000000000011,6717.981730436413,1936.0
0,300.5,309.7,30.5,198,7.371489295214277,9.199999999999989,5075.190571996752,6039.0
1,302.0,309.7,62.7,142,7.234898420314831,7.699999999999989,9100.377103359697,8903.4
2,298.4,309.4,35.3,51,7.321849713788356,11.0,5589.270321854673,1800.3
1,298.2,308.0,33.7,32,7.3727463664043285,9.800000000000011,5614.727694324262,1078.4
0,302.1,311.4,22.7,194,7.5443321080536885,9.299999999999955,4490.414515457546,4403.8
2,298.3,309.6,36.2,177,7.344072850573066,11.300000000000011,5860.662039222782,6407.400000000001
1,301.2,310.6,39.6,109,7.3632795869630385,9.400000000000034,6535.518029115919,4316.400000000001
0,299.3,308.5,44.7,78,7.303843225277705,9.199999999999989,6951.244984965457,3486.6000000000004
2,296.9,307.7,30.8,181,7.4127640174265625,10.800000000000011,5341.210165927222,5574.8
0,296.7,308.0,36.8,210,7.336936913707618,11.300000000000011,5915.40952719934,7727.999999999999
0,304.1,313.3,50.0,184,7.255591274253665,9.199999999999989,7408.922674715929,9200.0
2,299.8,309.5,46.7,136,7.259116128097101,9.699999999999989,6944.385841005118,6351.200000000001
0,302.7,310.5,39.3,73,7.327123292259293,7.800000000000011,6255.539291827997,2868.8999999999996
0,300.4,311.8,14.9,5,7.724004656676065,11.400000000000034,3527.8933582507066,74.5
0,296.7,307.8,47.5,37,7.232010331664759,11.100000000000023,6874.328324830065,1757.5
0,297.9,309.1,36.6,20,7.342131730584722,11.200000000000045,5913.922506676642,732.0
1,297.1,308.1,24.3,219,7.508787170634276,11.0,4638.969960070297,5321.7
0,302.6,310.5,45.4,0,7.2875606403097235,7.899999999999977,6945.99852523396,0.0
0,297.1,308.4,39.6,205,7.342131730584722,11.299999999999955,6398.670253125547,8118.0
0,297.8,309.8,36.8,198,7.335633981927201,12.0,5907.7021532225335,7286.4
0,301.4,310.6,30.7,90,7.407924322559599,9.200000000000045,5298.149402622018,2763.0
0,299.8,310.0,36.0,175,7.437206366871292,10.199999999999989,6397.539279770255,6300.0
0,301.1,311.1,23.8,170,7.5443321080536885,10.0,4708.011694620688,4046.0
0,303.9,313.2,44.4,119,7.340186835320115,9.300000000000011,7160.317976061856,5283.599999999999
2,299.9,309.2,33.2,0,7.330405211844402,9.300000000000011,5301.961201708375,0.0
1,300.5,311.3,43.4,41,7.318539548567902,10.800000000000011,6849.069919895204,1779.3999999999999
0,297.0,308.3,48.1,137,7.30854279753919,11.300000000000011,7515.234170113407,6589.7
0,297.1,308.4,42.1,148,7.260522598089852,11.299999999999955,6269.173803944575,6230.8
0,299.4,308.7,42.7,128,7.348587530927593,9.300000000000011,6944.291593225511,5465.6
1,300.1,309.2,33.7,218,7.457609289715606,9.099999999999966,6112.32455472635,7346.6
1,300.3,309.5,62.2,142,7.186144304522325,9.199999999999989,8597.910774344546,8832.4
1,301.0,311.2,41.3,16,7.240649694255466,10.199999999999989,6028.946685700076,660.8
0,298.2,308.3,59.6,162,7.115582126184454,10.100000000000023,7676.795808312018,9655.2
0,298.1,309.0,27.6,47,7.488852955733459,10.899999999999977,5164.903986207763,1297.2
0,301.4,310.8,31.4,185,7.427144133408616,9.400000000000034,5524.176522072292,5809.0
2,300.5,310.6,51.5,166,7.229113877793302,10.100000000000023,7431.6468615768945,8549.0
0,297.2,308.6,24.1,54,7.559038255443384,11.400000000000034,4838.021270601746,1301.4
1,302.1,311.4,36.2,47,7.258412150595307,9.299999999999955,5379.22343703566,1701.4
1,298.9,310.1,41.5,80,7.322510433997394,11.200000000000045,6575.301064085877,3320.0
0,297.6,309.5,50.6,55,7.2254814727822945,11.899999999999977,7275.279323232219,2783.0
1,298.1,307.7,40.9,147,7.269616749608169,9.599999999999966,6146.159507605512,6012.3
1,300.5,309.3,39.1,216,7.3395376954076745,8.800000000000011,6301.500792350015,8445.6
0,299.8,309.5,44.4,14,7.29776828253138,9.699999999999989,6862.746319913831,621.6
1,300.5,311.4,18.8,75,7.636752112435779,10.899999999999977,4079.211453029179,1410.0
0,297.7,308.8,50.2,103,7.2115567333138015,11.100000000000023,7117.885531287371,5170.6
0,298.0,307.5,27.9,217,7.491645473605133,9.5,5235.652652766606,6054.299999999999
1,299.4,308.6,42.7,183,7.283448228756631,9.200000000000045,6506.081305951782,7814.1
1,300.9,310.8,30.2,188,7.4360278163518485,9.900000000000034,5360.4995448202635,5677.599999999999
1,296.1,306.9,23.3,38,7.5766097669730375,10.799999999999955,4760.38204415603,885.4
0,297.2,307.9,48.2,144,7.293017679772782,10.699999999999989,7414.766037051606,6940.8
2,302.6,310.2,21.3,87,7.535830462798367,7.599999999999966,4177.784158523315,1853.1000000000001
2,302.6,311.7,48.3,25,7.294377299288821,9.099999999999966,7440.265297423242,1207.5
0,300.2,309.2,43.4,24,7.266128779556451,9.0,6499.117442236326,1041.6
0,300.8,312.6,50.0,117,7.260522598089852,11.800000000000011,7445.574589007809,5850.0
2,296.9,307.8,35.8,206,7.346010209913293,10.900000000000034,5807.150244356636,7374.799999999999
1,296.7,307.4,38.7,45,7.340186835320115,10.699999999999989,6241.087965621484,1741.5000000000002
0,299.6,309.5,35.5,189,7.359467638255621,9.899999999999977,5836.555551594238,6709.5
0,300.2,311.8,51.0,46,7.22983877815125,11.600000000000023,7364.835657810552,2346.0
0,299.0,308.8,38.4,75,7.310550158534422,9.800000000000011,6011.7517019094275,2880.0
1,298.0,307.9,26.6,67,7.467942332285852,9.899999999999977,4874.704600820162,1782.2
0,300.4,309.6,34.5,154,7.337587743538596,9.200000000000045,5549.309263301011,5313.0
1,301.6,310.9,40.1,139,7.362645270417825,9.299999999999955,6613.837933969912,5573.900000000001
0,301.3,310.5,47.1,83,7.249215057114389,9.199999999999989,6934.814455387181,3909.3
0,298.6,309.2,48.4,42,7.341483852363161,10.599999999999966,7815.528539894543,2032.8
0,298.2,309.0,57.8,8,7.228388451573604,10.800000000000011,8334.708141826794,462.4
1,298.5,308.0,25.8,154,7.446585099157725,9.5,4628.131465415412,3973.2000000000003
0,297.3,308.0,46.5,73,7.259116128097101,10.699999999999989,6914.645430551134,3394.5
0,303.9,313.1,29.0,95,7.402451520818244,9.200000000000045,4977.434680592549,2755.0
0,298.3,308.3,32.4,69,7.37650812632622,10.0,5418.493345205531,2235.6
0,302.3,311.8,56.2,208,7.222566018822171,9.5,8056.90757544536,11689.6
2,302.6,310.4,53.3,52,7.251344983372214,7.7999999999999545,7864.422193559913,2771.6
0,296.9,308.0,44.5,15,7.203405521083095,11.100000000000023,6258.419085093786,667.5
0,295.6,306.2,35.1,140,7.358830898342354,10.599999999999966,5767.115881974391,4914.0
1,299.3,309.1,45.6,34,7.234177179749849,9.800000000000011,6613.6808543372335,1550.4
0,300.1,311.4,40.6,147,7.277247726631484,11.299999999999955,6147.845495662938,5968.2
0,299.6,310.6,35.1,149,7.404279118037268,11.0,6035.439310517495,5229.900000000001
0,300.8,310.4,35.2,23,7.359467638255621,9.599999999999966,5787.232546932879,809.6
1,303.0,312.4,29.6,129,7.406103381237015,9.399999999999977,5099.014316286473,3818.4
0,300.8,309.7,44.3,158,7.2875606403097235,8.899999999999977,6777.703406781155,6999.4
1,300.9,310.8,19.7,136,7.5953872788539725,9.900000000000034,4101.202601604307,2679.2
0,297.0,307.7,22.8,118,7.532623618788788,10.699999999999989,4457.668648031629,2690.4
0,300.4,309.5,50.4,30,7.2078598714324755,9.100000000000023,7119.854262683619,1512.0
0,298.7,310.1,45.3,67,7.2456550675945355,11.400000000000034,6646.070674595742,3035.1
0,298.8,309.0,22.9,172,7.512071245835466,10.199999999999989,4386.092695407342,3938.7999999999997
1,298.3,309.0,27.5,71,7.497207223203318,10.699999999999989,5189.38746495474,1952.5
1,301.3,310.7,58.3,92,7.170888478512505,9.399999999999977,7936.7102405190135,5363.599999999999
0,301.2,310.9,37.1,153,7.291656209174461,9.699999999999989,5699.445976216067,5676.3
2,301.9,311.0,63.6,137,7.163946684342547,9.100000000000023,8598.287765462977,8713.2
0,300.5,309.5,27.6,62,7.4109518755836366,9.0,4777.608443873214,1711.2
1,297.7,308.9,63.7,21,7.191429330036379,11.199999999999989,8851.950428289329,1337.7
0,300.6,310.5,29.9,100,7.404279118037268,9.899999999999977,5141.300153403791,2990.0
2,299.1,310.0,33.1,187,7.4133673356952405,10.899999999999977,5743.532993121444,6189.7
0,298.1,308.4,40.2,109,7.197435354096591,10.299999999999955,5619.9950980067815,4381.8
1,302.1,311.1,36.8,80,7.261225091971921,9.0,5483.796584498151,2944.0
1,297.8,308.4,43.5,143,7.299797366758161,10.599999999999966,6737.302525255991,6220.5
0,300.7,309.6,54.3,80,7.1929342212158,8.900000000000034,7557.069712283711,4344.0
1,300.9,310.7,27.3,76,7.436617265234227,9.800000000000011,4848.608437844344,2074.8
0,299.0,310.5,27.9,56,7.470793774195062,11.5,5127.55044955658,1562.3999999999999
0,296.5,307.5,59.1,89,7.201170883281678,11.0,8293.176286946336,5259.900000000001
1,303.5,313.0,21.6,60,7.551186867296149,9.5,4302.222643532006,1296.0
0,302.3,311.8,43.2,206,7.305188215393037,9.5,6727.029517278753,8899.2
1,300.3,311.7,57.5,12,7.1204443723924875,11.399999999999977,7442.4329963542195,690.0
0,298.0,308.1,24.3,0,7.537962659768208,10.100000000000023,4776.383222738314,0.0
0,304.3,313.5,12.7,21,7.880048200971577,9.199999999999989,3515.033772322012,266.7
0,301.5,310.9,31.1,170,7.421775793644647,9.399999999999977,5442.0867060339915,5287.0
2,301.1,311.1,29.5,160,7.389563953677635,10.0,4998.378631616481,4720.0
1,298.5,309.6,58.7,123,7.21890970761906,11.100000000000023,8384.575689214775,7220.1
1,298.2,307.8,34.5,127,7.364547014255642,9.600000000000023,5701.048188469397,4381.5
1,303.4,311.8,42.6,204,7.323830566202317,8.400000000000034,6758.508275667722,8690.4
1,298.0,308.7,30.7,106,7.387090235656757,10.699999999999989,5188.842922228118,3254.2
0,300.6,310.1,42.3,132,7.310550158534422,9.5,6622.320234134603,5583.599999999999
0,301.3,310.7,31.4,86,7.3833681469923835,9.399999999999977,5287.4260996977655,2700.4
0,301.4,310.7,50.6,25,7.227662498728654,9.300000000000011,7291.175782059383,1265.0
0,297.4,308.3,37.7,162,7.360103972989152,10.900000000000034,6202.205520545553,6107.400000000001
0,297.0,307.8,40.2,190,7.3277805384216315,10.800000000000011,6403.0056509875,7638.000000000001
0,297.7,309.4,44.1,140,7.239214973779806,11.699999999999989,6428.452551481579,6174.0
0,299.1,310.1,61.3,94,7.198183577101943,11.0,8576.212841083754,5762.2
1,299.1,310.1,31.6,41,7.408530566894626,11.0,5456.778887677279,1295.6000000000001
0,303.4,312.3,36.0,69,7.315218389752975,8.900000000000034,5662.406598830243,2484.0
0,297.3,308.2,53.5,7,7.277247726631484,10.899999999999977,8101.224975812,374.5
1,301.4,310.5,60.6,103,7.1049654482698426,9.100000000000023,7723.102884025933,6241.8
1,296.1,307.1,38.5,14,7.2682230211595655,11.0,5777.441249829189,539.0
1,298.1,308.9,51.7,88,7.188412736496954,10.799999999999955,7162.7370024051215,4549.6
0,302.5,311.5,29.2,49,7.425357887027151,9.0,5127.958856601548,1430.8
1,298.6,310.0,37.5,27,7.321849713788356,11.399999999999977,5937.6101152847095,1012.5
0,300.3,311.4,51.1,147,7.205635176410364,11.099999999999966,7202.687588983271,7511.7
1,298.9,308.5,50.0,156,7.284134806195205,9.600000000000023,7623.598172711232,7800.0
0,299.7,311.1,41.0,192,7.349230824613334,11.400000000000034,6672.114477694002,7872.0
1,300.2,309.4,48.8,205,7.284134806195205,9.199999999999989,7440.631816566161,10004.0
1,297.4,308.9,39.0,181,7.227662498728654,11.5,5619.680938741421,7059.0
0,300.6,309.7,30.4,121,7.402451520818244,9.099999999999966,5217.72463069012,3678.3999999999996
0,297.5,308.7,44.7,29,7.284134806195205,11.199999999999989,6815.496766403841,1296.3000000000002
2,297.3,308.7,46.2,16,7.271703706887368,11.399999999999977,6957.119763227669,739.2
0,302.3,310.9,49.3,34,7.22983877815125,8.599999999999966,7119.341135883534,1676.1999999999998
1,295.5,306.0,36.6,21,7.403670290012373,10.5,6289.531324339838,768.6
0,301.5,311.1,34.3,100,7.3796321526095525,9.600000000000023,5754.203936168136,3429.9999999999995
2,303.0,312.2,28.8,117,7.393263094763838,9.199999999999989,4897.868610652631,3369.6
0,299.1,310.5,43.1,40,7.271008538280992,11.399999999999977,6485.7866174095925,1724.0
0,299.5,310.7,33.5,5,7.371489295214277,11.199999999999989,5574.389644652169,167.5
0,299.4,308.7,39.0,90,7.330405211844402,9.300000000000011,6228.207435741765,3510.0
0,297.8,307.8,39.8,21,7.2813856635702825,10.0,6051.7127604630905,835.8
1,301.7,310.6,44.5,146,7.317212408359839,8.900000000000034,7013.343799751414,6497.0
1,301.0,311.6,40.0,140,7.282761179605593,10.600000000000023,6090.500957759413,5600.0
0,298.4,309.2,17.7,210,7.6586995582682995,10.800000000000011,3925.7970117788773,3717.0
1,297.7,308.9,28.3,116,7.427738840532894,11.199999999999989,4981.7596064789905,3282.8
0,302.4,310.2,46.4,125,7.27655640271871,7.800000000000011,7021.250141262947,5800.0
1,299.9,310.0,42.1,182,7.3031700512368,10.100000000000023,6542.513308757912,7662.2
2,298.4,309.3,19.2,132,7.59337419312129,10.900000000000034,3989.068687822175,2534.4
0,299.2,308.4,47.7,24,7.246368080102461,9.199999999999989,7003.175511529295,1144.8000000000002
1,300.1,311.3,40.2,130,7.325807502595773,11.199999999999989,6390.376448520071,5226.0
0,300.8,312.4,39.1,79,7.309212365692763,11.599999999999966,6113.151840791796,3088.9
0,296.6,308.0,22.3,208,7.590346945602565,11.399999999999977,4619.125566475121,4638.400000000001
0,301.4,310.4,36.9,133,7.365180126021013,9.0,6101.507004022487,4907.7
1,302.8,312.2,50.3,60,7.2813856635702825,9.399999999999977,7648.270147017423,3018.0
0,299.5,308.9,38.3,122,7.327123292259293,9.399999999999977,6096.365264046113,4672.599999999999
1,298.0,308.0,29.4,75,7.390798521735676,10.0,4987.5924968391555,2205.0
0,300.6,310.2,31.7,46,7.407924322559599,9.599999999999966,5470.727559059217,1458.2
0,297.4,308.5,34.2,72,7.358830898342354,11.100000000000023,5619.24111576992,2462.4
0,301.5,310.8,41.0,118,7.313886831633462,9.300000000000011,6440.264939859077,4838.0
0,303.4,311.8,45.0,16,7.313220387090301,8.400000000000034,7063.87108159665,720.0
1,297.6,308.7,41.2,178,7.239214973779806,11.099999999999966,6005.719844014536,7333.6
0,300.5,311.9,45.7,54,7.247080584585756,11.399999999999977,6714.327010982737,2467.8
1,298.7,309.2,48.9,187,7.261225091971921,10.5,7286.892744074989,9144.3
2,302.5,310.9,55.5,101,7.213031659834869,8.399999999999977,7880.999330795354,5605.5
2,300.2,311.4,36.1,141,7.317876198626496,11.199999999999989,5693.257038688495,5090.1
0,303.8,313.1,13.0,5,7.823245690685523,9.300000000000011,3399.307970939276,65.0
0,301.8,310.0,40.3,185,7.309212365692763,8.199999999999989,6300.767754064177,7455.499999999999
0,297.5,308.2,48.5,108,7.258412150595307,10.699999999999989,7206.970626967665,5238.0
0,302.0,309.8,31.0,152,7.408530566894626,7.800000000000011,5353.169161961888,4712.0
1,298.6,309.1,51.1,34,7.200424892944957,10.5,7165.22933257697,1737.4
0,297.6,308.1,46.3,149,7.271008538280992,10.5,6967.3299393518355,6898.7
1,300.4,309.2,37.2,228,7.332369205929062,8.800000000000011,5952.438432609653,8481.6
0,296.8,308.0,40.4,227,7.368339686311381,11.199999999999989,6701.3941212254595,9170.8
1,298.8,310.1,31.3,147,7.368970402194793,11.300000000000011,5195.199411363881,4601.1
0,300.0,309.6,28.7,53,7.389563953677635,9.600000000000023,4862.829380589593,1521.1
0,297.3,307.9,41.8,186,7.257002707092073,10.599999999999966,6202.61392759052,7774.799999999999
2,300.3,309.9,46.6,125,7.31986492980897,9.599999999999966,7363.830348161403,5825.0
0,297.6,308.6,14.4,171,7.776954403322442,11.0,3594.987305355872,2462.4
1,303.8,312.7,33.4,128,7.349873704738337,8.899999999999977,5438.829921649769,4275.2
2,299.0,308.7,19.9,98,7.57095858316901,9.699999999999989,4042.8108661495844,1950.1999999999998
1,301.2,310.1,32.6,34,7.351799869057777,8.900000000000034,5318.800138331616,1108.4
1,300.8,310.3,43.4,0,7.285506548522785,9.5,6626.372888657735,0.0
0,303.5,312.3,35.2,74,7.368339686311381,8.800000000000011,5838.8384422558465,2604.8
1,299.1,308.9,48.4,220,7.189922170745808,9.799999999999955,6715.677895823781,10648.0
0,299.9,310.2,46.3,173,7.299797366758161,10.300000000000011,7170.967975157526,8009.9
0,301.9,310.7,51.0,76,7.265429723253953,8.800000000000011,7631.8710333656845,3876.0
0,298.8,309.7,40.4,169,7.383989457978509,10.899999999999977,6807.1610738963145,6827.599999999999
0,301.9,311.2,44.2,16,7.269616749608169,9.300000000000011,6642.059907974661,707.2
1,303.0,311.0,41.7,120,7.251344983372214,8.0,6152.840627982146,5004.0
1,300.0,309.6,42.0,29,7.307872780763706,9.600000000000023,6557.760505103333,1218.0
1,302.7,312.0,21.4,71,7.573017256052546,9.300000000000011,4356.509364586038,1519.3999999999999
0,298.4,309.1,46.1,37,7.217443431696533,10.700000000000045,6575.164928404221,1705.7
0,301.1,311.3,37.6,11,7.312553498102598,10.199999999999989,5898.319263163813,413.6
0,298.2,308.8,57.3,28,7.217443431696533,10.600000000000023,8172.601960901558,1604.3999999999999
0,302.3,311.4,40.3,133,7.268920128193722,9.099999999999966,6051.775592316161,5359.9
0,296.9,307.8,29.7,137,7.4109518755836366,10.900000000000034,5141.122129820089,4068.9
0,298.7,309.8,65.9,203,7.074963197966044,11.100000000000023,8150.11862947737,13377.7
0,300.1,311.5,43.4,65,7.313220387090301,11.399999999999977,6812.711220917658,2821.0
0,299.6,310.9,42.5,164,7.305188215393037,11.299999999999955,6618.026724174699,6970.0
0,296.9,307.6,45.7,122,7.2813856635702825,10.700000000000045,6948.825958622192,5575.400000000001
1,304.2,313.5,47.8,83,7.237778191923443,9.300000000000011,6957.789969660434,3967.3999999999996
1,297.4,307.9,48.5,158,7.199678345691172,10.5,6795.5790689800815,7663.0
1,301.3,310.8,45.4,59,7.257707677160043,9.5,6741.564619289362,2678.6
1,304.0,313.4,45.8,123,7.237059026124737,9.399999999999977,6661.872885643299,5633.4
1,297.7,308.2,53.4,162,7.223295679562314,10.5,7661.087845044069,8650.8
1,299.2,308.8,33.5,185,7.438971592395862,9.600000000000023,5963.790054064623,6197.5
1,300.9,311.3,31.8,190,7.38025578842646,10.400000000000034,5338.1314051267045,6042.0
0,298.1,308.2,37.9,17,7.301822342137932,10.099999999999966,5881.878261610027,644.3
0,300.8,311.0,44.4,86,7.364547014255642,10.199999999999989,7337.001146899746,3818.4
1,303.4,312.2,23.5,59,7.587310506022615,8.800000000000011,4852.922891755273,1386.5
0,298.2,308.3,48.7,194,7.244941546337007,10.100000000000023,7139.792904058402,9447.800000000001
0,300.9,311.2,25.5,114,7.489970898834801,10.300000000000011,4777.262868681319,2907.0
1,296.4,307.2,19.4,183,7.6362696033793735,10.800000000000011,4207.367489344619,3550.2
0,302.9,312.3,40.8,183,7.323830566202317,9.400000000000034,6472.937503456409,7466.4
1,300.5,311.7,64.0,87,7.146772179452637,11.199999999999989,8504.919631798288,5568.0
2,302.2,311.3,26.4,4,7.472500744737558,9.100000000000023,4860.169498809553,105.6
1,303.3,312.6,44.4,73,7.301822342137932,9.300000000000011,6890.6436626777095,3241.2
0,297.5,308.3,48.6,27,7.236339342754344,10.800000000000011,7064.059577155866,1312.2
0,299.5,309.4,58.8,195,7.237778191923443,9.899999999999977,8558.955025440031,11466.0
0,298.3,309.4,36.1,94,7.344072850573066,11.099999999999966,5844.472365081283,3393.4
1,301.7,311.1,39.5,158,7.317876198626496,9.400000000000034,6229.464072803201,6241.0
2,301.6,311.2,46.8,95,7.241366283322318,9.599999999999966,6836.733932742107,4446.0
0,296.8,307.6,48.3,138,7.268920128193722,10.800000000000011,7253.120623048899,6665.4
0,299.6,309.2,43.1,160,7.280008252884188,9.599999999999966,6544.4610962031375,6896.0
1,300.7,310.6,41.7,184,7.272398392570047,9.900000000000034,6283.84504163684,7672.8
0,301.0,310.9,45.9,35,7.280008252884188,9.899999999999977,6969.623301988956,1606.5
0,303.3,311.4,46.0,234,7.311886164077165,8.099999999999966,7211.211777050011,10764.0
0,298.9,308.7,34.1,99,7.355641102974253,9.800000000000011,5584.955867943743,3375.9
0,296.8,307.8,42.9,74,7.2254814727822945,11.0,6168.171600131664,3174.6
0,302.9,312.5,32.1,85,7.428927194802272,9.600000000000023,5657.411466511036,2728.5
1,298.5,308.8,36.0,21,7.351158226430694,10.300000000000011,5869.751713967169,756.0
2,303.0,312.5,37.9,163,7.318539548567902,9.5,5981.100229585904,6177.7
0,298.9,308.5,39.1,119,7.365812837209472,9.600000000000023,6469.377031782342,4652.900000000001
1,300.6,309.6,38.4,68,7.315883504509785,9.0,6043.921610682187,2611.2
1,299.3,310.6,31.4,99,7.383989457978509,11.300000000000011,5290.714300008522,3108.6
0,303.7,312.5,26.1,139,7.421177528595393,8.800000000000011,4564.41996640061,3627.9
0,298.8,310.1,39.5,105,7.382746449738912,11.300000000000011,6647.243535853084,4147.5
0,297.4,308.4,32.5,207,7.370860166536716,11.0,5404.58656172564,6727.5
1,298.3,308.0,42.5,190,7.288927694521257,9.699999999999989,6511.212573952646,8075.0
1,299.1,308.6,36.2,169,7.273786317844895,9.5,5462.622250012957,6117.8
1,300.4,309.9,31.8,192,7.255591274253665,9.5,4712.07482111933,6105.6
0,299.1,310.1,55.6,108,7.2254814727822945,11.0,7994.180442128683,6004.8
0,300.7,310.7,61.0,177,7.195937226475569,10.0,8515.077448044896,10797.0
0,299.5,309.3,42.3,149,7.327123292259293,9.800000000000011,6733.061375173645,6302.7
1,300.8,310.2,52.5,157,7.173958319756794,9.399999999999977,7169.114435491908,8242.5
0,300.5,312.0,36.7,113,7.351799869057777,11.5,5987.728990084979,4147.1
0,304.1,313.1,34.6,33,7.418780882750794,9.0,6036.423676215621,1141.8
0,299.1,310.0,56.3,203,7.221105098182496,10.899999999999977,8059.452265494767,11428.9
0,300.6,310.4,39.2,221,7.3833681469923835,9.799999999999955,6600.863156310587,8663.2
1,300.1,310.3,48.8,50,7.208600337960199,10.199999999999989,6898.9374672831855,2440.0
1,298.6,309.7,49.7,136,7.181591944611865,11.099999999999966,6838.807383893478,6759.200000000001
1,301.8,311.0,23.6,30,7.517520850603031,9.199999999999989,4544.879260095282,708.0
2,297.9,307.4,36.1,225,7.380879035564116,9.5,6063.734588350827,8122.5
1,297.2,308.6,39.0,78,7.322510433997394,11.400000000000034,6179.198590345764,3042.0
0,297.4,308.4,39.9,63,7.229113877793302,11.0,5757.722519940157,2513.7
0,298.5,309.8,35.1,203,7.374001859350161,11.300000000000011,5855.331803687192,7125.3
0,303.7,312.7,44.8,196,7.340186835320115,9.0,7224.825345215567,8780.8
0,303.7,312.5,45.7,187,7.242797922793756,8.800000000000011,6685.612854128926,8545.9
0,300.9,310.7,31.2,2,7.3613754289773485,9.800000000000011,5139.394253860614,62.4
0,303.6,312.2,30.7,5,7.436617265234227,8.599999999999966,5452.464433766349,153.5
0,301.7,311.3,30.5,77,7.443663683115591,9.600000000000023,5455.270923203557,2348.5
1,301.6,310.6,36.1,208,7.3777589082278725,9.0,6044.832672551729,7508.8
0,302.1,311.4,39.7,95,7.277247726631484,9.299999999999955,6011.5632063502135,3771.5000000000005
0,302.7,311.1,28.1,135,7.456454555176209,8.400000000000034,5090.741455632021,3793.5
1,298.4,310.1,57.8,96,7.197435354096591,11.700000000000045,8080.490464298307,5548.799999999999
2,301.6,309.9,53.6,95,7.261225091971921,8.299999999999955,7987.2689382907865,5092.0
1,304.1,313.3,29.3,158,7.427144133408616,9.199999999999989,5154.725226010132,4629.400000000001
0,297.8,308.4,19.2,148,7.6638772587034705,10.599999999999966,4280.608486075309,2841.6
1,297.0,308.1,51.4,76,7.212294468500341,11.100000000000023,7293.4167848189445,3906.4
0,298.7,309.6,31.1,178,7.418180822726788,10.900000000000034,5422.5459997286625,5535.8
0,300.7,311.0,53.3,68,7.198183577101943,10.300000000000011,7456.9680983648295,3624.3999999999996
1,303.9,313.2,29.3,104,7.396948602621014,9.300000000000011,5001.310784759831,3047.2000000000003
2,303.0,312.4,37.1,168,7.395107546562485,9.399999999999977,6321.062442606368,6232.8
0,303.5,312.7,49.3,82,7.2399325913204695,9.199999999999989,7191.618710867123,4042.6
0,297.4,308.5,36.4,126,7.311218384419629,11.100000000000023,5702.451433188001,4586.4
0,302.2,311.7,38.6,145,7.350516171833998,9.5,6289.636044094958,5597.0
0,303.7,312.3,46.2,98,7.226936018493289,8.600000000000023,6652.322443976386,4527.6
0,303.5,311.9,45.6,10,7.2485040723706105,8.399999999999977,6709.185271006363,456.0
0,298.3,307.9,26.5,145,7.4770384723196965,9.599999999999966,4900.779819844957,3842.5
1,301.8,310.9,20.9,23,7.540090320145325,9.099999999999966,4116.837261043673,480.7
1,298.1,309.3,25.2,77,7.469083884921234,11.199999999999989,4623.419076435027,1940.3999999999999
0,304.0,313.2,38.7,104,7.368339686311381,9.199999999999989,6419.40476463924,4024.8
1,300.5,310.6,32.0,184,7.3914152346753585,10.100000000000023,5432.023137566992,5888.0
0,300.4,311.2,37.3,187,7.29505641646263,10.800000000000011,5749.700986697991,6975.099999999999
0,301.3,311.3,50.7,10,7.29641326877392,10.0,7825.895795651391,507.0
1,303.0,311.2,38.0,139,7.326465613840322,8.199999999999989,6044.633705017001,5282.0
0,300.5,310.5,38.2,199,7.355641102974253,10.0,6256.46082567305,7601.8
0,303.9,313.0,39.9,176,7.300472814267799,9.100000000000023,6183.910979326149,7022.4
2,298.6,308.8,39.1,36,7.356918242356021,10.199999999999989,6412.053437829839,1407.6000000000001
0,303.0,311.2,51.0,174,7.201916317531627,8.199999999999989,7161.888772388652,8874.0
0,302.0,310.0,48.8,181,7.27931883541462,8.0,7404.859548217287,8832.8
0,302.9,312.2,57.8,90,7.201170883281678,9.300000000000011,8110.754473527888,5202.0
0,297.2,308.3,28.0,188,7.434847875211999,11.100000000000023,4964.135271692352,5264.0
0,302.3,311.0,51.5,154,7.1929342212158,8.699999999999989,7167.386559532434,7931.0
1,300.9,311.4,41.5,126,7.334981878871814,10.5,6657.872590997728,5229.0
2,296.4,307.4,35.5,0,7.369600720526409,11.0,5896.036372502204,0.0
0,303.1,311.3,31.8,217,7.4133673356952405,8.199999999999989,5517.956168618184,6900.6
1,300.6,310.0,62.9,87,7.172424577124845,9.399999999999977,8576.108121328632,5472.3
0,297.3,308.4,37.4,69,7.305860032684009,11.099999999999966,5827.780036115209,2580.6
0,299.0,310.2,62.5,92,7.228388451573604,11.199999999999989,9012.443924985719,5750.0
0,300.4,311.8,59.2,198,7.149131598557407,11.400000000000034,7885.648887922669,11721.6
1,300.6,310.7,36.7,193,7.284820912568604,10.099999999999966,5599.564273782936,7083.1
1,300.8,310.7,42.1,170,7.234898420314831,9.899999999999977,6110.46054308522,7157.0
0,300.2,310.2,42.9,191,7.273092595999522,10.0,6469.1675922721015,8193.9
1,298.6,310.0,35.5,44,7.427738840532894,11.399999999999977,6249.203746643256,1562.0
0,300.1,309.8,35.2,21,7.317876198626496,9.699999999999989,5551.319882599309,739.2
0,301.9,310.9,36.9,50,7.37650812632622,9.0,6171.061865372966,1845.0
0,302.9,311.1,45.3,135,7.350516171833998,8.200000000000045,7381.360435168434,6115.5
0,299.9,309.8,47.7,112,7.298445101508147,9.900000000000034,7377.810435469877,5342.400000000001
1,299.2,308.5,35.8,160,7.374629015218945,9.300000000000011,5975.853769854409,5728.0
2,295.6,306.2,42.5,69,7.254884810077338,10.599999999999966,6293.133683915953,2932.5
0,302.1,310.7,45.1,208,7.189922170745808,8.599999999999966,6257.790766563069,9380.800000000001
1,296.8,308.1,24.2,212,7.519692404116539,11.300000000000011,4670.563910189898,5130.4
1,298.2,309.0,26.6,168,7.452402451223638,10.800000000000011,4799.494872693223,4468.8
0,302.1,311.4,49.2,52,7.238496840894365,9.299999999999955,7166.72682507518,2558.4
0,296.5,307.4,52.5,62,7.164720378771857,10.899999999999977,7103.140989766522,3255.0
0,302.5,311.9,44.9,203,7.2456550675945355,9.399999999999977,6587.3857238266855,9114.699999999999
0,300.5,311.4,32.3,64,7.444248649496705,10.899999999999977,5780.603786433802,2067.2
1,302.3,310.9,43.2,210,7.329093736246592,8.599999999999966,6889.889680440848,9072.0
1,297.4,308.5,36.4,56,7.311886164077165,11.100000000000023,5706.263232274356,2038.3999999999999
1,304.2,313.2,48.7,17,7.2305631534092925,9.0,7037.795862571856,827.9000000000001
1,298.1,308.6,30.7,119,7.448333860897476,10.5,5516.762363409821,3653.2999999999997
1,297.5,308.0,44.5,178,7.266128779556451,10.5,6663.84161703955,7921.0
1,298.7,308.3,46.6,74,7.2078598714324755,9.600000000000023,6583.039853989219,3448.4
0,302.4,311.6,35.0,68,7.392031567514591,9.200000000000045,5944.940498143085,2380.0
0,297.8,307.2,23.0,176,7.53955882930103,9.399999999999977,4528.082211374089,4048.0
0,298.8,309.7,45.0,11,7.367077059881012,10.899999999999977,7454.999366968579,495.0
1,301.0,312.2,41.5,140,7.313220387090301,11.199999999999989,6514.458886361354,5810.0
0,299.5,309.3,54.1,147,7.195937226475569,9.800000000000011,7551.896556380801,7952.7
1,303.3,311.8,33.5,75,7.3453648404168685,8.5,5430.5570609953165,2512.5
2,300.5,311.2,45.2,2,7.242797922793756,10.699999999999989,6612.466105177844,90.4
1,300.1,309.2,46.1,120,7.234177179749849,9.099999999999966,6686.1992847575975,5532.0
0,300.4,310.1,41.9,184,7.3427791893318455,9.700000000000045,6774.697949809221,7709.599999999999
1,299.4,309.1,43.3,10,7.313886831633462,9.700000000000045,6801.548095021902,433.0
0,302.2,311.8,21.8,36,7.591861714889934,9.600000000000023,4522.406400646603,784.8000000000001
0,296.3,307.1,32.9,190,7.416378479192928,10.800000000000011,5726.055265991971,6251.0
0,301.3,310.9,23.9,76,7.473637108496206,9.599999999999966,4404.931779353369,1816.3999999999999
2,301.5,310.7,26.2,8,7.490529402060711,9.199999999999989,4911.147075601804,209.6
0,302.4,311.0,67.6,194,7.199678345691172,8.600000000000023,9471.776186867082,13114.4
0,298.1,307.5,33.1,200,7.429520842786462,9.399999999999977,5837.121038271884,6620.0
0,299.4,309.2,48.2,24,7.275864600546533,9.800000000000011,7288.578732132415,1156.8000000000002
0,299.2,309.1,48.7,4,7.23561914106675,9.900000000000034,7073.494827092146,194.8
1,302.3,311.5,44.8,65,7.27655640271871,9.199999999999989,6779.138067426294,2912.0
0,300.1,309.6,37.0,96,7.340835554123275,9.5,5970.806277657641,3552.0
0,301.5,310.1,33.4,47,7.402451520818244,8.600000000000023,5732.631666613487,1569.8
0,302.1,311.2,45.0,162,7.30854279753919,9.099999999999966,7030.884358733957,7290.0
0,301.5,310.6,34.1,120,7.364547014255642,9.100000000000023,5634.949079037869,4092.0
0,302.1,311.3,31.5,202,7.3277805384216315,9.199999999999989,5017.280547415578,6363.0
1,300.2,311.6,46.4,24,7.335633981927201,11.400000000000034,7448.841845367542,1113.6
0,299.2,310.2,30.6,12,7.437206366871292,11.0,5437.908387804718,367.20000000000005
1,301.3,310.4,48.3,78,7.363913501405819,9.099999999999966,7976.409499684877,3767.3999999999996
2,300.5,309.9,45.9,210,7.242797922793756,9.399999999999977,6714.871553709359,9639.0
2,300.7,312.2,49.0,62,7.197435354096591,11.5,6850.242781152544,3038.0
1,302.3,311.7,38.3,5,7.336936913707618,9.399999999999977,6156.526763362357,191.5
0,301.6,310.9,40.2,191,7.352441100243583,9.299999999999955,6562.975548908294,7678.200000000001
0,298.2,309.1,44.5,80,7.291656209174461,10.900000000000034,6836.262693844069,3560.0
0,298.9,308.8,32.7,53,7.333023014386481,9.900000000000034,5235.809732399286,1733.1000000000001
1,297.8,308.3,35.6,131,7.357556200910353,10.5,5841.812483301244,4663.6
1,295.5,305.9,44.1,194,7.325807502595773,10.399999999999977,7010.338342779481,8555.4
1,300.6,311.6,31.8,52,7.396948602621014,11.0,5428.043786872445,1653.6000000000001
0,299.6,309.5,41.4,168,7.282073658093465,9.899999999999977,6299.333093419037,6955.2
2,299.9,309.6,51.2,98,7.252053951852814,9.700000000000045,7559.928561598479,5017.6
0,298.8,309.9,39.1,45,7.301822342137932,11.099999999999966,6068.11187411483,1759.5
0,301.5,310.6,40.7,208,7.326465613840322,9.100000000000023,6474.120836689262,8465.6
0,300.2,309.4,21.4,44,7.591861714889934,9.199999999999989,4439.426466689784,941.5999999999999
2,298.5,309.3,50.3,124,7.259819610363186,10.800000000000011,7484.980632859338,6237.2
0,299.8,309.4,15.9,201,7.721791776817535,9.599999999999966,3756.3395040442438,3195.9
1,303.8,312.5,45.1,143,7.220373836723949,8.699999999999989,6451.4280657548325,6449.3
1,299.9,310.5,39.4,183,7.3632795869630385,10.600000000000023,6502.510362302201,7210.2
0,297.1,308.4,37.0,167,7.346655163176539,11.299999999999955,6005.677956112489,6179.0
0,302.0,310.9,53.1,212,7.229113877793302,8.899999999999977,7662.53297766472,11257.2
0,298.0,308.2,42.1,146,7.286191714702382,10.199999999999989,6432.29576649447,6146.6
1,301.2,311.0,41.4,131,7.261927092702751,9.800000000000011,6173.606555422375,5423.4
0,296.4,307.4,48.4,70,7.247080584585756,11.0,7111.01591535152,3388.0
0,299.1,309.8,55.4,217,7.243512974665482,10.699999999999989,8110.461258213553,12021.8
1,300.6,309.4,37.2,90,7.3277805384216315,8.799999999999955,5925.169408376493,3348.0000000000005
1,301.3,311.0,52.7,161,7.252053951852814,9.699999999999989,7781.410843676559,8484.7
1,304.2,313.5,41.3,161,7.334981878871814,9.300000000000011,6625.786458029064,6649.299999999999
0,300.8,310.6,42.2,225,7.256297239690681,9.800000000000011,6257.549911126294,9495.0
0,300.7,312.4,37.9,98,7.372118028337787,11.699999999999989,6310.517163265817,3714.2
0,300.6,309.4,44.1,76,7.292337176173877,8.799999999999955,6779.431282740631,3351.6
2,303.5,312.3,49.0,35,7.234898420314831,8.800000000000011,7111.937449196574,1715.0
2,299.9,311.2,35.8,175,7.310550158534422,11.300000000000011,5604.70601375931,6264.999999999999
1,299.0,309.4,37.3,70,7.3537223303996315,10.399999999999977,6097.339157768725,2611.0
1,297.1,308.4,33.4,204,7.370860166536716,11.299999999999955,5554.252035742658,6813.599999999999
0,298.7,309.6,46.7,198,7.315218389752975,10.900000000000034,7345.399671260343,9246.6
0,302.3,311.3,47.8,131,7.1891677384203225,9.0,6627.420086208931,6261.799999999999
2,297.9,308.9,39.6,45,7.256297239690681,11.0,5872.013660677755,1782.0
1,298.5,309.6,41.7,100,7.30854279753919,11.100000000000023,6515.2861724268005,4170.0
0,297.5,309.4,58.2,146,7.1846291527173145,11.899999999999977,8032.801087816813,8497.2
1,299.4,309.9,40.6,87,7.357556200910353,10.5,6662.291764663779,3532.2000000000003
0,298.8,308.6,29.4,95,7.427144133408616,9.800000000000011,5172.318144870235,2793.0
0,297.1,308.5,32.1,48,7.44600149832412,11.399999999999977,5754.895086551926,1540.8000000000002
0,297.2,308.7,39.3,66,7.31986492980897,11.5,6210.2689416897665,2593.7999999999997
1,297.7,308.5,35.2,127,7.352441100243583,10.800000000000011,5746.685057750546,4470.400000000001
0,297.0,307.9,31.6,147,7.400009517162692,10.899999999999977,5410.450868012342,4645.2
0,299.2,308.7,30.5,93,7.409136443920128,9.5,5270.021676396878,2836.5
0,303.5,312.4,70.6,94,7.158513997329321,8.899999999999977,9492.887689499204,6636.4
1,303.1,312.4,50.1,104,7.229113877793302,9.299999999999955,7229.621510000047,5210.400000000001
0,297.7,308.7,24.9,17,7.512071245835466,11.0,4769.157559635058,423.29999999999995
0,302.7,311.5,41.4,149,7.3098814858247865,8.800000000000011,6477.0844057591485,6168.599999999999
0,300.2,309.7,30.5,142,7.425953657077541,9.5,5359.452347269067,4331.0
0,301.6,310.6,19.7,12,7.651595573857601,9.0,4338.445206827897,236.39999999999998
0,298.4,309.3,35.4,208,7.341483852363161,10.900000000000034,5716.3163287658435,7363.2
0,298.2,309.3,43.8,142,7.212294468500341,11.100000000000023,6215.012746596688,6219.599999999999
2,298.8,309.2,54.5,50,7.175489713624222,10.399999999999977,7453.6380101520235,2725.0
1,302.5,310.4,53.6,194,7.280697195384741,7.899999999999977,8144.432346774371,10398.4
0,300.7,310.8,42.0,147,7.297091005160418,10.100000000000023,6487.388829662923,6174.0
0,301.2,311.0,29.1,195,7.474204806496124,9.800000000000011,5366.3743230824775,5674.5
0,300.5,311.9,28.3,207,7.467942332285852,11.399999999999977,5186.24587230115,5858.1
0,300.5,311.6,26.8,94,7.4645098346365275,11.100000000000023,4894.5175784888015,2519.2000000000003
0,299.2,308.4,32.6,142,7.365812837209472,9.199999999999989,5393.905146703436,4629.2
0,297.4,308.5,25.9,54,7.48605261786314,11.100000000000023,4833.214633841753,1398.6
1,303.7,312.7,42.7,194,7.334981878871814,9.0,6850.389388809712,8283.800000000001
1,301.6,310.6,30.1,40,7.433666540166168,9.0,5330.141287811076,1204.0
0,303.5,312.4,36.5,191,7.315883504509785,8.899999999999977,5744.873405986975,6971.5
1,298.1,308.8,48.2,62,7.2682230211595655,10.699999999999989,7233.056317967972,2988.4
0,300.2,311.5,38.5,69,7.310550158534422,11.300000000000011,6027.4073052998165,2656.5
1,299.8,310.0,37.1,169,7.2868764117507,10.199999999999989,5672.250255811492,6269.900000000001
1,298.9,309.3,30.7,65,7.366445148327599,10.400000000000034,5082.7513383163905,1995.5
0,302.6,310.2,62.4,92,7.189922170745808,7.599999999999966,8658.22935329347,5740.8
1,296.9,308.0,50.7,43,7.251344983372214,11.100000000000023,7480.791842654551,2180.1
1,298.6,310.1,33.0,15,7.3758821482150125,11.5,5515.380062642241,495.0
2,298.0,307.6,45.8,150,7.259116128097101,9.600000000000023,6810.553993962192,6870.0
1,297.3,308.6,53.0,160,7.266827347520591,11.300000000000011,7942.2603875403565,8480.0
0,299.7,309.2,38.8,199,7.2991214627108,9.5,6005.300964994057,7721.2
2,299.7,309.2,41.6,62,7.349230824613334,9.5,6769.755177367573,2579.2000000000003
1,299.9,309.1,43.8,188,7.322510433997394,9.200000000000045,6939.715339926781,8234.4
1,299.0,310.0,46.3,198,7.305860032684009,11.0,7214.604697115888,9167.4
0,298.7,308.5,35.2,159,7.3427791893318455,9.800000000000011,5691.393027047366,5596.8
0,298.0,308.2,48.2,7,7.213768308118642,10.199999999999989,6849.446911013634,337.40000000000003
2,296.4,307.5,35.1,75,7.3758821482150125,11.100000000000023,5866.358793901293,2632.5
0,299.7,309.6,53.4,166,7.186901020411631,9.900000000000034,7387.078133797968,8864.4
1,303.4,311.6,45.4,184,7.262628600974241,8.200000000000045,6774.844557466387,8353.6
0,300.7,309.5,49.9,0,7.2875606403097235,8.800000000000011,7634.478555268163,0.0
1,299.3,308.5,42.2,30,7.234898420314831,9.199999999999989,6124.974701144804,1266.0
0,301.5,310.5,44.2,129,7.282073658093465,9.0,6725.374945147862,5701.8
2,298.9,309.6,35.3,190,7.344072850573066,10.700000000000045,5714.954971949287,6706.999999999999
0,298.9,308.7,43.4,114,7.344072850573066,9.800000000000011,7026.318577410739,4947.599999999999
0,304.4,313.6,38.9,9,7.368970402194793,9.200000000000045,6456.653581535302,350.09999999999997
0,296.2,307.2,52.0,201,7.232010331664759,11.0,7525.580481919229,10452.0
1,300.4,311.4,56.2,122,7.212294468500341,11.0,7974.514072117213,6856.400000000001
0,297.4,308.8,41.2,126,7.338888133838879,11.400000000000034,6635.630115010314,5191.200000000001
0,300.9,310.4,34.2,45,7.337587743538596,9.5,5501.054400141872,1539.0000000000002
0,300.6,309.4,40.7,87,7.29641326877392,8.799999999999955,6282.326605187606,3540.9
0,299.0,310.2,30.7,244,7.43307534889858,11.199999999999989,5433.175054873308,7490.8
0,296.5,307.6,43.6,92,7.321849713788356,11.100000000000023,6903.461360704356,4011.2000000000003
0,300.5,310.4,26.5,12,7.474204806496124,9.899999999999977,4886.904452291603,318.0
2,298.2,309.0,56.8,107,7.215975002651466,10.800000000000011,8089.391643483478,6077.599999999999
1,298.6,308.2,44.0,43,7.305860032684009,9.599999999999966,6856.211807194364,1892.0
0,296.5,307.6,45.2,90,7.266827347520591,11.100000000000023,6773.399424845738,4068.0000000000005
1,302.3,311.7,37.6,124,7.325148957955575,9.399999999999977,5973.1310562212975,4662.400000000001
1,299.5,309.0,49.7,207,7.24422751560335,9.5,7281.195989396481,10287.900000000001
0,299.7,309.2,29.6,201,7.485491608030754,9.5,5520.574162496176,5949.6
0,302.7,310.5,41.8,10,7.20934025660291,7.800000000000011,5913.713067166402,418.0
0,298.0,309.9,47.7,43,7.247080584585756,11.899999999999977,7008.170643848503,2051.1
0,303.6,312.4,41.9,221,7.236339342754344,8.799999999999955,6090.207742445077,9259.9
0,301.0,310.7,34.5,127,7.454719949364001,9.699999999999989,6239.360089662009,4381.5
0,296.1,306.7,42.8,134,7.251344983372214,10.599999999999966,6315.145776442106,5735.2
0,302.7,311.1,39.5,146,7.273092595999522,8.400000000000034,5956.459671206248,5767.0
2,300.3,311.5,41.0,29,7.289610521451167,11.199999999999989,6285.698581302458,1189.0
0,301.7,311.2,42.4,113,7.325148957955575,9.5,6735.6584251006125,4791.2
0,298.7,309.7,46.8,4,7.288244401020124,11.0,7165.093196895313,187.2
